{
  "type": "FeatureCollection",
  "features": [
    {
      "type": "Feature",
      "geometry": {
        "type": "LineString",
        "coordinates": [
          [
            -71.1110201,
            42.3404692
          ],
          [
            -71.1103743,
            42.3403817
          ]
        ]
      },
      "properties": {
        "osm_id": 8647560,
        "name": "Longwood Avenue",
        "highway": "secondary",
        "bridge": "yes",
        "sidewalk": "",
        "foot": "",
        "bicycle": "yes",
        "tags": {
          "attribution": "Office of Geographic and Environmental Information (MassGIS)",
          "bicycle": "yes",
          "bridge": "yes",
          "condition": "fair",
          "highway": "secondary",
          "lanes": "2",
          "layer": "1",
          "massgis:way_id": "140466",
          "maxspeed": "30 mph",
          "name": "Longwood Avenue",
          "sidewalk:both": "separate",
          "source": "massgis_import_v0.1_20071008193615",
          "source:maxspeed": "massgis",
          "surface": "asphalt",
          "width": "18.0"
        }
      }
    },
    {
      "type": "Feature",
      "geometry": {
        "type": "LineString",
        "coordinates": [
          [
            -71.1065588,
            42.3516038
          ],
          [
            -71.1064936,
            42.3515979
          ],
          [
            -71.106501,
            42.3515595
          ]
        ]
      },
      "properties": {
        "osm_id": 8842570,
        "name": "",
        "highway": "steps",
        "bridge": "yes",
        "sidewalk": "",
        "foot": "",
        "bicycle": "",
        "tags": {
          "access": "yes",
          "attribution": "Office of Geographic and Environmental Information (MassGIS)",
          "bridge": "yes",
          "check_date:ramp": "2025-06-09",
          "covered": "no",
          "dog": "yes",
          "handrail": "yes",
          "highway": "steps",
          "incline": "up",
          "indoor": "no",
          "layer": "1",
          "lit": "yes",
          "ramp": "no",
          "step_count": "24",
          "stroller": "no",
          "surface": "concrete",
          "tactile_paving": "no",
          "wheelchair": "no",
          "width": "2"
        }
      }
    },
    {
      "type": "Feature",
      "geometry": {
        "type": "LineString",
        "coordinates": [
          [
            -71.0740201,
            42.3561801
          ],
          [
            -71.0739823,
            42.3561866
          ],
          [
            -71.0739437,
            42.3561907
          ],
          [
            -71.0739079,
            42.3561931
          ],
          [
            -71.0738704,
            42.3561955
          ],
          [
            -71.0738358,
            42.356196
          ],
          [
            -71.0738017,
            42.356195
          ],
          [
            -71.0737805,
            42.3561916
          ],
          [
            -71.0737674,
            42.3561828
          ],
          [
            -71.0737634,
            42.356177
          ],
          [
            -71.0737623,
            42.3561681
          ],
          [
            -71.0737646,
            42.3561615
          ]
        ]
      },
      "properties": {
        "osm_id": 8842602,
        "name": "Arthur Fiedler Footbridge",
        "highway": "cycleway",
        "bridge": "yes",
        "sidewalk": "",
        "foot": "designated",
        "bicycle": "dismount",
        "tags": {
          "attribution": "Office of Geographic and Environmental Information (MassGIS)",
          "bicycle": "dismount",
          "bridge": "yes",
          "covered": "yes",
          "dog": "yes",
          "foot": "designated",
          "highway": "cycleway",
          "horse": "no",
          "incline": "up",
          "layer": "1",
          "lit": "yes",
          "motor_vehicle": "no",
          "name": "Arthur Fiedler Footbridge",
          "oneway": "no",
          "segregated": "no",
          "smoothness": "good",
          "source": "massgis_import_v0.1_20071010205040",
          "stroller": "yes",
          "surface": "concrete",
          "width": "3.1"
        }
      }
    },
    {
      "type": "Feature",
      "geometry": {
        "type": "LineString",
        "coordinates": [
          [
            -71.0571304,
            42.3387133
          ],
          [
            -71.0571327,
            42.3389803
          ]
        ]
      },
      "properties": {
        "osm_id": 28640493,
        "name": "Dorchester Avenue",
        "highway": "primary",
        "bridge": "yes",
        "sidewalk": "",
        "foot": "",
        "bicycle": "yes",
        "tags": {
          "attribution": "Office of Geographic and Environmental Information (MassGIS)",
          "bicycle": "yes",
          "bridge": "yes",
          "condition": "fair",
          "cycleway:both": "shared_lane",
          "highway": "primary",
          "lanes": "4",
          "layer": "1",
          "massgis:ref": "0 N113",
          "massgis:way_id": "173970",
          "maxspeed": "30 mph",
          "name": "Dorchester Avenue",
          "sidewalk:both": "separate",
          "source": "massgis_import_v0.1_20071008193615",
          "surface": "asphalt",
          "width": "20.4"
        }
      }
    },
    {
      "type": "Feature",
      "geometry": {
        "type": "LineString",
        "coordinates": [
          [
            -71.0752024,
            42.3563962
          ],
          [
            -71.0750913,
            42.3563277
          ]
        ]
      },
      "properties": {
        "osm_id": 29328208,
        "name": "",
        "highway": "footway",
        "bridge": "yes",
        "sidewalk": "",
        "foot": "",
        "bicycle": "no",
        "tags": {
          "bicycle": "no",
          "bridge": "yes",
          "covered": "no",
          "cycleway": "no",
          "highway": "footway",
          "incline": "up",
          "layer": "1",
          "lit": "yes",
          "smoothness": "intermediate",
          "surface": "paving_stones",
          "width": "4"
        }
      }
    },
    {
      "type": "Feature",
      "geometry": {
        "type": "LineString",
        "coordinates": [
          [
            -71.0900202,
            42.3519349
          ],
          [
            -71.0900671,
            42.3520305
          ],
          [
            -71.0904087,
            42.3527269
          ],
          [
            -71.0908855,
            42.3536989
          ],
          [
            -71.0910032,
            42.3539388
          ],
          [
            -71.0915534,
            42.3550603
          ]
        ]
      },
      "properties": {
        "osm_id": 29328400,
        "name": "Massachusetts Avenue",
        "highway": "primary",
        "bridge": "yes",
        "sidewalk": "",
        "foot": "yes",
        "bicycle": "yes",
        "tags": {
          "attribution": "Office of Geographic and Environmental Information (MassGIS)",
          "bicycle": "yes",
          "bridge": "yes",
          "bridge:name": "Harvard Bridge",
          "condition": "fair",
          "covered": "no",
          "cycleway:left": "track",
          "cycleway:left:buffer": "yes",
          "cycleway:left:separation": "flex_post",
          "cycleway:right": "track",
          "cycleway:right:buffer": "yes",
          "cycleway:right:oneway": "yes",
          "cycleway:right:separation": "flex_post",
          "foot": "yes",
          "highway": "primary",
          "horse": "no",
          "incline": "0%",
          "lanes": "2",
          "lanes:backward": "1",
          "lanes:forward": "1",
          "layer": "1",
          "lit": "yes",
          "maxheight": "none",
          "maxspeed": "25 mph",
          "maxweight": "86.4",
          "name": "Massachusetts Avenue",
          "oneway": "no",
          "parking:both": "no",
          "ref": "MA 2A",
          "sidewalk:both": "separate",
          "source": "MASSGIS",
          "surface": "asphalt",
          "toll": "no",
          "width": "16.1",
          "wikidata": "Q1587840",
          "wikipedia": "en:Harvard Bridge"
        }
      }
    },
    {
      "type": "Feature",
      "geometry": {
        "type": "LineString",
        "coordinates": [
          [
            -71.0811215,
            42.3542741
          ],
          [
            -71.0811709,
            42.3543708
          ]
        ]
      },
      "properties": {
        "osm_id": 29380675,
        "name": "",
        "highway": "footway",
        "bridge": "yes",
        "sidewalk": "",
        "foot": "",
        "bicycle": "yes",
        "tags": {
          "bicycle": "yes",
          "bridge": "yes",
          "covered": "no",
          "dog": "yes",
          "highway": "footway",
          "horse": "no",
          "incline": "up",
          "lit": "yes",
          "motor_vehicle": "no",
          "oneway": "no",
          "smoothness": "intermediate",
          "stroller": "yes",
          "surface": "sett",
          "tactile_paving": "no",
          "wheelchair": "limited",
          "width": "4"
        }
      }
    },
    {
      "type": "Feature",
      "geometry": {
        "type": "LineString",
        "coordinates": [
          [
            -71.0886316,
            42.361135
          ],
          [
            -71.0886195,
            42.3610112
          ]
        ]
      },
      "properties": {
        "osm_id": 32526481,
        "name": "",
        "highway": "footway",
        "bridge": "yes",
        "sidewalk": "",
        "foot": "",
        "bicycle": "",
        "tags": {
          "bridge": "yes",
          "highway": "footway",
          "indoor": "yes",
          "layer": "1",
          "lit": "yes"
        }
      }
    },
    {
      "type": "Feature",
      "geometry": {
        "type": "LineString",
        "coordinates": [
          [
            -71.1065435,
            42.3513744
          ],
          [
            -71.1065616,
            42.3512829
          ]
        ]
      },
      "properties": {
        "osm_id": 32605520,
        "name": "",
        "highway": "steps",
        "bridge": "yes",
        "sidewalk": "",
        "foot": "",
        "bicycle": "",
        "tags": {
          "access": "yes",
          "bridge": "yes",
          "covered": "no",
          "handrail": "yes",
          "highway": "steps",
          "incline": "down",
          "indoor": "no",
          "lit": "yes",
          "ramp": "no",
          "step_count": "18",
          "stroller": "no",
          "surface": "concrete",
          "tactile_paving": "no",
          "wheelchair": "no",
          "width": "2"
        }
      }
    },
    {
      "type": "Feature",
      "geometry": {
        "type": "LineString",
        "coordinates": [
          [
            -71.0845109,
            42.3531249
          ],
          [
            -71.0848247,
            42.3530411
          ]
        ]
      },
      "properties": {
        "osm_id": 33608534,
        "name": "Gloucester Street Overpass",
        "highway": "cycleway",
        "bridge": "yes",
        "sidewalk": "",
        "foot": "designated",
        "bicycle": "dismount",
        "tags": {
          "attribution": "Office of Geographic and Environmental Information (MassGIS)",
          "bicycle": "dismount",
          "bridge": "yes",
          "covered": "no",
          "dog": "yes",
          "foot": "designated",
          "highway": "cycleway",
          "incline": "up",
          "layer": "1",
          "lit": "yes",
          "motor_vehicle": "no",
          "name": "Gloucester Street Overpass",
          "segregated": "no",
          "source": "massgis_import_v0.1_20071010205040",
          "stroller": "yes",
          "surface": "concrete"
        }
      }
    },
    {
      "type": "Feature",
      "geometry": {
        "type": "LineString",
        "coordinates": [
          [
            -71.119415,
            42.3675065
          ],
          [
            -71.1192636,
            42.3674198
          ]
        ]
      },
      "properties": {
        "osm_id": 33726986,
        "name": "",
        "highway": "steps",
        "bridge": "yes",
        "sidewalk": "",
        "foot": "",
        "bicycle": "",
        "tags": {
          "bridge": "yes",
          "handrail": "yes",
          "highway": "steps",
          "incline": "up",
          "ramp": "no",
          "step_count": "21",
          "surface": "concrete",
          "tactile_paving": "no"
        }
      }
    },
    {
      "type": "Feature",
      "geometry": {
        "type": "LineString",
        "coordinates": [
          [
            -71.1192636,
            42.3674198
          ],
          [
            -71.1192277,
            42.3674538
          ]
        ]
      },
      "properties": {
        "osm_id": 33726988,
        "name": "",
        "highway": "steps",
        "bridge": "yes",
        "sidewalk": "",
        "foot": "",
        "bicycle": "",
        "tags": {
          "bridge": "yes",
          "handrail": "yes",
          "highway": "steps",
          "incline": "up",
          "ramp": "no",
          "step_count": "3",
          "surface": "concrete",
          "tactile_paving": "no"
        }
      }
    },
    {
      "type": "Feature",
      "geometry": {
        "type": "LineString",
        "coordinates": [
          [
            -71.1188826,
            42.3677804
          ],
          [
            -71.1190026,
            42.3676668
          ]
        ]
      },
      "properties": {
        "osm_id": 33726990,
        "name": "",
        "highway": "steps",
        "bridge": "yes",
        "sidewalk": "",
        "foot": "",
        "bicycle": "",
        "tags": {
          "bridge": "yes",
          "handrail": "yes",
          "highway": "steps",
          "incline": "down",
          "layer": "1",
          "ramp": "no",
          "step_count": "27",
          "surface": "concrete",
          "tactile_paving": "no"
        }
      }
    },
    {
      "type": "Feature",
      "geometry": {
        "type": "LineString",
        "coordinates": [
          [
            -71.1185501,
            42.3680971
          ],
          [
            -71.1177282,
            42.3688631
          ]
        ]
      },
      "properties": {
        "osm_id": 33727088,
        "name": "Weeks Footbridge",
        "highway": "footway",
        "bridge": "yes",
        "sidewalk": "",
        "foot": "designated",
        "bicycle": "yes",
        "tags": {
          "attribution": "Office of Geographic and Environmental Information (MassGIS)",
          "bicycle": "yes",
          "bridge": "yes",
          "foot": "designated",
          "highway": "footway",
          "layer": "1",
          "lit": "yes",
          "name": "Weeks Footbridge",
          "smoothness": "good",
          "source": "massgis_import_v0.1_20071010205040",
          "surface": "concrete",
          "wheelchair": "yes",
          "width": "6",
          "wikidata": "Q14629066",
          "wikipedia": "en:John W. Weeks Bridge"
        }
      }
    },
    {
      "type": "Feature",
      "geometry": {
        "type": "LineString",
        "coordinates": [
          [
            -71.0940509,
            42.3411498
          ],
          [
            -71.0939171,
            42.3410604
          ]
        ]
      },
      "properties": {
        "osm_id": 35600261,
        "name": "",
        "highway": "footway",
        "bridge": "yes",
        "sidewalk": "",
        "foot": "",
        "bicycle": "",
        "tags": {
          "bridge": "yes",
          "highway": "footway",
          "surface": "concrete"
        }
      }
    },
    {
      "type": "Feature",
      "geometry": {
        "type": "LineString",
        "coordinates": [
          [
            -71.1067669,
            42.3491451
          ],
          [
            -71.1068598,
            42.3487179
          ],
          [
            -71.1068652,
            42.348693
          ],
          [
            -71.1068683,
            42.3486789
          ]
        ]
      },
      "properties": {
        "osm_id": 43100845,
        "name": "Saint Mary's Street",
        "highway": "tertiary",
        "bridge": "yes",
        "sidewalk": "",
        "foot": "",
        "bicycle": "yes",
        "tags": {
          "attribution": "Office of Geographic and Environmental Information (MassGIS)",
          "bicycle": "yes",
          "bridge": "yes",
          "condition": "fair",
          "cycleway:both": "no",
          "highway": "tertiary",
          "lanes": "1",
          "layer": "1",
          "massgis:way_id": "168944",
          "maxspeed": "20 mph",
          "maxweight:signed": "no",
          "name": "Saint Mary's Street",
          "oneway": "yes",
          "parking:both": "no",
          "rcn_ref": "1",
          "sidewalk:both": "separate",
          "source": "massgis_import_v0.1_20071009101959;massgis_import_v0.1_20071008193615",
          "surface": "concrete",
          "width": "12.2"
        }
      }
    },
    {
      "type": "Feature",
      "geometry": {
        "type": "LineString",
        "coordinates": [
          [
            -71.0935529,
            42.3606016
          ],
          [
            -71.0936565,
            42.3605671
          ]
        ]
      },
      "properties": {
        "osm_id": 43250281,
        "name": "",
        "highway": "footway",
        "bridge": "yes",
        "sidewalk": "",
        "foot": "",
        "bicycle": "",
        "tags": {
          "bridge": "yes",
          "highway": "footway",
          "layer": "1",
          "lit": "yes",
          "surface": "paving_stones"
        }
      }
    },
    {
      "type": "Feature",
      "geometry": {
        "type": "LineString",
        "coordinates": [
          [
            -71.0902743,
            42.3606849
          ],
          [
            -71.0904317,
            42.3608397
          ]
        ]
      },
      "properties": {
        "osm_id": 43359507,
        "name": "",
        "highway": "footway",
        "bridge": "yes",
        "sidewalk": "",
        "foot": "permissive",
        "bicycle": "",
        "tags": {
          "access": "permissive",
          "bridge": "yes",
          "foot": "permissive",
          "highway": "footway",
          "lit": "yes",
          "surface": "metal"
        }
      }
    },
    {
      "type": "Feature",
      "geometry": {
        "type": "LineString",
        "coordinates": [
          [
            -71.0700871,
            42.3646352
          ],
          [
            -71.0695501,
            42.3644905
          ]
        ]
      },
      "properties": {
        "osm_id": 44247637,
        "name": "",
        "highway": "footway",
        "bridge": "yes",
        "sidewalk": "",
        "foot": "yes",
        "bicycle": "dismount",
        "tags": {
          "bicycle": "dismount",
          "bridge": "yes",
          "covered": "no",
          "cycleway": "track",
          "dog": "leashed",
          "foot": "yes",
          "highway": "footway",
          "incline": "0%",
          "layer": "1",
          "lit": "yes",
          "motor_vehicle": "no",
          "stroller": "yes",
          "surface": "concrete",
          "wheelchair": "yes",
          "width": "2"
        }
      }
    },
    {
      "type": "Feature",
      "geometry": {
        "type": "LineString",
        "coordinates": [
          [
            -71.0695501,
            42.3644905
          ],
          [
            -71.0694452,
            42.3646986
          ]
        ]
      },
      "properties": {
        "osm_id": 44247659,
        "name": "",
        "highway": "footway",
        "bridge": "yes",
        "sidewalk": "",
        "foot": "yes",
        "bicycle": "dismount",
        "tags": {
          "bicycle": "dismount",
          "bridge": "yes",
          "covered": "no",
          "cycleway": "track",
          "dog": "leashed",
          "foot": "yes",
          "highway": "footway",
          "incline": "down",
          "layer": "1",
          "lit": "yes",
          "motor_vehicle": "no",
          "stroller": "yes",
          "surface": "concrete",
          "wheelchair": "yes",
          "width": "2"
        }
      }
    },
    {
      "type": "Feature",
      "geometry": {
        "type": "LineString",
        "coordinates": [
          [
            -71.1082688,
            42.3417951
          ],
          [
            -71.1084868,
            42.3419531
          ]
        ]
      },
      "properties": {
        "osm_id": 48920379,
        "name": "",
        "highway": "cycleway",
        "bridge": "yes",
        "sidewalk": "",
        "foot": "designated",
        "bicycle": "designated",
        "tags": {
          "bicycle": "designated",
          "bridge": "yes",
          "foot": "designated",
          "highway": "cycleway",
          "segregated": "no",
          "surface": "asphalt"
        }
      }
    },
    {
      "type": "Feature",
      "geometry": {
        "type": "LineString",
        "coordinates": [
          [
            -71.0417703,
            42.3497706
          ],
          [
            -71.0415413,
            42.3500795
          ]
        ]
      },
      "properties": {
        "osm_id": 48983691,
        "name": "Commonwealth Pier",
        "highway": "pedestrian",
        "bridge": "viaduct",
        "sidewalk": "",
        "foot": "",
        "bicycle": "",
        "tags": {
          "attribution": "Office of Geographic and Environmental Information (MassGIS)",
          "bridge": "viaduct",
          "condition": "fair",
          "highway": "pedestrian",
          "layer": "1",
          "massgis:way_id": "173105",
          "name": "Commonwealth Pier",
          "source": "massgis_import_v0.1_20071008193615",
          "surface": "asphalt",
          "width": "18.3"
        }
      }
    },
    {
      "type": "Feature",
      "geometry": {
        "type": "LineString",
        "coordinates": [
          [
            -71.10071,
            42.3511006
          ],
          [
            -71.1004661,
            42.3510826
          ],
          [
            -71.1004697,
            42.3510578
          ],
          [
            -71.1006491,
            42.3510726
          ]
        ]
      },
      "properties": {
        "osm_id": 68310073,
        "name": "Silber Way",
        "highway": "cycleway",
        "bridge": "yes",
        "sidewalk": "",
        "foot": "designated",
        "bicycle": "dismount",
        "tags": {
          "bicycle": "dismount",
          "bridge": "yes",
          "covered": "no",
          "dog": "leashed",
          "foot": "designated",
          "highway": "cycleway",
          "horse": "no",
          "incline": "up",
          "layer": "1",
          "lit": "yes",
          "motor_vehicle": "no",
          "name": "Silber Way",
          "oneway": "no",
          "rcn_ref": "1",
          "segregated": "no",
          "surface": "concrete",
          "width": "3"
        }
      }
    },
    {
      "type": "Feature",
      "geometry": {
        "type": "LineString",
        "coordinates": [
          [
            -71.0901064,
            42.3652351
          ],
          [
            -71.0904367,
            42.3650167
          ]
        ]
      },
      "properties": {
        "osm_id": 84967444,
        "name": "",
        "highway": "footway",
        "bridge": "covered",
        "sidewalk": "",
        "foot": "",
        "bicycle": "",
        "tags": {
          "bridge": "covered",
          "covered": "yes",
          "highway": "footway",
          "incline": "0%",
          "indoor": "yes",
          "layer": "1",
          "level": "3"
        }
      }
    },
    {
      "type": "Feature",
      "geometry": {
        "type": "LineString",
        "coordinates": [
          [
            -71.08759,
            42.3646195
          ],
          [
            -71.0874525,
            42.3647777
          ]
        ]
      },
      "properties": {
        "osm_id": 84967445,
        "name": "",
        "highway": "footway",
        "bridge": "yes",
        "sidewalk": "",
        "foot": "",
        "bicycle": "",
        "tags": {
          "bridge": "yes",
          "highway": "footway",
          "layer": "1"
        }
      }
    },
    {
      "type": "Feature",
      "geometry": {
        "type": "LineString",
        "coordinates": [
          [
            -71.0579107,
            42.3457402
          ],
          [
            -71.0581264,
            42.3454192
          ],
          [
            -71.0581058,
            42.3453223
          ]
        ]
      },
      "properties": {
        "osm_id": 85310739,
        "name": "",
        "highway": "cycleway",
        "bridge": "yes",
        "sidewalk": "",
        "foot": "designated",
        "bicycle": "designated",
        "tags": {
          "bicycle": "designated",
          "bridge": "yes",
          "foot": "designated",
          "highway": "cycleway",
          "layer": "1",
          "segregated": "no",
          "surface": "concrete"
        }
      }
    },
    {
      "type": "Feature",
      "geometry": {
        "type": "LineString",
        "coordinates": [
          [
            -71.0572605,
            42.3454977
          ],
          [
            -71.0569183,
            42.3459916
          ]
        ]
      },
      "properties": {
        "osm_id": 85310748,
        "name": "Boston Harborwalk",
        "highway": "cycleway",
        "bridge": "yes",
        "sidewalk": "",
        "foot": "designated",
        "bicycle": "designated",
        "tags": {
          "bicycle": "designated",
          "bridge": "yes",
          "foot": "designated",
          "highway": "cycleway",
          "layer": "1",
          "name": "Boston Harborwalk",
          "segregated": "no",
          "surface": "concrete"
        }
      }
    },
    {
      "type": "Feature",
      "geometry": {
        "type": "LineString",
        "coordinates": [
          [
            -71.0512742,
            42.3546398
          ],
          [
            -71.0511372,
            42.3545257
          ],
          [
            -71.0510517,
            42.354461
          ],
          [
            -71.0509682,
            42.3544075
          ],
          [
            -71.0508956,
            42.3543639
          ],
          [
            -71.0508688,
            42.3543475
          ]
        ]
      },
      "properties": {
        "osm_id": 85890979,
        "name": "Seaport Boulevard",
        "highway": "primary",
        "bridge": "yes",
        "sidewalk": "",
        "foot": "",
        "bicycle": "yes",
        "tags": {
          "attribution": "Office of Geographic and Environmental Information (MassGIS)",
          "bicycle": "yes",
          "bridge": "yes",
          "condition": "good",
          "cycleway:left": "shared_lane",
          "cycleway:left:buffer": "no",
          "highway": "primary",
          "lanes": "5",
          "lanes:backward": "3",
          "lanes:forward": "2",
          "layer": "1",
          "massgis:ref": "0 N380",
          "massgis:way_id": "154466",
          "maxspeed": "25 mph",
          "name": "Seaport Boulevard",
          "sidewalk:both": "separate",
          "source": "massgis_import_v0.1_20071008193615",
          "surface": "asphalt",
          "turn:lanes:backward": "through;right|slight_right;right|right",
          "width": "24.4"
        }
      }
    },
    {
      "type": "Feature",
      "geometry": {
        "type": "LineString",
        "coordinates": [
          [
            -71.0920218,
            42.3475221
          ],
          [
            -71.091771,
            42.3475215
          ]
        ]
      },
      "properties": {
        "osm_id": 86479043,
        "name": "Ipswich Street",
        "highway": "unclassified",
        "bridge": "yes",
        "sidewalk": "",
        "foot": "",
        "bicycle": "yes",
        "tags": {
          "attribution": "Office of Geographic and Environmental Information (MassGIS)",
          "bicycle": "yes",
          "bridge": "yes",
          "condition": "fair",
          "cycleway": "shared_lane",
          "highway": "unclassified",
          "lanes": "2",
          "layer": "1",
          "massgis:way_id": "177569",
          "maxspeed": "25 mph",
          "name": "Ipswich Street",
          "sidewalk:right": "separate",
          "source": "massgis_import_v0.1_20071008193615",
          "surface": "asphalt",
          "width": "24.4"
        }
      }
    },
    {
      "type": "Feature",
      "geometry": {
        "type": "LineString",
        "coordinates": [
          [
            -71.1045096,
            42.3453189
          ],
          [
            -71.1044094,
            42.3451239
          ],
          [
            -71.1043895,
            42.3450854
          ]
        ]
      },
      "properties": {
        "osm_id": 86485220,
        "name": "Park Drive",
        "highway": "trunk",
        "bridge": "yes",
        "sidewalk": "",
        "foot": "",
        "bicycle": "yes",
        "tags": {
          "attribution": "Office of Geographic and Environmental Information (MassGIS)",
          "bicycle": "yes",
          "bridge": "yes",
          "condition": "fair",
          "cycleway:both": "no",
          "highway": "trunk",
          "lanes": "2",
          "layer": "1",
          "massgis:way_id": "113421",
          "maxspeed": "30 mph",
          "maxweight:signed": "no",
          "name": "Park Drive",
          "oneway": "yes",
          "parking:both": "no",
          "rcn_ref": "1",
          "sidewalk:left": "no",
          "sidewalk:right": "separate",
          "source": "massgis_import_v0.1_20071008193615",
          "surface": "asphalt",
          "width": "24.4"
        }
      }
    },
    {
      "type": "Feature",
      "geometry": {
        "type": "LineString",
        "coordinates": [
          [
            -71.1042835,
            42.3451446
          ],
          [
            -71.1044035,
            42.3453771
          ]
        ]
      },
      "properties": {
        "osm_id": 86485221,
        "name": "Park Drive",
        "highway": "trunk",
        "bridge": "yes",
        "sidewalk": "",
        "foot": "",
        "bicycle": "yes",
        "tags": {
          "attribution": "Office of Geographic and Environmental Information (MassGIS)",
          "bicycle": "yes",
          "bridge": "yes",
          "condition": "fair",
          "highway": "trunk",
          "lanes": "2",
          "layer": "1",
          "massgis:ref": "0 N405",
          "massgis:way_id": "208641",
          "maxspeed": "30 mph",
          "maxweight:signed": "no",
          "name": "Park Drive",
          "oneway": "yes",
          "parking:both": "no",
          "rcn_ref": "1",
          "sidewalk:left": "no",
          "sidewalk:right": "separate",
          "source": "massgis_import_v0.1_20071008193615",
          "source:maxspeed": "massgis",
          "surface": "asphalt",
          "width": "21.6"
        }
      }
    },
    {
      "type": "Feature",
      "geometry": {
        "type": "LineString",
        "coordinates": [
          [
            -71.064527,
            42.3467425
          ],
          [
            -71.0644576,
            42.346988
          ]
        ]
      },
      "properties": {
        "osm_id": 87109173,
        "name": "Washington Street",
        "highway": "primary",
        "bridge": "yes",
        "sidewalk": "",
        "foot": "",
        "bicycle": "yes",
        "tags": {
          "attribution": "Office of Geographic and Environmental Information (MassGIS)",
          "bicycle": "yes",
          "bridge": "yes",
          "busway": "lane",
          "condition": "fair",
          "cycleway": "no",
          "highway": "primary",
          "lanes": "2",
          "layer": "1",
          "lit": "yes",
          "massgis:ref": "0 N112",
          "massgis:way_id": "132066",
          "maxspeed": "25 mph",
          "name": "Washington Street",
          "oneway": "yes",
          "oneway:bus": "no",
          "sidewalk:both": "separate",
          "source": "massgis_import_v0.1_20071008193615",
          "surface": "asphalt",
          "width": "16.8"
        }
      }
    },
    {
      "type": "Feature",
      "geometry": {
        "type": "LineString",
        "coordinates": [
          [
            -71.0961659,
            42.3404698
          ],
          [
            -71.0961771,
            42.3403359
          ]
        ]
      },
      "properties": {
        "osm_id": 87890606,
        "name": "",
        "highway": "footway",
        "bridge": "yes",
        "sidewalk": "",
        "foot": "designated",
        "bicycle": "permissive",
        "tags": {
          "access": "unknown",
          "bicycle": "permissive",
          "bridge": "yes",
          "foot": "designated",
          "highway": "footway",
          "surface": "concrete"
        }
      }
    },
    {
      "type": "Feature",
      "geometry": {
        "type": "LineString",
        "coordinates": [
          [
            -71.0848563,
            42.3404318
          ],
          [
            -71.0848211,
            42.340408
          ],
          [
            -71.0847858,
            42.3403842
          ],
          [
            -71.0847467,
            42.3403578
          ],
          [
            -71.084583,
            42.3402473
          ]
        ]
      },
      "properties": {
        "osm_id": 89183475,
        "name": "",
        "highway": "footway",
        "bridge": "yes",
        "sidewalk": "",
        "foot": "",
        "bicycle": "designated",
        "tags": {
          "bicycle": "designated",
          "bridge": "yes",
          "highway": "footway",
          "layer": "1",
          "surface": "concrete",
          "width": "2.5"
        }
      }
    },
    {
      "type": "Feature",
      "geometry": {
        "type": "LineString",
        "coordinates": [
          [
            -71.0865088,
            42.3385719
          ],
          [
            -71.0865561,
            42.3385883
          ],
          [
            -71.0865778,
            42.3386027
          ],
          [
            -71.0868293,
            42.3387721
          ]
        ]
      },
      "properties": {
        "osm_id": 89534010,
        "name": "",
        "highway": "footway",
        "bridge": "yes",
        "sidewalk": "",
        "foot": "",
        "bicycle": "permissive",
        "tags": {
          "bicycle": "permissive",
          "bridge": "yes",
          "highway": "footway",
          "layer": "1",
          "width": "2.5"
        }
      }
    },
    {
      "type": "Feature",
      "geometry": {
        "type": "LineString",
        "coordinates": [
          [
            -71.0865778,
            42.3386027
          ],
          [
            -71.0868802,
            42.338355
          ]
        ]
      },
      "properties": {
        "osm_id": 89534012,
        "name": "",
        "highway": "footway",
        "bridge": "yes",
        "sidewalk": "",
        "foot": "",
        "bicycle": "permissive",
        "tags": {
          "bicycle": "permissive",
          "bridge": "yes",
          "highway": "footway",
          "incline": "down",
          "layer": "1",
          "ramp": "yes",
          "width": "2.5"
        }
      }
    },
    {
      "type": "Feature",
      "geometry": {
        "type": "LineString",
        "coordinates": [
          [
            -71.0736513,
            42.3685233
          ],
          [
            -71.0738872,
            42.3683002
          ],
          [
            -71.074016,
            42.3681757
          ]
        ]
      },
      "properties": {
        "osm_id": 89783367,
        "name": "Dr. Paul Dudley White Path",
        "highway": "cycleway",
        "bridge": "yes",
        "sidewalk": "",
        "foot": "designated",
        "bicycle": "designated",
        "tags": {
          "bicycle": "designated",
          "bridge": "yes",
          "foot": "designated",
          "highway": "cycleway",
          "layer": "1",
          "lit": "yes",
          "name": "Dr. Paul Dudley White Path",
          "name:etymology:wikidata": "Q366363",
          "segregated": "no",
          "source": "Doug Mink <dmink@massbike.org>",
          "surface": "concrete"
        }
      }
    },
    {
      "type": "Feature",
      "geometry": {
        "type": "LineString",
        "coordinates": [
          [
            -71.084314,
            42.3767997
          ],
          [
            -71.0830447,
            42.3754487
          ],
          [
            -71.0830236,
            42.375426
          ],
          [
            -71.0830022,
            42.3754026
          ],
          [
            -71.0829854,
            42.3753835
          ],
          [
            -71.0829622,
            42.3753561
          ],
          [
            -71.0829381,
            42.3753271
          ],
          [
            -71.082923,
            42.3753084
          ],
          [
            -71.0829076,
            42.375291
          ],
          [
            -71.0828883,
            42.3752701
          ],
          [
            -71.0828699,
            42.3752505
          ],
          [
            -71.0828466,
            42.375228
          ],
          [
            -71.0827256,
            42.3751135
          ],
          [
            -71.0825227,
            42.3749198
          ],
          [
            -71.0825013,
            42.3748999
          ],
          [
            -71.0824793,
            42.3748799
          ],
          [
            -71.0824583,
            42.3748617
          ],
          [
            -71.0824288,
            42.3748375
          ],
          [
            -71.0823975,
            42.3748131
          ],
          [
            -71.082365,
            42.3747906
          ],
          [
            -71.0823293,
            42.374769
          ],
          [
            -71.082289,
            42.3747484
          ],
          [
            -71.0822373,
            42.3747237
          ],
          [
            -71.0822012,
            42.3747049
          ],
          [
            -71.0821714,
            42.374688
          ],
          [
            -71.0821414,
            42.3746701
          ],
          [
            -71.0813929,
            42.374191
          ],
          [
            -71.0812634,
            42.3741088
          ],
          [
            -71.0812409,
            42.3740949
          ],
          [
            -71.0812218,
            42.3740833
          ],
          [
            -71.0812046,
            42.3740736
          ],
          [
            -71.081184,
            42.3740631
          ],
          [
            -71.081167,
            42.3740548
          ]
        ]
      },
      "properties": {
        "osm_id": 93401921,
        "name": "Somerville Community Path",
        "highway": "cycleway",
        "bridge": "yes",
        "sidewalk": "",
        "foot": "designated",
        "bicycle": "designated",
        "tags": {
          "attribution": "Office of Geographic and Environmental Information (MassGIS)",
          "bicycle": "designated",
          "bridge": "yes",
          "foot": "designated",
          "highway": "cycleway",
          "incline": "yes",
          "layer": "3",
          "lit": "yes",
          "name": "Somerville Community Path",
          "oneway": "no",
          "segregated": "no",
          "smoothness": "excellent",
          "source": "massgis_import_v0.1_20071010205040",
          "start_date": "2023-06-10",
          "surface": "concrete",
          "website": "http://pathfriends.org/",
          "wheelchair": "yes",
          "width": "3"
        }
      }
    },
    {
      "type": "Feature",
      "geometry": {
        "type": "LineString",
        "coordinates": [
          [
            -71.0684886,
            42.3745436
          ],
          [
            -71.0678904,
            42.3747498
          ],
          [
            -71.0677317,
            42.3748023
          ]
        ]
      },
      "properties": {
        "osm_id": 94668922,
        "name": "",
        "highway": "footway",
        "bridge": "yes",
        "sidewalk": "",
        "foot": "",
        "bicycle": "",
        "tags": {
          "bridge": "yes",
          "highway": "footway",
          "layer": "1",
          "lit": "yes",
          "surface": "concrete"
        }
      }
    },
    {
      "type": "Feature",
      "geometry": {
        "type": "LineString",
        "coordinates": [
          [
            -71.0692826,
            42.368789
          ],
          [
            -71.069197,
            42.3687022
          ]
        ]
      },
      "properties": {
        "osm_id": 95541860,
        "name": "",
        "highway": "footway",
        "bridge": "yes",
        "sidewalk": "",
        "foot": "yes",
        "bicycle": "yes",
        "tags": {
          "bicycle": "yes",
          "bridge": "yes",
          "foot": "yes",
          "footway": "sidewalk",
          "highway": "footway",
          "layer": "1",
          "smoothness": "excellent",
          "surface": "paving_stones"
        }
      }
    },
    {
      "type": "Feature",
      "geometry": {
        "type": "LineString",
        "coordinates": [
          [
            -71.0670692,
            42.3694125
          ],
          [
            -71.0671277,
            42.3693024
          ]
        ]
      },
      "properties": {
        "osm_id": 95541863,
        "name": "",
        "highway": "footway",
        "bridge": "yes",
        "sidewalk": "",
        "foot": "yes",
        "bicycle": "yes",
        "tags": {
          "bicycle": "yes",
          "bridge": "yes",
          "foot": "yes",
          "footway": "sidewalk",
          "highway": "footway",
          "layer": "1",
          "surface": "concrete"
        }
      }
    },
    {
      "type": "Feature",
      "geometry": {
        "type": "LineString",
        "coordinates": [
          [
            -71.0684328,
            42.3686359
          ],
          [
            -71.0685772,
            42.3685844
          ]
        ]
      },
      "properties": {
        "osm_id": 95541881,
        "name": "",
        "highway": "footway",
        "bridge": "yes",
        "sidewalk": "",
        "foot": "yes",
        "bicycle": "yes",
        "tags": {
          "bicycle": "yes",
          "bridge": "yes",
          "foot": "yes",
          "footway": "sidewalk",
          "highway": "footway",
          "layer": "1",
          "surface": "concrete"
        }
      }
    },
    {
      "type": "Feature",
      "geometry": {
        "type": "LineString",
        "coordinates": [
          [
            -71.0684441,
            42.3691999
          ],
          [
            -71.0683179,
            42.3691303
          ]
        ]
      },
      "properties": {
        "osm_id": 95541885,
        "name": "",
        "highway": "footway",
        "bridge": "yes",
        "sidewalk": "",
        "foot": "yes",
        "bicycle": "yes",
        "tags": {
          "bicycle": "yes",
          "bridge": "yes",
          "foot": "yes",
          "footway": "sidewalk",
          "highway": "footway",
          "layer": "1"
        }
      }
    },
    {
      "type": "Feature",
      "geometry": {
        "type": "LineString",
        "coordinates": [
          [
            -71.0663763,
            42.3693481
          ],
          [
            -71.0665228,
            42.3693369
          ]
        ]
      },
      "properties": {
        "osm_id": 95541902,
        "name": "",
        "highway": "cycleway",
        "bridge": "yes",
        "sidewalk": "",
        "foot": "designated",
        "bicycle": "designated",
        "tags": {
          "attribution": "Office of Geographic and Environmental Information (MassGIS)",
          "bicycle": "designated",
          "bridge": "yes",
          "foot": "designated",
          "handrail": "yes",
          "highway": "cycleway",
          "segregated": "no",
          "source": "massgis_import_v0.1_20071010205040",
          "surface": "asphalt",
          "website": "http://pathfriends.org/"
        }
      }
    },
    {
      "type": "Feature",
      "geometry": {
        "type": "LineString",
        "coordinates": [
          [
            -71.0729352,
            42.3557279
          ],
          [
            -71.0729432,
            42.3557277
          ],
          [
            -71.0729503,
            42.3557306
          ],
          [
            -71.0729579,
            42.3557385
          ],
          [
            -71.0729695,
            42.3557562
          ],
          [
            -71.0729803,
            42.3557724
          ],
          [
            -71.0729948,
            42.3557917
          ],
          [
            -71.0730139,
            42.3558153
          ],
          [
            -71.0730181,
            42.3558203
          ],
          [
            -71.0730344,
            42.3558398
          ],
          [
            -71.0730536,
            42.3558614
          ],
          [
            -71.0730649,
            42.3558766
          ],
          [
            -71.0730664,
            42.3558908
          ]
        ]
      },
      "properties": {
        "osm_id": 97836633,
        "name": "Arthur Fiedler Footbridge",
        "highway": "cycleway",
        "bridge": "yes",
        "sidewalk": "",
        "foot": "designated",
        "bicycle": "dismount",
        "tags": {
          "attribution": "Office of Geographic and Environmental Information (MassGIS)",
          "bicycle": "dismount",
          "bridge": "yes",
          "covered": "no",
          "foot": "designated",
          "highway": "cycleway",
          "horse": "no",
          "incline": "down",
          "layer": "1",
          "lit": "yes",
          "motor_vehicle": "no",
          "name": "Arthur Fiedler Footbridge",
          "oneway": "no",
          "segregated": "no",
          "smoothness": "good",
          "source": "massgis_import_v0.1_20071010205040",
          "surface": "concrete",
          "width": "3.1"
        }
      }
    },
    {
      "type": "Feature",
      "geometry": {
        "type": "LineString",
        "coordinates": [
          [
            -71.0740204,
            42.3561425
          ],
          [
            -71.0740199,
            42.3561509
          ],
          [
            -71.0740135,
            42.3561571
          ],
          [
            -71.074003,
            42.3561606
          ],
          [
            -71.0739891,
            42.3561636
          ],
          [
            -71.0739496,
            42.3561693
          ],
          [
            -71.0739049,
            42.3561733
          ],
          [
            -71.0738551,
            42.3561769
          ],
          [
            -71.0738098,
            42.3561783
          ],
          [
            -71.073768,
            42.3561778
          ],
          [
            -71.0737248,
            42.3561762
          ],
          [
            -71.0736699,
            42.3561723
          ],
          [
            -71.0736201,
            42.3561672
          ],
          [
            -71.07358,
            42.3561607
          ],
          [
            -71.0735686,
            42.3561588
          ],
          [
            -71.073518,
            42.3561487
          ],
          [
            -71.0734738,
            42.3561371
          ],
          [
            -71.0734201,
            42.3561205
          ],
          [
            -71.0733648,
            42.3561011
          ],
          [
            -71.0733096,
            42.356078
          ],
          [
            -71.0732521,
            42.3560508
          ],
          [
            -71.0732025,
            42.3560229
          ],
          [
            -71.0731526,
            42.3559923
          ],
          [
            -71.0731024,
            42.3559537
          ],
          [
            -71.0730666,
            42.3559218
          ],
          [
            -71.073032,
            42.3558875
          ],
          [
            -71.0730017,
            42.3558538
          ],
          [
            -71.0729757,
            42.3558221
          ],
          [
            -71.0729523,
            42.3557905
          ],
          [
            -71.0729305,
            42.3557565
          ],
          [
            -71.0729253,
            42.3557462
          ],
          [
            -71.0729245,
            42.3557382
          ],
          [
            -71.0729274,
            42.3557316
          ],
          [
            -71.0729352,
            42.3557279
          ]
        ]
      },
      "properties": {
        "osm_id": 98384166,
        "name": "Arthur Fiedler Footbridge",
        "highway": "cycleway",
        "bridge": "yes",
        "sidewalk": "",
        "foot": "designated",
        "bicycle": "dismount",
        "tags": {
          "attribution": "Office of Geographic and Environmental Information (MassGIS)",
          "bicycle": "dismount",
          "bridge": "yes",
          "covered": "no",
          "dog": "yes",
          "foot": "designated",
          "highway": "cycleway",
          "horse": "no",
          "incline": "0%",
          "layer": "2",
          "lit": "yes",
          "motor_vehicle": "no",
          "name": "Arthur Fiedler Footbridge",
          "oneway": "no",
          "segregated": "no",
          "smoothness": "good",
          "source": "massgis_import_v0.1_20071010205040",
          "stroller": "yes",
          "surface": "concrete",
          "width": "3.1"
        }
      }
    },
    {
      "type": "Feature",
      "geometry": {
        "type": "LineString",
        "coordinates": [
          [
            -71.0688778,
            42.3671032
          ],
          [
            -71.0692379,
            42.3672871
          ]
        ]
      },
      "properties": {
        "osm_id": 100720748,
        "name": "Charles River Dam Road",
        "highway": "trunk",
        "bridge": "movable",
        "sidewalk": "",
        "foot": "",
        "bicycle": "yes",
        "tags": {
          "attribution": "Office of Geographic and Environmental Information (MassGIS)",
          "bicycle": "yes",
          "bridge": "movable",
          "bridge:movable": "bascule",
          "cycleway:left": "no",
          "cycleway:right": "track",
          "cycleway:right:buffer": "no",
          "cycleway:right:oneway": "yes",
          "cycleway:right:separation": "flex_post",
          "highway": "trunk",
          "lanes": "2",
          "layer": "1",
          "massgis:way_id": "159753",
          "maxspeed": "30 mph",
          "maxweight:signed": "no",
          "name": "Charles River Dam Road",
          "old_ref": "SR 3",
          "oneway": "yes",
          "parking:both": "no",
          "ref": "MA 28",
          "source": "massgis_import_v0.1_20071008165629",
          "surface": "concrete",
          "width": "30.5"
        }
      }
    },
    {
      "type": "Feature",
      "geometry": {
        "type": "LineString",
        "coordinates": [
          [
            -71.0689853,
            42.3669868
          ],
          [
            -71.0693468,
            42.3671696
          ]
        ]
      },
      "properties": {
        "osm_id": 100735992,
        "name": "",
        "highway": "footway",
        "bridge": "movable",
        "sidewalk": "",
        "foot": "designated",
        "bicycle": "",
        "tags": {
          "bridge": "movable",
          "bridge:movable": "bascule",
          "covered": "no",
          "foot": "designated",
          "footway": "sidewalk",
          "highway": "footway",
          "incline": "0%",
          "layer": "1",
          "lit": "yes",
          "oneway": "no",
          "segregated": "no",
          "source": "Doug Mink <dmink@massbike.org>",
          "surface": "concrete",
          "width": "3"
        }
      }
    },
    {
      "type": "Feature",
      "geometry": {
        "type": "LineString",
        "coordinates": [
          [
            -71.106501,
            42.3515595
          ],
          [
            -71.1065435,
            42.3513744
          ]
        ]
      },
      "properties": {
        "osm_id": 114011284,
        "name": "",
        "highway": "footway",
        "bridge": "yes",
        "sidewalk": "",
        "foot": "designated",
        "bicycle": "dismount",
        "tags": {
          "attribution": "Office of Geographic and Environmental Information (MassGIS)",
          "bicycle": "dismount",
          "bridge": "yes",
          "check_date:surface": "2025-06-09",
          "covered": "no",
          "foot": "designated",
          "highway": "footway",
          "incline": "0%",
          "layer": "1",
          "lit": "yes",
          "motor_vehicle": "no",
          "stroller": "no",
          "surface": "concrete",
          "wheelchair": "no",
          "width": "2"
        }
      }
    },
    {
      "type": "Feature",
      "geometry": {
        "type": "LineString",
        "coordinates": [
          [
            -71.0801001,
            42.3471262
          ],
          [
            -71.0798618,
            42.3471394
          ]
        ]
      },
      "properties": {
        "osm_id": 117737236,
        "name": "Copley Bridge",
        "highway": "pedestrian",
        "bridge": "covered",
        "sidewalk": "",
        "foot": "",
        "bicycle": "no",
        "tags": {
          "access": "yes",
          "bicycle": "no",
          "bridge": "covered",
          "covered": "yes",
          "highway": "pedestrian",
          "incline": "0%",
          "indoor": "yes",
          "layer": "1",
          "level": "1",
          "lit": "yes",
          "motor_vehicle": "no",
          "name": "Copley Bridge",
          "oneway": "no",
          "stroller": "yes",
          "surface": "concrete",
          "wheelchair": "yes",
          "width": "4"
        }
      }
    },
    {
      "type": "Feature",
      "geometry": {
        "type": "LineString",
        "coordinates": [
          [
            -71.0899544,
            42.3520566
          ],
          [
            -71.0898692,
            42.3520791
          ]
        ]
      },
      "properties": {
        "osm_id": 125250483,
        "name": "",
        "highway": "cycleway",
        "bridge": "yes",
        "sidewalk": "",
        "foot": "designated",
        "bicycle": "dismount",
        "tags": {
          "bicycle": "dismount",
          "bridge": "yes",
          "covered": "no",
          "dog": "yes",
          "foot": "designated",
          "highway": "cycleway",
          "horse": "no",
          "incline": "0%",
          "layer": "1",
          "motor_vehicle": "no",
          "segregated": "no",
          "stroller": "yes",
          "surface": "concrete",
          "width": "2.5"
        }
      }
    },
    {
      "type": "Feature",
      "geometry": {
        "type": "LineString",
        "coordinates": [
          [
            -71.0496822,
            42.3608566
          ],
          [
            -71.0497444,
            42.3607002
          ]
        ]
      },
      "properties": {
        "osm_id": 127555649,
        "name": "",
        "highway": "footway",
        "bridge": "yes",
        "sidewalk": "",
        "foot": "",
        "bicycle": "",
        "tags": {
          "bridge": "yes",
          "highway": "footway",
          "layer": "1",
          "surface": "metal"
        }
      }
    },
    {
      "type": "Feature",
      "geometry": {
        "type": "LineString",
        "coordinates": [
          [
            -71.0658767,
            42.3709941
          ],
          [
            -71.0658608,
            42.3709081
          ],
          [
            -71.0658305,
            42.3708204
          ],
          [
            -71.0657863,
            42.3707339
          ],
          [
            -71.0657057,
            42.3706424
          ],
          [
            -71.0656348,
            42.3705704
          ],
          [
            -71.0655683,
            42.3705102
          ],
          [
            -71.0655004,
            42.3704626
          ],
          [
            -71.0654114,
            42.3704008
          ],
          [
            -71.0653296,
            42.3703453
          ],
          [
            -71.0652695,
            42.3702958
          ],
          [
            -71.065218,
            42.3702355
          ],
          [
            -71.0651803,
            42.3701754
          ],
          [
            -71.0651094,
            42.3700548
          ],
          [
            -71.065054,
            42.3699879
          ],
          [
            -71.0649983,
            42.3699325
          ],
          [
            -71.0649421,
            42.3698796
          ],
          [
            -71.0648707,
            42.3698305
          ],
          [
            -71.0648075,
            42.3697995
          ]
        ]
      },
      "properties": {
        "osm_id": 138871446,
        "name": "Miller's River Littoral Way",
        "highway": "cycleway",
        "bridge": "yes",
        "sidewalk": "",
        "foot": "designated",
        "bicycle": "designated",
        "tags": {
          "bicycle": "designated",
          "bridge": "yes",
          "foot": "designated",
          "highway": "cycleway",
          "layer": "0",
          "lit": "yes",
          "name": "Miller's River Littoral Way",
          "segregated": "no",
          "surface": "concrete"
        }
      }
    },
    {
      "type": "Feature",
      "geometry": {
        "type": "LineString",
        "coordinates": [
          [
            -71.0789369,
            42.354676
          ],
          [
            -71.0794428,
            42.35454
          ]
        ]
      },
      "properties": {
        "osm_id": 150052486,
        "name": "Dartmouth Street Overpass",
        "highway": "cycleway",
        "bridge": "yes",
        "sidewalk": "",
        "foot": "designated",
        "bicycle": "dismount",
        "tags": {
          "bicycle": "dismount",
          "bridge": "yes",
          "foot": "designated",
          "highway": "cycleway",
          "horse": "no",
          "incline": "-10%",
          "layer": "1",
          "motor_vehicle": "no",
          "name": "Dartmouth Street Overpass",
          "segregated": "no",
          "stroller": "yes",
          "surface": "concrete"
        }
      }
    },
    {
      "type": "Feature",
      "geometry": {
        "type": "LineString",
        "coordinates": [
          [
            -71.0775862,
            42.35553
          ],
          [
            -71.077534,
            42.3554222
          ]
        ]
      },
      "properties": {
        "osm_id": 165358918,
        "name": "",
        "highway": "footway",
        "bridge": "yes",
        "sidewalk": "",
        "foot": "yes",
        "bicycle": "yes",
        "tags": {
          "bicycle": "yes",
          "bridge": "yes",
          "covered": "no",
          "dog": "yes",
          "foot": "yes",
          "highway": "footway",
          "horse": "no",
          "incline": "up",
          "layer": "1",
          "lit": "yes",
          "motor_vehicle": "no",
          "oneway": "no",
          "stroller": "yes",
          "surface": "paving_stones",
          "tactile_paving": "no",
          "wheelchair": "limited",
          "width": "4"
        }
      }
    },
    {
      "type": "Feature",
      "geometry": {
        "type": "LineString",
        "coordinates": [
          [
            -71.0674155,
            42.369616
          ],
          [
            -71.0673065,
            42.3696038
          ],
          [
            -71.0672001,
            42.369593
          ],
          [
            -71.067093,
            42.3695855
          ],
          [
            -71.0669758,
            42.3695809
          ],
          [
            -71.0668557,
            42.3695799
          ],
          [
            -71.0667226,
            42.3695809
          ],
          [
            -71.0666015,
            42.3695849
          ],
          [
            -71.066486,
            42.369592
          ],
          [
            -71.0663623,
            42.3696015
          ],
          [
            -71.0662378,
            42.3696152
          ],
          [
            -71.0660941,
            42.3696347
          ],
          [
            -71.0659703,
            42.369651
          ],
          [
            -71.0658492,
            42.3696652
          ],
          [
            -71.0657397,
            42.3696748
          ],
          [
            -71.0656287,
            42.3696832
          ],
          [
            -71.0655014,
            42.3696914
          ],
          [
            -71.0652948,
            42.3697031
          ],
          [
            -71.0651001,
            42.3697065
          ],
          [
            -71.0649506,
            42.3697034
          ],
          [
            -71.064837,
            42.3696993
          ]
        ]
      },
      "properties": {
        "osm_id": 171441698,
        "name": "North Bank Bridge",
        "highway": "cycleway",
        "bridge": "yes",
        "sidewalk": "",
        "foot": "designated",
        "bicycle": "designated",
        "tags": {
          "access": "yes",
          "bicycle": "designated",
          "bridge": "yes",
          "bridge:name": "North Bank Bridge",
          "foot": "designated",
          "highway": "cycleway",
          "layer": "1",
          "lit": "no",
          "motor_vehicle": "no",
          "name": "North Bank Bridge",
          "segregated": "no",
          "smoothness": "excellent",
          "surface": "concrete",
          "wikidata": "Q78076712"
        }
      }
    },
    {
      "type": "Feature",
      "geometry": {
        "type": "LineString",
        "coordinates": [
          [
            -71.0696895,
            42.3541865
          ],
          [
            -71.0701403,
            42.3540643
          ]
        ]
      },
      "properties": {
        "osm_id": 172094381,
        "name": "Public Garden Foot Bridge",
        "highway": "footway",
        "bridge": "yes",
        "sidewalk": "",
        "foot": "designated",
        "bicycle": "dismount",
        "tags": {
          "access": "yes",
          "bicycle": "dismount",
          "bridge": "yes",
          "covered": "no",
          "dog": "leashed",
          "foot": "designated",
          "handrail": "yes",
          "highway": "footway",
          "incline": "0%",
          "indoor": "no",
          "layer": "1",
          "level": "1",
          "lit": "yes",
          "location": "outdoor",
          "motor_vehicle": "no",
          "name": "Public Garden Foot Bridge",
          "oneway": "no",
          "operator": "Friends of the Public Garden",
          "smoothness": "good",
          "stroller": "yes",
          "surface": "asphalt",
          "tactile_paving": "no",
          "wheelchair": "yes",
          "width": "3.2",
          "wikipedia": "en:Boston Public Garden Foot Bridge"
        }
      }
    },
    {
      "type": "Feature",
      "geometry": {
        "type": "LineString",
        "coordinates": [
          [
            -71.0856246,
            42.375641
          ],
          [
            -71.0845728,
            42.3750984
          ]
        ]
      },
      "properties": {
        "osm_id": 178419637,
        "name": "",
        "highway": "footway",
        "bridge": "yes",
        "sidewalk": "",
        "foot": "",
        "bicycle": "",
        "tags": {
          "bridge": "yes",
          "footway": "sidewalk",
          "highway": "footway",
          "layer": "1",
          "level": "1"
        }
      }
    },
    {
      "type": "Feature",
      "geometry": {
        "type": "LineString",
        "coordinates": [
          [
            -71.084872,
            42.3749142
          ],
          [
            -71.0855127,
            42.3752437
          ],
          [
            -71.0863827,
            42.3756899
          ]
        ]
      },
      "properties": {
        "osm_id": 178419639,
        "name": "",
        "highway": "footway",
        "bridge": "yes",
        "sidewalk": "",
        "foot": "",
        "bicycle": "",
        "tags": {
          "bridge": "yes",
          "footway": "sidewalk",
          "highway": "footway",
          "layer": "1",
          "level": "1"
        }
      }
    },
    {
      "type": "Feature",
      "geometry": {
        "type": "LineString",
        "coordinates": [
          [
            -71.0696014,
            42.3737656
          ],
          [
            -71.0694684,
            42.3740117
          ]
        ]
      },
      "properties": {
        "osm_id": 180102986,
        "name": "",
        "highway": "footway",
        "bridge": "yes",
        "sidewalk": "",
        "foot": "",
        "bicycle": "",
        "tags": {
          "bridge": "yes",
          "highway": "footway",
          "layer": "1",
          "lit": "yes"
        }
      }
    },
    {
      "type": "Feature",
      "geometry": {
        "type": "LineString",
        "coordinates": [
          [
            -71.0696251,
            42.3737749
          ],
          [
            -71.0696014,
            42.3737656
          ],
          [
            -71.0695819,
            42.3737579
          ],
          [
            -71.0694473,
            42.3740054
          ],
          [
            -71.0694684,
            42.3740117
          ],
          [
            -71.0694894,
            42.3740179
          ],
          [
            -71.0695132,
            42.3739744
          ],
          [
            -71.0695567,
            42.3738949
          ],
          [
            -71.0696251,
            42.3737749
          ]
        ]
      },
      "properties": {
        "osm_id": 180102987,
        "name": "",
        "highway": "pedestrian",
        "bridge": "yes",
        "sidewalk": "",
        "foot": "",
        "bicycle": "",
        "tags": {
          "area": "yes",
          "bridge": "yes",
          "highway": "pedestrian",
          "layer": "1",
          "lit": "yes",
          "surface": "paving_stones"
        }
      }
    },
    {
      "type": "Feature",
      "geometry": {
        "type": "LineString",
        "coordinates": [
          [
            -71.0696584,
            42.3745128
          ],
          [
            -71.0696474,
            42.3744946
          ],
          [
            -71.0696252,
            42.3744982
          ],
          [
            -71.0695982,
            42.3744539
          ],
          [
            -71.0695934,
            42.3744461
          ],
          [
            -71.0696081,
            42.3744421
          ],
          [
            -71.0695902,
            42.3744149
          ],
          [
            -71.0695729,
            42.3743888
          ],
          [
            -71.0693334,
            42.3744664
          ],
          [
            -71.0693805,
            42.3744811
          ],
          [
            -71.0694433,
            42.3745006
          ],
          [
            -71.0694629,
            42.3744943
          ],
          [
            -71.0694665,
            42.3744998
          ],
          [
            -71.069493,
            42.3745412
          ],
          [
            -71.069475,
            42.3745467
          ],
          [
            -71.0694846,
            42.3745688
          ],
          [
            -71.0696584,
            42.3745128
          ]
        ]
      },
      "properties": {
        "osm_id": 185698179,
        "name": "",
        "highway": "pedestrian",
        "bridge": "yes",
        "sidewalk": "",
        "foot": "",
        "bicycle": "",
        "tags": {
          "area": "yes",
          "bridge": "yes",
          "highway": "pedestrian",
          "level": "1",
          "lit": "yes",
          "surface": "concrete"
        }
      }
    },
    {
      "type": "Feature",
      "geometry": {
        "type": "LineString",
        "coordinates": [
          [
            -71.0788115,
            42.3616462
          ],
          [
            -71.0788169,
            42.3616068
          ]
        ]
      },
      "properties": {
        "osm_id": 185786133,
        "name": "",
        "highway": "footway",
        "bridge": "yes",
        "sidewalk": "",
        "foot": "yes",
        "bicycle": "yes",
        "tags": {
          "bicycle": "yes",
          "bridge": "yes",
          "covered": "no",
          "dog": "leashed",
          "foot": "yes",
          "highway": "footway",
          "incline": "0%",
          "layer": "1",
          "lit": "yes",
          "motor_vehicle": "no",
          "smoothness": "excellent",
          "stroller": "no",
          "surface": "concrete",
          "wheelchair": "no",
          "width": "3"
        }
      }
    },
    {
      "type": "Feature",
      "geometry": {
        "type": "LineString",
        "coordinates": [
          [
            -71.0424986,
            42.3486699
          ],
          [
            -71.0425708,
            42.3486991
          ],
          [
            -71.0426492,
            42.3487309
          ]
        ]
      },
      "properties": {
        "osm_id": 189787536,
        "name": "",
        "highway": "footway",
        "bridge": "yes",
        "sidewalk": "",
        "foot": "",
        "bicycle": "",
        "tags": {
          "bridge": "yes",
          "crossing": "marked",
          "crossing:markings": "yes",
          "footway": "crossing",
          "highway": "footway",
          "layer": "1"
        }
      }
    },
    {
      "type": "Feature",
      "geometry": {
        "type": "LineString",
        "coordinates": [
          [
            -71.0877945,
            42.3398719
          ],
          [
            -71.0877767,
            42.3398467
          ],
          [
            -71.0875846,
            42.3398127
          ],
          [
            -71.0874528,
            42.3396257
          ]
        ]
      },
      "properties": {
        "osm_id": 220488217,
        "name": "",
        "highway": "footway",
        "bridge": "yes",
        "sidewalk": "",
        "foot": "",
        "bicycle": "",
        "tags": {
          "bridge": "yes",
          "highway": "footway",
          "layer": "1"
        }
      }
    },
    {
      "type": "Feature",
      "geometry": {
        "type": "LineString",
        "coordinates": [
          [
            -71.1104213,
            42.353476
          ],
          [
            -71.1105675,
            42.3524143
          ],
          [
            -71.1106597,
            42.3517339
          ],
          [
            -71.1106764,
            42.3516087
          ],
          [
            -71.1107218,
            42.3512938
          ]
        ]
      },
      "properties": {
        "osm_id": 223206050,
        "name": "",
        "highway": "footway",
        "bridge": "yes",
        "sidewalk": "",
        "foot": "",
        "bicycle": "",
        "tags": {
          "bridge": "yes",
          "footway": "sidewalk",
          "highway": "footway",
          "layer": "3",
          "lit": "yes",
          "source": "Bing",
          "surface": "concrete"
        }
      }
    },
    {
      "type": "Feature",
      "geometry": {
        "type": "LineString",
        "coordinates": [
          [
            -71.1119956,
            42.3466695
          ],
          [
            -71.1120519,
            42.3466233
          ],
          [
            -71.1120519,
            42.3465726
          ],
          [
            -71.1120862,
            42.3465408
          ],
          [
            -71.1121463,
            42.3465218
          ],
          [
            -71.1122561,
            42.3465815
          ]
        ]
      },
      "properties": {
        "osm_id": 228768131,
        "name": "",
        "highway": "path",
        "bridge": "boardwalk",
        "sidewalk": "",
        "foot": "yes",
        "bicycle": "no",
        "tags": {
          "bicycle": "no",
          "bridge": "boardwalk",
          "foot": "yes",
          "highway": "path",
          "lit": "no",
          "surface": "wood",
          "width": "1.2"
        }
      }
    },
    {
      "type": "Feature",
      "geometry": {
        "type": "LineString",
        "coordinates": [
          [
            -71.116262,
            42.3642306
          ],
          [
            -71.1175797,
            42.3641355
          ]
        ]
      },
      "properties": {
        "osm_id": 233155727,
        "name": "",
        "highway": "footway",
        "bridge": "yes",
        "sidewalk": "",
        "foot": "",
        "bicycle": "yes",
        "tags": {
          "bicycle": "yes",
          "bridge": "yes",
          "footway": "sidewalk",
          "highway": "footway",
          "layer": "1",
          "lit": "yes",
          "segregated": "no",
          "surface": "concrete"
        }
      }
    },
    {
      "type": "Feature",
      "geometry": {
        "type": "LineString",
        "coordinates": [
          [
            -71.0504863,
            42.3593277
          ],
          [
            -71.0507113,
            42.3592141
          ]
        ]
      },
      "properties": {
        "osm_id": 236582603,
        "name": "",
        "highway": "footway",
        "bridge": "yes",
        "sidewalk": "",
        "foot": "",
        "bicycle": "",
        "tags": {
          "bridge": "yes",
          "highway": "footway",
          "surface": "metal"
        }
      }
    },
    {
      "type": "Feature",
      "geometry": {
        "type": "LineString",
        "coordinates": [
          [
            -71.0505273,
            42.3595311
          ],
          [
            -71.0507205,
            42.3596506
          ]
        ]
      },
      "properties": {
        "osm_id": 236582620,
        "name": "",
        "highway": "footway",
        "bridge": "yes",
        "sidewalk": "",
        "foot": "",
        "bicycle": "",
        "tags": {
          "bridge": "yes",
          "highway": "footway"
        }
      }
    },
    {
      "type": "Feature",
      "geometry": {
        "type": "LineString",
        "coordinates": [
          [
            -71.0507108,
            42.359237
          ],
          [
            -71.0505283,
            42.3593238
          ]
        ]
      },
      "properties": {
        "osm_id": 236582623,
        "name": "",
        "highway": "footway",
        "bridge": "yes",
        "sidewalk": "",
        "foot": "",
        "bicycle": "",
        "tags": {
          "bridge": "yes",
          "highway": "footway",
          "surface": "metal"
        }
      }
    },
    {
      "type": "Feature",
      "geometry": {
        "type": "LineString",
        "coordinates": [
          [
            -71.0500867,
            42.3597166
          ],
          [
            -71.0502713,
            42.3596848
          ]
        ]
      },
      "properties": {
        "osm_id": 236582632,
        "name": "",
        "highway": "footway",
        "bridge": "yes",
        "sidewalk": "",
        "foot": "",
        "bicycle": "",
        "tags": {
          "bridge": "yes",
          "highway": "footway",
          "surface": "metal"
        }
      }
    },
    {
      "type": "Feature",
      "geometry": {
        "type": "LineString",
        "coordinates": [
          [
            -71.0500068,
            42.3597294
          ],
          [
            -71.0498844,
            42.3597493
          ],
          [
            -71.0498205,
            42.3597599
          ]
        ]
      },
      "properties": {
        "osm_id": 236582636,
        "name": "",
        "highway": "footway",
        "bridge": "yes",
        "sidewalk": "",
        "foot": "",
        "bicycle": "",
        "tags": {
          "bridge": "yes",
          "highway": "footway",
          "surface": "metal"
        }
      }
    },
    {
      "type": "Feature",
      "geometry": {
        "type": "LineString",
        "coordinates": [
          [
            -71.0484848,
            42.3598648
          ],
          [
            -71.0485594,
            42.3598877
          ]
        ]
      },
      "properties": {
        "osm_id": 236582637,
        "name": "",
        "highway": "footway",
        "bridge": "yes",
        "sidewalk": "",
        "foot": "",
        "bicycle": "",
        "tags": {
          "bridge": "yes",
          "highway": "footway",
          "layer": "1"
        }
      }
    },
    {
      "type": "Feature",
      "geometry": {
        "type": "LineString",
        "coordinates": [
          [
            -71.0505837,
            42.3596333
          ],
          [
            -71.0504734,
            42.3596511
          ],
          [
            -71.0503945,
            42.3596642
          ]
        ]
      },
      "properties": {
        "osm_id": 236582639,
        "name": "",
        "highway": "footway",
        "bridge": "yes",
        "sidewalk": "",
        "foot": "",
        "bicycle": "",
        "tags": {
          "bridge": "yes",
          "highway": "footway",
          "surface": "metal"
        }
      }
    },
    {
      "type": "Feature",
      "geometry": {
        "type": "LineString",
        "coordinates": [
          [
            -71.0491864,
            42.3598598
          ],
          [
            -71.0492975,
            42.3598402
          ],
          [
            -71.0493723,
            42.3598273
          ]
        ]
      },
      "properties": {
        "osm_id": 236582641,
        "name": "",
        "highway": "footway",
        "bridge": "yes",
        "sidewalk": "",
        "foot": "",
        "bicycle": "",
        "tags": {
          "bridge": "yes",
          "highway": "footway"
        }
      }
    },
    {
      "type": "Feature",
      "geometry": {
        "type": "LineString",
        "coordinates": [
          [
            -71.0486148,
            42.3598874
          ],
          [
            -71.0487248,
            42.3598804
          ],
          [
            -71.0487276,
            42.359898
          ],
          [
            -71.0487011,
            42.3598991
          ],
          [
            -71.0485583,
            42.3599914
          ]
        ]
      },
      "properties": {
        "osm_id": 236582646,
        "name": "",
        "highway": "footway",
        "bridge": "yes",
        "sidewalk": "",
        "foot": "",
        "bicycle": "",
        "tags": {
          "bridge": "yes",
          "highway": "footway"
        }
      }
    },
    {
      "type": "Feature",
      "geometry": {
        "type": "LineString",
        "coordinates": [
          [
            -71.0565031,
            42.3724808
          ],
          [
            -71.0563928,
            42.3726073
          ]
        ]
      },
      "properties": {
        "osm_id": 236629581,
        "name": "",
        "highway": "footway",
        "bridge": "yes",
        "sidewalk": "",
        "foot": "customers",
        "bicycle": "",
        "tags": {
          "bridge": "yes",
          "foot": "customers",
          "highway": "footway",
          "surface": "metal"
        }
      }
    },
    {
      "type": "Feature",
      "geometry": {
        "type": "LineString",
        "coordinates": [
          [
            -71.0819854,
            42.3628571
          ],
          [
            -71.0819734,
            42.3628552
          ],
          [
            -71.0817929,
            42.3628228
          ]
        ]
      },
      "properties": {
        "osm_id": 236728747,
        "name": "",
        "highway": "footway",
        "bridge": "yes",
        "sidewalk": "",
        "foot": "yes",
        "bicycle": "no",
        "tags": {
          "access": "yes",
          "bicycle": "no",
          "bridge": "yes",
          "covered": "no",
          "fishing": "no",
          "floating": "no",
          "foot": "yes",
          "handrail": "yes",
          "highway": "footway",
          "incline": "down",
          "layer": "1",
          "lit": "yes",
          "man_made": "pier",
          "motor_vehicle": "no",
          "surface": "wood",
          "width": "2"
        }
      }
    },
    {
      "type": "Feature",
      "geometry": {
        "type": "LineString",
        "coordinates": [
          [
            -71.049224,
            42.3594894
          ],
          [
            -71.0493004,
            42.3594773
          ],
          [
            -71.0493704,
            42.3594662
          ],
          [
            -71.0493578,
            42.3594229
          ],
          [
            -71.0494342,
            42.3594108
          ]
        ]
      },
      "properties": {
        "osm_id": 240370707,
        "name": "",
        "highway": "footway",
        "bridge": "yes",
        "sidewalk": "",
        "foot": "",
        "bicycle": "",
        "tags": {
          "bridge": "yes",
          "highway": "footway",
          "surface": "metal"
        }
      }
    },
    {
      "type": "Feature",
      "geometry": {
        "type": "LineString",
        "coordinates": [
          [
            -71.0745711,
            42.3571623
          ],
          [
            -71.0745938,
            42.3571615
          ]
        ]
      },
      "properties": {
        "osm_id": 242536776,
        "name": "",
        "highway": "steps",
        "bridge": "yes",
        "sidewalk": "",
        "foot": "yes",
        "bicycle": "",
        "tags": {
          "access": "yes",
          "bridge": "yes",
          "covered": "no",
          "dog": "leashed",
          "foot": "yes",
          "handrail": "no",
          "highway": "steps",
          "incline": "down",
          "indoor": "no",
          "lit": "yes",
          "ramp": "no",
          "step_count": "5",
          "surface": "paving_stones",
          "tactile_paving": "no",
          "width": "4.2"
        }
      }
    },
    {
      "type": "Feature",
      "geometry": {
        "type": "LineString",
        "coordinates": [
          [
            -71.0715491,
            42.3613373
          ],
          [
            -71.0716006,
            42.3613336
          ],
          [
            -71.0716505,
            42.361331
          ],
          [
            -71.0717043,
            42.3613308
          ],
          [
            -71.0717369,
            42.3613312
          ],
          [
            -71.0717665,
            42.361332
          ],
          [
            -71.0718114,
            42.3613335
          ],
          [
            -71.0718592,
            42.3613353
          ],
          [
            -71.0719991,
            42.3613434
          ],
          [
            -71.0725768,
            42.3613717
          ],
          [
            -71.0728812,
            42.3613874
          ],
          [
            -71.0729346,
            42.3613908
          ],
          [
            -71.0729874,
            42.3613947
          ],
          [
            -71.0743387,
            42.3614954
          ],
          [
            -71.0753858,
            42.3615755
          ],
          [
            -71.075664,
            42.3615968
          ]
        ]
      },
      "properties": {
        "osm_id": 244444287,
        "name": "Longfellow Bridge",
        "highway": "trunk",
        "bridge": "yes",
        "sidewalk": "",
        "foot": "yes",
        "bicycle": "",
        "tags": {
          "attribution": "Office of Geographic and Environmental Information (MassGIS)",
          "bridge": "yes",
          "condition": "fair",
          "cycleway:left": "no",
          "cycleway:right": "track",
          "cycleway:right:oneway": "yes",
          "cycleway:right:separation": "flex_post",
          "foot": "yes",
          "highway": "trunk",
          "horse": "no",
          "lanes": "1",
          "layer": "1",
          "lit": "yes",
          "maxspeed": "25 mph",
          "maxweight:signed": "no",
          "name": "Longfellow Bridge",
          "oneway": "yes",
          "parking:both": "no",
          "ref": "MA 3",
          "sidewalk:left": "no",
          "sidewalk:right": "separate",
          "surface": "asphalt"
        }
      }
    },
    {
      "type": "Feature",
      "geometry": {
        "type": "LineString",
        "coordinates": [
          [
            -71.0753909,
            42.3614483
          ],
          [
            -71.0749951,
            42.3614105
          ],
          [
            -71.0748469,
            42.3613996
          ],
          [
            -71.074702,
            42.3613885
          ],
          [
            -71.0745554,
            42.3613773
          ],
          [
            -71.0744029,
            42.3613648
          ],
          [
            -71.0742638,
            42.3613554
          ],
          [
            -71.0741063,
            42.3613426
          ],
          [
            -71.073813,
            42.3613214
          ],
          [
            -71.0733983,
            42.3612903
          ],
          [
            -71.0730777,
            42.3612675
          ],
          [
            -71.0729279,
            42.3612554
          ],
          [
            -71.0729078,
            42.3612536
          ],
          [
            -71.0728401,
            42.3612475
          ],
          [
            -71.0727449,
            42.3612381
          ]
        ]
      },
      "properties": {
        "osm_id": 244444288,
        "name": "Longfellow Bridge",
        "highway": "trunk",
        "bridge": "yes",
        "sidewalk": "",
        "foot": "yes",
        "bicycle": "yes",
        "tags": {
          "access": "yes",
          "attribution": "Office of Geographic and Environmental Information (MassGIS)",
          "bicycle": "yes",
          "bridge": "yes",
          "cycleway:left": "no",
          "cycleway:right": "track",
          "cycleway:right:oneway": "yes",
          "cycleway:right:separation": "flex_post",
          "foot": "yes",
          "highway": "trunk",
          "horse": "no",
          "lanes": "2",
          "layer": "1",
          "lit": "yes",
          "massgis:way_id": "144604",
          "maxspeed": "25 mph",
          "maxweight:signed": "no",
          "motor_vehicle": "yes",
          "name": "Longfellow Bridge",
          "oneway": "yes",
          "parking:both": "no",
          "ref": "MA 3",
          "sidewalk:left": "no",
          "sidewalk:right": "separate",
          "source": "massgis_import_v0.1_20071008165629",
          "surface": "asphalt",
          "width": "30.5"
        }
      }
    },
    {
      "type": "Feature",
      "geometry": {
        "type": "LineString",
        "coordinates": [
          [
            -71.0897752,
            42.351688
          ],
          [
            -71.0897938,
            42.3517254
          ],
          [
            -71.0898234,
            42.3517889
          ]
        ]
      },
      "properties": {
        "osm_id": 254299032,
        "name": "",
        "highway": "footway",
        "bridge": "yes",
        "sidewalk": "",
        "foot": "",
        "bicycle": "dismount",
        "tags": {
          "bicycle": "dismount",
          "bridge": "yes",
          "covered": "no",
          "crossing": "marked",
          "crossing:island": "no",
          "crossing:markings": "ladder",
          "footway": "crossing",
          "highway": "footway",
          "horse": "no",
          "incline": "0%",
          "layer": "1",
          "lit": "yes",
          "motor_vehicle": "no",
          "stroller": "yes",
          "surface": "asphalt",
          "tactile_paving": "no",
          "wheelchair": "limited",
          "width": "2.7"
        }
      }
    },
    {
      "type": "Feature",
      "geometry": {
        "type": "LineString",
        "coordinates": [
          [
            -71.0898234,
            42.3517889
          ],
          [
            -71.0899544,
            42.3520566
          ]
        ]
      },
      "properties": {
        "osm_id": 254299033,
        "name": "",
        "highway": "footway",
        "bridge": "yes",
        "sidewalk": "",
        "foot": "",
        "bicycle": "dismount",
        "tags": {
          "bicycle": "dismount",
          "bridge": "yes",
          "covered": "no",
          "footway": "sidewalk",
          "highway": "footway",
          "horse": "no",
          "incline": "0%",
          "layer": "1",
          "lit": "yes",
          "motor_vehicle": "no",
          "stroller": "yes",
          "surface": "concrete",
          "wheelchair": "limited",
          "width": "2.7"
        }
      }
    },
    {
      "type": "Feature",
      "geometry": {
        "type": "LineString",
        "coordinates": [
          [
            -71.110809,
            42.3513013
          ],
          [
            -71.1105131,
            42.3534798
          ]
        ]
      },
      "properties": {
        "osm_id": 262605757,
        "name": "Boston University Bridge",
        "highway": "trunk",
        "bridge": "yes",
        "sidewalk": "",
        "foot": "",
        "bicycle": "yes",
        "tags": {
          "attribution": "Office of Geographic and Environmental Information (MassGIS)",
          "bicycle": "yes",
          "bridge": "yes",
          "condition": "good",
          "cycleway:both": "track",
          "cycleway:both:buffer": "no",
          "highway": "trunk",
          "lanes": "3",
          "layer": "3",
          "lit": "yes",
          "massgis:way_id": "155374",
          "maxspeed": "25 mph",
          "maxspeed:type": "sign",
          "maxweight:signed": "no",
          "name": "Boston University Bridge",
          "name:etymology:wikidata": "Q49110",
          "oneway": "no",
          "parking:both": "no",
          "parking:both:restriction": "no_stopping",
          "ref": "MA 2",
          "short_name": "BU Bridge",
          "sidewalk:both": "separate",
          "source": "massgis_import_v0.1_20071008165629",
          "surface": "asphalt",
          "width": "19.5"
        }
      }
    },
    {
      "type": "Feature",
      "geometry": {
        "type": "LineString",
        "coordinates": [
          [
            -71.119112,
            42.3673302
          ],
          [
            -71.1192636,
            42.3674198
          ]
        ]
      },
      "properties": {
        "osm_id": 263292507,
        "name": "",
        "highway": "steps",
        "bridge": "yes",
        "sidewalk": "",
        "foot": "",
        "bicycle": "",
        "tags": {
          "bridge": "yes",
          "handrail": "yes",
          "highway": "steps",
          "incline": "up",
          "ramp": "no",
          "step_count": "21",
          "surface": "concrete",
          "tactile_paving": "no"
        }
      }
    },
    {
      "type": "Feature",
      "geometry": {
        "type": "LineString",
        "coordinates": [
          [
            -71.0928198,
            42.3572744
          ],
          [
            -71.0927396,
            42.3571128
          ]
        ]
      },
      "properties": {
        "osm_id": 263688613,
        "name": "",
        "highway": "footway",
        "bridge": "yes",
        "sidewalk": "",
        "foot": "",
        "bicycle": "",
        "tags": {
          "bridge": "yes",
          "footway": "sidewalk",
          "highway": "footway",
          "layer": "1",
          "lit": "yes",
          "smoothness": "good",
          "surface": "concrete"
        }
      }
    },
    {
      "type": "Feature",
      "geometry": {
        "type": "LineString",
        "coordinates": [
          [
            -71.0784597,
            42.3615161
          ],
          [
            -71.0784707,
            42.3614772
          ],
          [
            -71.0784836,
            42.3614379
          ],
          [
            -71.0785019,
            42.3613967
          ],
          [
            -71.0785262,
            42.3613477
          ],
          [
            -71.0785657,
            42.3612753
          ],
          [
            -71.0786151,
            42.3612039
          ],
          [
            -71.0786737,
            42.3611338
          ],
          [
            -71.0787223,
            42.3610847
          ],
          [
            -71.0787881,
            42.3610241
          ],
          [
            -71.0788501,
            42.3609749
          ],
          [
            -71.078953,
            42.360905
          ],
          [
            -71.0790536,
            42.3608515
          ],
          [
            -71.0791658,
            42.3607984
          ],
          [
            -71.0792788,
            42.360756
          ],
          [
            -71.079395,
            42.3607202
          ],
          [
            -71.0795059,
            42.3606964
          ],
          [
            -71.0795961,
            42.3606823
          ],
          [
            -71.0797034,
            42.3606704
          ],
          [
            -71.0798347,
            42.3606648
          ],
          [
            -71.0800087,
            42.360667
          ],
          [
            -71.0810629,
            42.3606769
          ],
          [
            -71.0811403,
            42.3606761
          ],
          [
            -71.0812144,
            42.3606739
          ],
          [
            -71.0812814,
            42.3606696
          ],
          [
            -71.0813483,
            42.3606644
          ],
          [
            -71.0814147,
            42.3606575
          ],
          [
            -71.0814829,
            42.3606496
          ],
          [
            -71.0815576,
            42.3606387
          ],
          [
            -71.0816308,
            42.3606263
          ]
        ]
      },
      "properties": {
        "osm_id": 263721959,
        "name": "Dr. Paul Dudley White Path",
        "highway": "cycleway",
        "bridge": "yes",
        "sidewalk": "",
        "foot": "designated",
        "bicycle": "designated",
        "tags": {
          "bicycle": "designated",
          "bridge": "yes",
          "foot": "designated",
          "highway": "cycleway",
          "lit": "yes",
          "name": "Dr. Paul Dudley White Path",
          "name:etymology:wikidata": "Q366363",
          "oneway": "no",
          "segregated": "no",
          "source": "Doug Mink <dmink@massbike.org>",
          "surface": "concrete",
          "width": "2"
        }
      }
    },
    {
      "type": "Feature",
      "geometry": {
        "type": "LineString",
        "coordinates": [
          [
            -71.0783912,
            42.3619789
          ],
          [
            -71.0783756,
            42.3620934
          ],
          [
            -71.0783591,
            42.362141
          ],
          [
            -71.0783347,
            42.3622819
          ]
        ]
      },
      "properties": {
        "osm_id": 263721961,
        "name": "Dr. Paul Dudley White Path",
        "highway": "cycleway",
        "bridge": "yes",
        "sidewalk": "",
        "foot": "designated",
        "bicycle": "designated",
        "tags": {
          "bicycle": "designated",
          "bridge": "yes",
          "foot": "designated",
          "highway": "cycleway",
          "layer": "1",
          "lit": "yes",
          "name": "Dr. Paul Dudley White Path",
          "name:etymology:wikidata": "Q366363",
          "oneway": "no",
          "segregated": "no",
          "source": "Doug Mink <dmink@massbike.org>",
          "surface": "concrete",
          "width": "3"
        }
      }
    },
    {
      "type": "Feature",
      "geometry": {
        "type": "LineString",
        "coordinates": [
          [
            -71.0459434,
            42.3539679
          ],
          [
            -71.0460379,
            42.3538642
          ]
        ]
      },
      "properties": {
        "osm_id": 292809783,
        "name": "",
        "highway": "footway",
        "bridge": "yes",
        "sidewalk": "",
        "foot": "",
        "bicycle": "",
        "tags": {
          "bridge": "yes",
          "highway": "footway",
          "layer": "1",
          "source": "Bing"
        }
      }
    },
    {
      "type": "Feature",
      "geometry": {
        "type": "LineString",
        "coordinates": [
          [
            -71.0522144,
            42.3525077
          ],
          [
            -71.0520615,
            42.3523749
          ],
          [
            -71.0520409,
            42.3523545
          ],
          [
            -71.0519958,
            42.3523148
          ],
          [
            -71.0512734,
            42.3520289
          ]
        ]
      },
      "properties": {
        "osm_id": 292959153,
        "name": "Boston HarborWalk",
        "highway": "footway",
        "bridge": "yes",
        "sidewalk": "",
        "foot": "",
        "bicycle": "",
        "tags": {
          "alt_name": "Congress Street Bridge",
          "bridge": "yes",
          "footway": "sidewalk",
          "highway": "footway",
          "layer": "1",
          "name": "Boston HarborWalk",
          "surface": "concrete"
        }
      }
    },
    {
      "type": "Feature",
      "geometry": {
        "type": "LineString",
        "coordinates": [
          [
            -71.051172,
            42.3522353
          ],
          [
            -71.0510283,
            42.3524849
          ]
        ]
      },
      "properties": {
        "osm_id": 292961342,
        "name": "",
        "highway": "footway",
        "bridge": "yes",
        "sidewalk": "",
        "foot": "",
        "bicycle": "",
        "tags": {
          "bridge": "yes",
          "highway": "footway",
          "surface": "wood"
        }
      }
    },
    {
      "type": "Feature",
      "geometry": {
        "type": "LineString",
        "coordinates": [
          [
            -71.0511858,
            42.3522396
          ],
          [
            -71.0510422,
            42.3524892
          ]
        ]
      },
      "properties": {
        "osm_id": 292961344,
        "name": "",
        "highway": "footway",
        "bridge": "yes",
        "sidewalk": "",
        "foot": "",
        "bicycle": "",
        "tags": {
          "bridge": "yes",
          "highway": "footway",
          "surface": "wood"
        }
      }
    },
    {
      "type": "Feature",
      "geometry": {
        "type": "LineString",
        "coordinates": [
          [
            -71.051346,
            42.35229
          ],
          [
            -71.0512023,
            42.3525396
          ]
        ]
      },
      "properties": {
        "osm_id": 292961963,
        "name": "",
        "highway": "footway",
        "bridge": "yes",
        "sidewalk": "",
        "foot": "",
        "bicycle": "",
        "tags": {
          "bridge": "yes",
          "highway": "footway",
          "surface": "wood"
        }
      }
    },
    {
      "type": "Feature",
      "geometry": {
        "type": "LineString",
        "coordinates": [
          [
            -71.0513605,
            42.3522945
          ],
          [
            -71.0512168,
            42.3525441
          ]
        ]
      },
      "properties": {
        "osm_id": 292961964,
        "name": "",
        "highway": "footway",
        "bridge": "yes",
        "sidewalk": "",
        "foot": "",
        "bicycle": "",
        "tags": {
          "bridge": "yes",
          "highway": "footway",
          "surface": "wood"
        }
      }
    },
    {
      "type": "Feature",
      "geometry": {
        "type": "LineString",
        "coordinates": [
          [
            -71.1112241,
            42.3358223
          ],
          [
            -71.1112273,
            42.3356634
          ]
        ]
      },
      "properties": {
        "osm_id": 307322811,
        "name": "",
        "highway": "footway",
        "bridge": "yes",
        "sidewalk": "",
        "foot": "",
        "bicycle": "",
        "tags": {
          "bridge": "yes",
          "highway": "footway",
          "layer": "1",
          "rcn_ref": "1",
          "surface": "asphalt"
        }
      }
    },
    {
      "type": "Feature",
      "geometry": {
        "type": "LineString",
        "coordinates": [
          [
            -71.111548,
            42.3367662
          ],
          [
            -71.1114883,
            42.3367115
          ]
        ]
      },
      "properties": {
        "osm_id": 307322812,
        "name": "",
        "highway": "footway",
        "bridge": "yes",
        "sidewalk": "",
        "foot": "",
        "bicycle": "",
        "tags": {
          "bridge": "yes",
          "highway": "footway",
          "layer": "1",
          "rcn_ref": "1",
          "surface": "asphalt"
        }
      }
    },
    {
      "type": "Feature",
      "geometry": {
        "type": "LineString",
        "coordinates": [
          [
            -71.060715,
            42.3436574
          ],
          [
            -71.059519,
            42.343508
          ],
          [
            -71.0582073,
            42.3433624
          ],
          [
            -71.0580321,
            42.3433226
          ]
        ]
      },
      "properties": {
        "osm_id": 328890420,
        "name": "",
        "highway": "footway",
        "bridge": "yes",
        "sidewalk": "",
        "foot": "",
        "bicycle": "",
        "tags": {
          "bridge": "yes",
          "footway": "sidewalk",
          "highway": "footway",
          "layer": "1",
          "source": "http://bikeitorhikeit.org/south_bay_harbor_trail.htm",
          "surface": "concrete",
          "wikipedia": "en:South Bay Harbor Trail"
        }
      }
    },
    {
      "type": "Feature",
      "geometry": {
        "type": "LineString",
        "coordinates": [
          [
            -71.0518873,
            42.3797332
          ],
          [
            -71.0519071,
            42.3796539
          ]
        ]
      },
      "properties": {
        "osm_id": 336719696,
        "name": "Boston HarborWalk",
        "highway": "footway",
        "bridge": "yes",
        "sidewalk": "",
        "foot": "",
        "bicycle": "",
        "tags": {
          "bridge": "yes",
          "footway": "sidewalk",
          "highway": "footway",
          "layer": "1",
          "name": "Boston HarborWalk"
        }
      }
    },
    {
      "type": "Feature",
      "geometry": {
        "type": "LineString",
        "coordinates": [
          [
            -71.1192277,
            42.3674538
          ],
          [
            -71.1190026,
            42.3676668
          ]
        ]
      },
      "properties": {
        "osm_id": 354210192,
        "name": "",
        "highway": "footway",
        "bridge": "yes",
        "sidewalk": "",
        "foot": "",
        "bicycle": "",
        "tags": {
          "bridge": "yes",
          "highway": "footway",
          "layer": "1",
          "surface": "concrete"
        }
      }
    },
    {
      "type": "Feature",
      "geometry": {
        "type": "LineString",
        "coordinates": [
          [
            -71.1138889,
            42.3558743
          ],
          [
            -71.1136622,
            42.3560749
          ]
        ]
      },
      "properties": {
        "osm_id": 401020469,
        "name": "",
        "highway": "footway",
        "bridge": "yes",
        "sidewalk": "",
        "foot": "",
        "bicycle": "",
        "tags": {
          "bridge": "yes",
          "covered": "no",
          "highway": "footway",
          "incline": "0%",
          "layer": "1",
          "lit": "no",
          "motor_vehicle": "no",
          "stroller": "yes",
          "surface": "concrete",
          "wheelchair": "yes",
          "width": "2"
        }
      }
    },
    {
      "type": "Feature",
      "geometry": {
        "type": "LineString",
        "coordinates": [
          [
            -71.1136622,
            42.3560749
          ],
          [
            -71.1134255,
            42.3559247
          ],
          [
            -71.11339,
            42.3559578
          ],
          [
            -71.1139238,
            42.3562964
          ]
        ]
      },
      "properties": {
        "osm_id": 401020471,
        "name": "",
        "highway": "footway",
        "bridge": "yes",
        "sidewalk": "",
        "foot": "",
        "bicycle": "",
        "tags": {
          "bridge": "yes",
          "covered": "no",
          "highway": "footway",
          "incline": "down",
          "layer": "1",
          "lit": "no",
          "motor_vehicle": "no",
          "stroller": "yes",
          "surface": "concrete",
          "wheelchair": "yes",
          "width": "2"
        }
      }
    },
    {
      "type": "Feature",
      "geometry": {
        "type": "LineString",
        "coordinates": [
          [
            -71.0504981,
            42.360666
          ],
          [
            -71.0500356,
            42.3607539
          ]
        ]
      },
      "properties": {
        "osm_id": 419031025,
        "name": "",
        "highway": "footway",
        "bridge": "yes",
        "sidewalk": "",
        "foot": "",
        "bicycle": "",
        "tags": {
          "bridge": "yes",
          "highway": "footway",
          "layer": "1",
          "surface": "metal"
        }
      }
    },
    {
      "type": "Feature",
      "geometry": {
        "type": "LineString",
        "coordinates": [
          [
            -71.0508688,
            42.3543475
          ],
          [
            -71.0505675,
            42.354196
          ],
          [
            -71.048877,
            42.3533458
          ]
        ]
      },
      "properties": {
        "osm_id": 426488942,
        "name": "Seaport Boulevard",
        "highway": "primary",
        "bridge": "yes",
        "sidewalk": "",
        "foot": "",
        "bicycle": "yes",
        "tags": {
          "alt_name": "Evelyn Moakley Bridge",
          "attribution": "Office of Geographic and Environmental Information (MassGIS)",
          "bicycle": "yes",
          "bridge": "yes",
          "condition": "good",
          "cycleway:both:buffer": "yes",
          "highway": "primary",
          "lanes": "4",
          "layer": "1",
          "massgis:ref": "0 N380",
          "massgis:way_id": "154466",
          "maxspeed": "25 mph",
          "name": "Seaport Boulevard",
          "oneway": "no",
          "sidewalk:both": "separate",
          "smoothness": "good",
          "source": "massgis_import_v0.1_20071008193615",
          "surface": "concrete",
          "width": "24.4"
        }
      }
    },
    {
      "type": "Feature",
      "geometry": {
        "type": "LineString",
        "coordinates": [
          [
            -71.0644576,
            42.346988
          ],
          [
            -71.0643922,
            42.3472324
          ],
          [
            -71.0643865,
            42.3472623
          ]
        ]
      },
      "properties": {
        "osm_id": 426501416,
        "name": "Washington Street",
        "highway": "primary",
        "bridge": "yes",
        "sidewalk": "",
        "foot": "",
        "bicycle": "yes",
        "tags": {
          "attribution": "Office of Geographic and Environmental Information (MassGIS)",
          "bicycle": "yes",
          "bridge": "yes",
          "busway": "lane",
          "condition": "fair",
          "cycleway": "no",
          "highway": "primary",
          "lanes": "3",
          "layer": "1",
          "lit": "yes",
          "massgis:ref": "0 N112",
          "massgis:way_id": "132066",
          "maxspeed": "25 mph",
          "name": "Washington Street",
          "oneway": "yes",
          "oneway:bus": "no",
          "sidewalk:both": "separate",
          "source": "massgis_import_v0.1_20071008193615",
          "surface": "asphalt",
          "turn:lanes": "left||",
          "width": "16.8"
        }
      }
    },
    {
      "type": "Feature",
      "geometry": {
        "type": "LineString",
        "coordinates": [
          [
            -71.0888141,
            42.3491533
          ],
          [
            -71.088756,
            42.3490343
          ]
        ]
      },
      "properties": {
        "osm_id": 474876506,
        "name": "",
        "highway": "footway",
        "bridge": "yes",
        "sidewalk": "",
        "foot": "",
        "bicycle": "no",
        "tags": {
          "bicycle": "no",
          "bridge": "yes",
          "covered": "no",
          "dog": "yes",
          "footway": "sidewalk",
          "highway": "footway",
          "horse": "no",
          "incline": "0%",
          "layer": "1",
          "lit": "yes",
          "motor_vehicle": "no",
          "stroller": "yes",
          "surface": "concrete",
          "wheelchair": "yes",
          "width": "3"
        }
      }
    },
    {
      "type": "Feature",
      "geometry": {
        "type": "LineString",
        "coordinates": [
          [
            -71.0885192,
            42.3491936
          ],
          [
            -71.0884622,
            42.3490762
          ]
        ]
      },
      "properties": {
        "osm_id": 474876508,
        "name": "",
        "highway": "footway",
        "bridge": "yes",
        "sidewalk": "",
        "foot": "",
        "bicycle": "no",
        "tags": {
          "bicycle": "no",
          "bridge": "yes",
          "covered": "no",
          "dog": "yes",
          "footway": "sidewalk",
          "highway": "footway",
          "horse": "no",
          "incline": "0%",
          "layer": "1",
          "lit": "yes",
          "motor_vehicle": "no",
          "stroller": "yes",
          "surface": "concrete",
          "wheelchair": "yes",
          "width": "3"
        }
      }
    },
    {
      "type": "Feature",
      "geometry": {
        "type": "LineString",
        "coordinates": [
          [
            -71.0436872,
            42.35457
          ],
          [
            -71.0437491,
            42.3544719
          ],
          [
            -71.0438102,
            42.3543749
          ],
          [
            -71.044168,
            42.3538074
          ],
          [
            -71.0444449,
            42.3534282
          ],
          [
            -71.0444843,
            42.3533719
          ]
        ]
      },
      "properties": {
        "osm_id": 485212633,
        "name": "",
        "highway": "path",
        "bridge": "boardwalk",
        "sidewalk": "",
        "foot": "",
        "bicycle": "",
        "tags": {
          "bridge": "boardwalk",
          "highway": "path",
          "lit": "yes",
          "surface": "wood"
        }
      }
    },
    {
      "type": "Feature",
      "geometry": {
        "type": "LineString",
        "coordinates": [
          [
            -71.0712326,
            42.3496921
          ],
          [
            -71.0713427,
            42.349907
          ]
        ]
      },
      "properties": {
        "osm_id": 485933967,
        "name": "",
        "highway": "footway",
        "bridge": "yes",
        "sidewalk": "",
        "foot": "",
        "bicycle": "",
        "tags": {
          "bridge": "yes",
          "highway": "footway",
          "layer": "1"
        }
      }
    },
    {
      "type": "Feature",
      "geometry": {
        "type": "LineString",
        "coordinates": [
          [
            -71.0454506,
            42.3481715
          ],
          [
            -71.0454697,
            42.3481486
          ],
          [
            -71.0455035,
            42.3481081
          ],
          [
            -71.0455818,
            42.3480141
          ],
          [
            -71.0456066,
            42.3479844
          ],
          [
            -71.0456165,
            42.3479725
          ]
        ]
      },
      "properties": {
        "osm_id": 538567330,
        "name": "",
        "highway": "footway",
        "bridge": "yes",
        "sidewalk": "",
        "foot": "",
        "bicycle": "",
        "tags": {
          "bridge": "yes",
          "crossing": "marked",
          "crossing:markings": "ladder",
          "footway": "crossing",
          "highway": "footway",
          "layer": "1",
          "surface": "asphalt"
        }
      }
    },
    {
      "type": "Feature",
      "geometry": {
        "type": "LineString",
        "coordinates": [
          [
            -71.0440563,
            42.3471018
          ],
          [
            -71.0440305,
            42.3471248
          ],
          [
            -71.0439839,
            42.3471665
          ],
          [
            -71.0439315,
            42.3472133
          ]
        ]
      },
      "properties": {
        "osm_id": 538567353,
        "name": "",
        "highway": "footway",
        "bridge": "yes",
        "sidewalk": "",
        "foot": "",
        "bicycle": "",
        "tags": {
          "bridge": "yes",
          "crossing": "traffic_signals",
          "crossing:markings": "ladder",
          "crossing:signals": "yes",
          "footway": "crossing",
          "highway": "footway",
          "layer": "1"
        }
      }
    },
    {
      "type": "Feature",
      "geometry": {
        "type": "LineString",
        "coordinates": [
          [
            -71.0438146,
            42.3469068
          ],
          [
            -71.0439188,
            42.3469668
          ],
          [
            -71.0440778,
            42.3470585
          ]
        ]
      },
      "properties": {
        "osm_id": 538567354,
        "name": "",
        "highway": "footway",
        "bridge": "yes",
        "sidewalk": "",
        "foot": "",
        "bicycle": "",
        "tags": {
          "bridge": "yes",
          "crossing": "traffic_signals",
          "crossing:markings": "ladder",
          "crossing:signals": "yes",
          "footway": "crossing",
          "highway": "footway",
          "layer": "1"
        }
      }
    },
    {
      "type": "Feature",
      "geometry": {
        "type": "LineString",
        "coordinates": [
          [
            -71.0460461,
            42.3473191
          ],
          [
            -71.0460046,
            42.3473532
          ],
          [
            -71.0459438,
            42.3474025
          ]
        ]
      },
      "properties": {
        "osm_id": 538567370,
        "name": "",
        "highway": "footway",
        "bridge": "yes",
        "sidewalk": "",
        "foot": "",
        "bicycle": "",
        "tags": {
          "bridge": "yes",
          "crossing": "marked",
          "crossing:markings": "ladder",
          "footway": "crossing",
          "highway": "footway",
          "layer": "1"
        }
      }
    },
    {
      "type": "Feature",
      "geometry": {
        "type": "LineString",
        "coordinates": [
          [
            -71.0459438,
            42.3474025
          ],
          [
            -71.0448858,
            42.3474568
          ]
        ]
      },
      "properties": {
        "osm_id": 538567371,
        "name": "",
        "highway": "footway",
        "bridge": "yes",
        "sidewalk": "",
        "foot": "",
        "bicycle": "",
        "tags": {
          "bridge": "yes",
          "footway": "sidewalk",
          "highway": "footway",
          "layer": "1",
          "surface": "concrete"
        }
      }
    },
    {
      "type": "Feature",
      "geometry": {
        "type": "LineString",
        "coordinates": [
          [
            -71.0440785,
            42.3460216
          ],
          [
            -71.0440234,
            42.3460702
          ],
          [
            -71.0439917,
            42.3460975
          ]
        ]
      },
      "properties": {
        "osm_id": 538567372,
        "name": "",
        "highway": "footway",
        "bridge": "yes",
        "sidewalk": "",
        "foot": "",
        "bicycle": "",
        "tags": {
          "bridge": "yes",
          "crossing": "marked",
          "crossing:markings": "yes",
          "footway": "crossing",
          "highway": "footway",
          "layer": "1"
        }
      }
    },
    {
      "type": "Feature",
      "geometry": {
        "type": "LineString",
        "coordinates": [
          [
            -71.0439917,
            42.3460975
          ],
          [
            -71.0440845,
            42.3470255
          ],
          [
            -71.0440778,
            42.3470585
          ]
        ]
      },
      "properties": {
        "osm_id": 538567373,
        "name": "",
        "highway": "footway",
        "bridge": "yes",
        "sidewalk": "",
        "foot": "",
        "bicycle": "",
        "tags": {
          "bridge": "yes",
          "footway": "sidewalk",
          "highway": "footway",
          "layer": "1",
          "surface": "concrete"
        }
      }
    },
    {
      "type": "Feature",
      "geometry": {
        "type": "LineString",
        "coordinates": [
          [
            -71.0695989,
            42.3686149
          ],
          [
            -71.0695281,
            42.368687
          ]
        ]
      },
      "properties": {
        "osm_id": 541393211,
        "name": "",
        "highway": "footway",
        "bridge": "yes",
        "sidewalk": "",
        "foot": "",
        "bicycle": "",
        "tags": {
          "bridge": "yes",
          "highway": "footway",
          "incline": "down",
          "layer": "1",
          "ramp": "yes",
          "surface": "metal"
        }
      }
    },
    {
      "type": "Feature",
      "geometry": {
        "type": "LineString",
        "coordinates": [
          [
            -71.0492526,
            42.3588655
          ],
          [
            -71.0488458,
            42.3588247
          ]
        ]
      },
      "properties": {
        "osm_id": 564868868,
        "name": "",
        "highway": "footway",
        "bridge": "yes",
        "sidewalk": "",
        "foot": "",
        "bicycle": "",
        "tags": {
          "bridge": "yes",
          "ele": "1",
          "highway": "footway",
          "layer": "1",
          "surface": "metal"
        }
      }
    },
    {
      "type": "Feature",
      "geometry": {
        "type": "LineString",
        "coordinates": [
          [
            -71.0412436,
            42.3765469
          ],
          [
            -71.0414727,
            42.3765636
          ]
        ]
      },
      "properties": {
        "osm_id": 590660335,
        "name": "",
        "highway": "path",
        "bridge": "boardwalk",
        "sidewalk": "",
        "foot": "designated",
        "bicycle": "yes",
        "tags": {
          "bicycle": "yes",
          "bridge": "boardwalk",
          "foot": "designated",
          "highway": "path",
          "surface": "wood"
        }
      }
    },
    {
      "type": "Feature",
      "geometry": {
        "type": "LineString",
        "coordinates": [
          [
            -71.0496558,
            42.3755766
          ],
          [
            -71.0501345,
            42.375271
          ],
          [
            -71.0503396,
            42.3754528
          ],
          [
            -71.0506828,
            42.3751245
          ]
        ]
      },
      "properties": {
        "osm_id": 605950544,
        "name": "",
        "highway": "cycleway",
        "bridge": "yes",
        "sidewalk": "",
        "foot": "designated",
        "bicycle": "designated",
        "tags": {
          "bicycle": "designated",
          "bridge": "yes",
          "foot": "designated",
          "highway": "cycleway",
          "layer": "1",
          "surface": "wood"
        }
      }
    },
    {
      "type": "Feature",
      "geometry": {
        "type": "LineString",
        "coordinates": [
          [
            -71.0491415,
            42.3495472
          ],
          [
            -71.0491954,
            42.3495717
          ]
        ]
      },
      "properties": {
        "osm_id": 635010779,
        "name": "",
        "highway": "steps",
        "bridge": "yes",
        "sidewalk": "",
        "foot": "",
        "bicycle": "",
        "tags": {
          "bridge": "yes",
          "highway": "steps",
          "layer": "1"
        }
      }
    },
    {
      "type": "Feature",
      "geometry": {
        "type": "LineString",
        "coordinates": [
          [
            -71.048818,
            42.3497513
          ],
          [
            -71.0488316,
            42.3497575
          ],
          [
            -71.0488225,
            42.3497683
          ],
          [
            -71.048809,
            42.3497621
          ]
        ]
      },
      "properties": {
        "osm_id": 635012668,
        "name": "",
        "highway": "steps",
        "bridge": "yes",
        "sidewalk": "",
        "foot": "",
        "bicycle": "",
        "tags": {
          "bridge": "yes",
          "handrail": "yes",
          "highway": "steps",
          "layer": "1"
        }
      }
    },
    {
      "type": "Feature",
      "geometry": {
        "type": "LineString",
        "coordinates": [
          [
            -71.0442552,
            42.3548852
          ],
          [
            -71.0445049,
            42.3549586
          ]
        ]
      },
      "properties": {
        "osm_id": 660628019,
        "name": "Boston HarborWalk",
        "highway": "path",
        "bridge": "boardwalk",
        "sidewalk": "",
        "foot": "",
        "bicycle": "yes",
        "tags": {
          "bicycle": "yes",
          "bridge": "boardwalk",
          "highway": "path",
          "layer": "1",
          "name": "Boston HarborWalk",
          "surface": "wood"
        }
      }
    },
    {
      "type": "Feature",
      "geometry": {
        "type": "LineString",
        "coordinates": [
          [
            -71.0883601,
            42.3380639
          ],
          [
            -71.0883234,
            42.3379952
          ],
          [
            -71.0883027,
            42.3379578
          ],
          [
            -71.0882841,
            42.3379276
          ],
          [
            -71.0882636,
            42.3378965
          ],
          [
            -71.0882422,
            42.337868
          ],
          [
            -71.0882242,
            42.3378465
          ],
          [
            -71.0882006,
            42.3378202
          ],
          [
            -71.088168,
            42.3377889
          ],
          [
            -71.0881414,
            42.3377659
          ],
          [
            -71.0881129,
            42.3377428
          ],
          [
            -71.0880858,
            42.3377222
          ],
          [
            -71.088059,
            42.3377039
          ],
          [
            -71.0880245,
            42.3376828
          ],
          [
            -71.0879882,
            42.3376625
          ],
          [
            -71.0879513,
            42.3376429
          ],
          [
            -71.0879098,
            42.3376232
          ],
          [
            -71.0878755,
            42.3376084
          ],
          [
            -71.0878214,
            42.3375875
          ],
          [
            -71.0877784,
            42.3375739
          ],
          [
            -71.0877174,
            42.3375535
          ],
          [
            -71.087638,
            42.3376074
          ],
          [
            -71.0876182,
            42.3376212
          ],
          [
            -71.0875946,
            42.3376393
          ],
          [
            -71.0875684,
            42.337662
          ],
          [
            -71.0875528,
            42.3376791
          ],
          [
            -71.0875388,
            42.337696
          ],
          [
            -71.087528,
            42.3377113
          ],
          [
            -71.0875157,
            42.337733
          ],
          [
            -71.0875103,
            42.3377441
          ],
          [
            -71.0874964,
            42.3377681
          ],
          [
            -71.0874853,
            42.3377852
          ],
          [
            -71.0874715,
            42.3378017
          ],
          [
            -71.087447,
            42.3378251
          ],
          [
            -71.0874298,
            42.3378392
          ],
          [
            -71.0874124,
            42.3378499
          ],
          [
            -71.0873994,
            42.3378558
          ],
          [
            -71.0873846,
            42.3378612
          ],
          [
            -71.0873703,
            42.3378646
          ],
          [
            -71.0873524,
            42.3378671
          ],
          [
            -71.0873357,
            42.3378673
          ],
          [
            -71.0873208,
            42.3378658
          ],
          [
            -71.0873061,
            42.3378628
          ],
          [
            -71.0872925,
            42.3378576
          ],
          [
            -71.0872751,
            42.337848
          ],
          [
            -71.0872291,
            42.3378191
          ]
        ]
      },
      "properties": {
        "osm_id": 667495959,
        "name": "ISEC Pedestrian Bridge",
        "highway": "footway",
        "bridge": "yes",
        "sidewalk": "",
        "foot": "",
        "bicycle": "",
        "tags": {
          "bridge": "yes",
          "highway": "footway",
          "layer": "1",
          "lit": "yes",
          "name": "ISEC Pedestrian Bridge",
          "start_date": "May 2019",
          "surface": "concrete",
          "wheelchair": "yes"
        }
      }
    },
    {
      "type": "Feature",
      "geometry": {
        "type": "LineString",
        "coordinates": [
          [
            -71.0713627,
            42.3609547
          ],
          [
            -71.0714937,
            42.3609679
          ],
          [
            -71.0715604,
            42.3609748
          ],
          [
            -71.0716005,
            42.3609785
          ],
          [
            -71.0716252,
            42.3609805
          ],
          [
            -71.071646,
            42.3609814
          ],
          [
            -71.0716668,
            42.360982
          ],
          [
            -71.0716859,
            42.360981
          ],
          [
            -71.0717048,
            42.3609785
          ],
          [
            -71.0717259,
            42.3609735
          ],
          [
            -71.0717448,
            42.3609668
          ],
          [
            -71.0717634,
            42.3609586
          ],
          [
            -71.0717784,
            42.3609516
          ],
          [
            -71.0717939,
            42.3609435
          ],
          [
            -71.0718054,
            42.3609356
          ],
          [
            -71.0718202,
            42.3609246
          ],
          [
            -71.0718344,
            42.3609111
          ],
          [
            -71.0718453,
            42.3608969
          ],
          [
            -71.071853,
            42.3608864
          ],
          [
            -71.071859,
            42.3608751
          ],
          [
            -71.0718655,
            42.3608589
          ],
          [
            -71.0718693,
            42.3608461
          ],
          [
            -71.0718733,
            42.3608315
          ],
          [
            -71.0718788,
            42.3608165
          ],
          [
            -71.0718871,
            42.3608003
          ],
          [
            -71.071895,
            42.3607898
          ],
          [
            -71.0719067,
            42.3607768
          ],
          [
            -71.0719234,
            42.3607599
          ],
          [
            -71.0719341,
            42.3607513
          ],
          [
            -71.0719471,
            42.3607413
          ],
          [
            -71.0719657,
            42.3607297
          ],
          [
            -71.0719893,
            42.3607193
          ],
          [
            -71.072025,
            42.3607065
          ],
          [
            -71.0720907,
            42.3606848
          ]
        ]
      },
      "properties": {
        "osm_id": 689216563,
        "name": "Frances Appleton Bridge",
        "highway": "cycleway",
        "bridge": "yes",
        "sidewalk": "",
        "foot": "designated",
        "bicycle": "designated",
        "tags": {
          "access": "yes",
          "bicycle": "designated",
          "bridge": "yes",
          "covered": "no",
          "dog": "yes",
          "foot": "designated",
          "highway": "cycleway",
          "horse": "no",
          "incline": "up",
          "layer": "1",
          "lit": "yes",
          "motor_vehicle": "no",
          "name": "Frances Appleton Bridge",
          "segregated": "no",
          "stroller": "yes",
          "surface": "concrete",
          "wheelchair": "yes",
          "width": "4.3"
        }
      }
    },
    {
      "type": "Feature",
      "geometry": {
        "type": "LineString",
        "coordinates": [
          [
            -71.0419165,
            42.3731521
          ],
          [
            -71.0420508,
            42.372987
          ]
        ]
      },
      "properties": {
        "osm_id": 692398365,
        "name": "Boston Harborwalk",
        "highway": "path",
        "bridge": "yes",
        "sidewalk": "",
        "foot": "",
        "bicycle": "",
        "tags": {
          "bridge": "yes",
          "highway": "path",
          "layer": "1",
          "name": "Boston Harborwalk",
          "surface": "wood"
        }
      }
    },
    {
      "type": "Feature",
      "geometry": {
        "type": "LineString",
        "coordinates": [
          [
            -71.0678303,
            42.3777953
          ],
          [
            -71.067752,
            42.3778416
          ]
        ]
      },
      "properties": {
        "osm_id": 699823915,
        "name": "",
        "highway": "footway",
        "bridge": "yes",
        "sidewalk": "",
        "foot": "",
        "bicycle": "",
        "tags": {
          "bridge": "yes",
          "highway": "footway",
          "level": "1"
        }
      }
    },
    {
      "type": "Feature",
      "geometry": {
        "type": "LineString",
        "coordinates": [
          [
            -71.0673711,
            42.3773749
          ],
          [
            -71.0672833,
            42.3774284
          ]
        ]
      },
      "properties": {
        "osm_id": 699823916,
        "name": "",
        "highway": "footway",
        "bridge": "yes",
        "sidewalk": "",
        "foot": "",
        "bicycle": "",
        "tags": {
          "bridge": "yes",
          "highway": "footway",
          "level": "1"
        }
      }
    },
    {
      "type": "Feature",
      "geometry": {
        "type": "LineString",
        "coordinates": [
          [
            -71.0677695,
            42.3768478
          ],
          [
            -71.0678831,
            42.3769428
          ]
        ]
      },
      "properties": {
        "osm_id": 699823917,
        "name": "",
        "highway": "footway",
        "bridge": "yes",
        "sidewalk": "",
        "foot": "",
        "bicycle": "",
        "tags": {
          "bridge": "yes",
          "highway": "footway",
          "level": "1"
        }
      }
    },
    {
      "type": "Feature",
      "geometry": {
        "type": "LineString",
        "coordinates": [
          [
            -71.0685916,
            42.3770049
          ],
          [
            -71.0687264,
            42.3771277
          ]
        ]
      },
      "properties": {
        "osm_id": 699823918,
        "name": "",
        "highway": "footway",
        "bridge": "yes",
        "sidewalk": "",
        "foot": "",
        "bicycle": "",
        "tags": {
          "bridge": "yes",
          "highway": "footway",
          "level": "1"
        }
      }
    },
    {
      "type": "Feature",
      "geometry": {
        "type": "LineString",
        "coordinates": [
          [
            -71.0682165,
            42.3772434
          ],
          [
            -71.068355,
            42.3773639
          ]
        ]
      },
      "properties": {
        "osm_id": 699823919,
        "name": "",
        "highway": "footway",
        "bridge": "yes",
        "sidewalk": "",
        "foot": "",
        "bicycle": "",
        "tags": {
          "bridge": "yes",
          "highway": "footway",
          "level": "1"
        }
      }
    },
    {
      "type": "Feature",
      "geometry": {
        "type": "LineString",
        "coordinates": [
          [
            -71.0678092,
            42.3775023
          ],
          [
            -71.0679531,
            42.3776227
          ]
        ]
      },
      "properties": {
        "osm_id": 699823920,
        "name": "",
        "highway": "footway",
        "bridge": "yes",
        "sidewalk": "",
        "foot": "",
        "bicycle": "",
        "tags": {
          "bridge": "yes",
          "highway": "footway",
          "level": "1"
        }
      }
    },
    {
      "type": "Feature",
      "geometry": {
        "type": "LineString",
        "coordinates": [
          [
            -71.0688811,
            42.3775292
          ],
          [
            -71.0690176,
            42.3776539
          ]
        ]
      },
      "properties": {
        "osm_id": 699823921,
        "name": "",
        "highway": "footway",
        "bridge": "yes",
        "sidewalk": "",
        "foot": "",
        "bicycle": "",
        "tags": {
          "bridge": "yes",
          "highway": "footway",
          "level": "1"
        }
      }
    },
    {
      "type": "Feature",
      "geometry": {
        "type": "LineString",
        "coordinates": [
          [
            -71.0683714,
            42.3778532
          ],
          [
            -71.0685115,
            42.3779756
          ]
        ]
      },
      "properties": {
        "osm_id": 699823922,
        "name": "",
        "highway": "footway",
        "bridge": "yes",
        "sidewalk": "",
        "foot": "",
        "bicycle": "",
        "tags": {
          "bridge": "yes",
          "highway": "footway",
          "level": "1"
        }
      }
    },
    {
      "type": "Feature",
      "geometry": {
        "type": "LineString",
        "coordinates": [
          [
            -71.0687116,
            42.3783593
          ],
          [
            -71.0688363,
            42.3784699
          ]
        ]
      },
      "properties": {
        "osm_id": 699823923,
        "name": "",
        "highway": "footway",
        "bridge": "yes",
        "sidewalk": "",
        "foot": "",
        "bicycle": "",
        "tags": {
          "bridge": "yes",
          "highway": "footway",
          "level": "1"
        }
      }
    },
    {
      "type": "Feature",
      "geometry": {
        "type": "LineString",
        "coordinates": [
          [
            -71.0692206,
            42.3780357
          ],
          [
            -71.0693443,
            42.3781469
          ]
        ]
      },
      "properties": {
        "osm_id": 699823924,
        "name": "",
        "highway": "footway",
        "bridge": "yes",
        "sidewalk": "",
        "foot": "",
        "bicycle": "",
        "tags": {
          "bridge": "yes",
          "highway": "footway",
          "level": "1"
        }
      }
    },
    {
      "type": "Feature",
      "geometry": {
        "type": "LineString",
        "coordinates": [
          [
            -71.0408032,
            42.3497628
          ],
          [
            -71.0406683,
            42.3500692
          ]
        ]
      },
      "properties": {
        "osm_id": 700143597,
        "name": "",
        "highway": "path",
        "bridge": "yes",
        "sidewalk": "",
        "foot": "",
        "bicycle": "",
        "tags": {
          "bridge": "yes",
          "highway": "path",
          "layer": "1"
        }
      }
    },
    {
      "type": "Feature",
      "geometry": {
        "type": "LineString",
        "coordinates": [
          [
            -71.0419658,
            42.3673629
          ],
          [
            -71.0422184,
            42.367474
          ]
        ]
      },
      "properties": {
        "osm_id": 717889734,
        "name": "",
        "highway": "footway",
        "bridge": "yes",
        "sidewalk": "",
        "foot": "",
        "bicycle": "yes",
        "tags": {
          "bicycle": "yes",
          "bridge": "yes",
          "highway": "footway",
          "layer": "1",
          "surface": "wood"
        }
      }
    },
    {
      "type": "Feature",
      "geometry": {
        "type": "LineString",
        "coordinates": [
          [
            -71.0727489,
            42.3604504
          ],
          [
            -71.0727662,
            42.360423
          ],
          [
            -71.072779,
            42.3604026
          ],
          [
            -71.0727889,
            42.3603828
          ],
          [
            -71.0727956,
            42.3603697
          ],
          [
            -71.0728016,
            42.3603547
          ],
          [
            -71.072805,
            42.3603417
          ],
          [
            -71.072807,
            42.3603175
          ],
          [
            -71.0728046,
            42.3602915
          ],
          [
            -71.0727987,
            42.3602673
          ],
          [
            -71.0727891,
            42.3602447
          ],
          [
            -71.0727714,
            42.3602186
          ],
          [
            -71.0727577,
            42.3602028
          ],
          [
            -71.0727396,
            42.3601869
          ],
          [
            -71.0727232,
            42.3601746
          ],
          [
            -71.0726992,
            42.3601612
          ],
          [
            -71.0726724,
            42.3601478
          ],
          [
            -71.0726261,
            42.3601251
          ],
          [
            -71.0725891,
            42.3601078
          ],
          [
            -71.0725554,
            42.3600901
          ],
          [
            -71.072526,
            42.3600736
          ],
          [
            -71.0725126,
            42.3600644
          ],
          [
            -71.0725009,
            42.3600548
          ],
          [
            -71.0724834,
            42.3600409
          ],
          [
            -71.0724638,
            42.3600222
          ],
          [
            -71.0724479,
            42.3600029
          ]
        ]
      },
      "properties": {
        "osm_id": 722683719,
        "name": "Frances Appleton Bridge",
        "highway": "cycleway",
        "bridge": "yes",
        "sidewalk": "",
        "foot": "designated",
        "bicycle": "designated",
        "tags": {
          "bicycle": "designated",
          "bridge": "yes",
          "covered": "no",
          "dog": "yes",
          "foot": "designated",
          "highway": "cycleway",
          "horse": "no",
          "incline": "down",
          "layer": "1",
          "lit": "yes",
          "motor_vehicle": "no",
          "name": "Frances Appleton Bridge",
          "segregated": "no",
          "stroller": "yes",
          "surface": "concrete",
          "wheelchair": "yes",
          "width": "4.3"
        }
      }
    },
    {
      "type": "Feature",
      "geometry": {
        "type": "LineString",
        "coordinates": [
          [
            -71.0720907,
            42.3606848
          ],
          [
            -71.0720872,
            42.3606996
          ],
          [
            -71.0720822,
            42.3607173
          ],
          [
            -71.0720687,
            42.3607514
          ]
        ]
      },
      "properties": {
        "osm_id": 750567538,
        "name": "Frances Appleton Bridge",
        "highway": "footway",
        "bridge": "yes",
        "sidewalk": "",
        "foot": "yes",
        "bicycle": "no",
        "tags": {
          "access": "yes",
          "bicycle": "no",
          "bridge": "yes",
          "covered": "no",
          "dog": "yes",
          "foot": "yes",
          "highway": "footway",
          "horse": "no",
          "incline": "0%",
          "layer": "1",
          "lit": "yes",
          "motor_vehicle": "no",
          "name": "Frances Appleton Bridge",
          "smoothness": "excellent",
          "stroller": "yes",
          "surface": "concrete",
          "wheelchair": "yes",
          "width": "4.3"
        }
      }
    },
    {
      "type": "Feature",
      "geometry": {
        "type": "LineString",
        "coordinates": [
          [
            -71.0720687,
            42.3607514
          ],
          [
            -71.0720653,
            42.3607599
          ],
          [
            -71.0720626,
            42.3607698
          ],
          [
            -71.0720611,
            42.3607807
          ],
          [
            -71.0720614,
            42.3607901
          ],
          [
            -71.0720626,
            42.3607993
          ],
          [
            -71.0720641,
            42.3608061
          ],
          [
            -71.0720668,
            42.3608136
          ],
          [
            -71.07207,
            42.3608218
          ],
          [
            -71.0720728,
            42.3608282
          ],
          [
            -71.0720764,
            42.3608346
          ],
          [
            -71.0720792,
            42.3608399
          ],
          [
            -71.0720832,
            42.3608449
          ],
          [
            -71.0720951,
            42.3608587
          ]
        ]
      },
      "properties": {
        "osm_id": 750567539,
        "name": "Frances Appleton Bridge",
        "highway": "steps",
        "bridge": "yes",
        "sidewalk": "",
        "foot": "yes",
        "bicycle": "",
        "tags": {
          "access": "yes",
          "bridge": "yes",
          "covered": "no",
          "dog": "yes",
          "foot": "yes",
          "handrail": "yes",
          "highway": "steps",
          "incline": "down",
          "indoor": "no",
          "layer": "1",
          "level": "0;1",
          "lit": "yes",
          "name": "Frances Appleton Bridge",
          "ramp": "separate",
          "ramp:wheelchair": "separate",
          "step_count": "30",
          "stroller": "no",
          "surface": "concrete",
          "tactile_paving": "no",
          "wheelchair": "no",
          "width": "2.5"
        }
      }
    },
    {
      "type": "Feature",
      "geometry": {
        "type": "LineString",
        "coordinates": [
          [
            -71.117596,
            42.3642664
          ],
          [
            -71.116261,
            42.3643672
          ]
        ]
      },
      "properties": {
        "osm_id": 758823980,
        "name": "",
        "highway": "footway",
        "bridge": "yes",
        "sidewalk": "",
        "foot": "",
        "bicycle": "yes",
        "tags": {
          "bicycle": "yes",
          "bridge": "yes",
          "footway": "sidewalk",
          "highway": "footway",
          "layer": "1",
          "lit": "yes",
          "segregated": "no",
          "surface": "concrete"
        }
      }
    },
    {
      "type": "Feature",
      "geometry": {
        "type": "LineString",
        "coordinates": [
          [
            -71.1173303,
            42.3611236
          ],
          [
            -71.1162159,
            42.361481
          ]
        ]
      },
      "properties": {
        "osm_id": 759650243,
        "name": "",
        "highway": "footway",
        "bridge": "yes",
        "sidewalk": "",
        "foot": "",
        "bicycle": "yes",
        "tags": {
          "bicycle": "yes",
          "bridge": "yes",
          "covered": "no",
          "footway": "sidewalk",
          "highway": "footway",
          "incline": "0%",
          "layer": "1",
          "lit": "yes",
          "motor_vehicle": "no",
          "stroller": "yes",
          "surface": "concrete",
          "wheelchair": "yes",
          "width": "2"
        }
      }
    },
    {
      "type": "Feature",
      "geometry": {
        "type": "LineString",
        "coordinates": [
          [
            -71.1173146,
            42.3609822
          ],
          [
            -71.1161963,
            42.3613333
          ]
        ]
      },
      "properties": {
        "osm_id": 759650246,
        "name": "",
        "highway": "footway",
        "bridge": "yes",
        "sidewalk": "",
        "foot": "",
        "bicycle": "yes",
        "tags": {
          "bicycle": "yes",
          "bridge": "yes",
          "covered": "no",
          "footway": "sidewalk",
          "highway": "footway",
          "incline": "0%",
          "layer": "1",
          "lit": "yes",
          "motor_vehicle": "no",
          "parking:both": "no",
          "parking:both:restriction": "no_stopping",
          "stroller": "yes",
          "surface": "concrete",
          "wheelchair": "yes",
          "width": "2"
        }
      }
    },
    {
      "type": "Feature",
      "geometry": {
        "type": "LineString",
        "coordinates": [
          [
            -71.0728648,
            42.360478
          ],
          [
            -71.0728996,
            42.3604975
          ],
          [
            -71.0729145,
            42.3605091
          ],
          [
            -71.0729276,
            42.360522
          ],
          [
            -71.0729371,
            42.3605361
          ],
          [
            -71.0729422,
            42.3605483
          ],
          [
            -71.0729474,
            42.3605634
          ],
          [
            -71.07295,
            42.3605779
          ]
        ]
      },
      "properties": {
        "osm_id": 760884284,
        "name": "Frances Appleton Bridge",
        "highway": "steps",
        "bridge": "yes",
        "sidewalk": "",
        "foot": "yes",
        "bicycle": "",
        "tags": {
          "access": "yes",
          "bridge": "yes",
          "covered": "no",
          "dog": "yes",
          "foot": "yes",
          "handrail": "yes",
          "highway": "steps",
          "incline": "down",
          "indoor": "no",
          "layer": "1",
          "level": "0;1",
          "lit": "yes",
          "name": "Frances Appleton Bridge",
          "ramp": "separate",
          "ramp:wheelchair": "separate",
          "step_count": "30",
          "stroller": "no",
          "surface": "concrete",
          "tactile_paving": "no",
          "wheelchair": "no",
          "width": "2.5"
        }
      }
    },
    {
      "type": "Feature",
      "geometry": {
        "type": "LineString",
        "coordinates": [
          [
            -71.060241,
            42.3487839
          ],
          [
            -71.0603504,
            42.3485099
          ],
          [
            -71.0603988,
            42.34838
          ],
          [
            -71.0604555,
            42.3481927
          ],
          [
            -71.0605071,
            42.3479884
          ],
          [
            -71.0605699,
            42.3477514
          ],
          [
            -71.0606069,
            42.3476005
          ],
          [
            -71.0606434,
            42.3474614
          ],
          [
            -71.0606793,
            42.3473263
          ],
          [
            -71.0607586,
            42.3470495
          ],
          [
            -71.0608052,
            42.3468936
          ],
          [
            -71.0608674,
            42.3467017
          ],
          [
            -71.0609202,
            42.3465607
          ],
          [
            -71.0609549,
            42.3464715
          ],
          [
            -71.0611422,
            42.346019
          ],
          [
            -71.0611556,
            42.3459886
          ]
        ]
      },
      "properties": {
        "osm_id": 767990683,
        "name": "Albany Street",
        "highway": "cycleway",
        "bridge": "yes",
        "sidewalk": "",
        "foot": "designated",
        "bicycle": "designated",
        "tags": {
          "bicycle": "designated",
          "bridge": "yes",
          "foot": "designated",
          "highway": "cycleway",
          "layer": "1",
          "name": "Albany Street",
          "oneway": "no",
          "segregated": "no",
          "surface": "concrete"
        }
      }
    },
    {
      "type": "Feature",
      "geometry": {
        "type": "LineString",
        "coordinates": [
          [
            -71.0414904,
            42.3537209
          ],
          [
            -71.0414292,
            42.3537955
          ],
          [
            -71.0410809,
            42.3536479
          ],
          [
            -71.0411366,
            42.3535755
          ]
        ]
      },
      "properties": {
        "osm_id": 772541803,
        "name": "Boston HarborWalk",
        "highway": "path",
        "bridge": "boardwalk",
        "sidewalk": "",
        "foot": "",
        "bicycle": "yes",
        "tags": {
          "bicycle": "yes",
          "bridge": "boardwalk",
          "highway": "path",
          "layer": "1",
          "name": "Boston HarborWalk",
          "surface": "wood"
        }
      }
    },
    {
      "type": "Feature",
      "geometry": {
        "type": "LineString",
        "coordinates": [
          [
            -71.0732587,
            42.3713902
          ],
          [
            -71.0732088,
            42.3714704
          ]
        ]
      },
      "properties": {
        "osm_id": 775582248,
        "name": "",
        "highway": "footway",
        "bridge": "yes",
        "sidewalk": "",
        "foot": "",
        "bicycle": "",
        "tags": {
          "bridge": "yes",
          "highway": "footway",
          "layer": "1",
          "surface": "wood"
        }
      }
    },
    {
      "type": "Feature",
      "geometry": {
        "type": "LineString",
        "coordinates": [
          [
            -71.0865851,
            42.3474994
          ],
          [
            -71.0865852,
            42.3475054
          ],
          [
            -71.086093,
            42.3476398
          ]
        ]
      },
      "properties": {
        "osm_id": 802339169,
        "name": "Boylston Street",
        "highway": "footway",
        "bridge": "yes",
        "sidewalk": "",
        "foot": "",
        "bicycle": "no",
        "tags": {
          "bicycle": "no",
          "bridge": "yes",
          "covered": "no",
          "crossing": "traffic_signals",
          "crossing:island": "no",
          "dog": "yes",
          "footway": "sidewalk",
          "highway": "footway",
          "horse": "no",
          "incline": "0%",
          "layer": "1",
          "lit": "yes",
          "motor_vehicle": "no",
          "name": "Boylston Street",
          "stroller": "yes",
          "surface": "concrete",
          "tactile_paving": "yes",
          "traffic_signals": "signal",
          "wheelchair": "yes",
          "width": "3.6"
        }
      }
    },
    {
      "type": "Feature",
      "geometry": {
        "type": "LineString",
        "coordinates": [
          [
            -71.0919174,
            42.3487582
          ],
          [
            -71.091729,
            42.3487611
          ]
        ]
      },
      "properties": {
        "osm_id": 805166380,
        "name": "",
        "highway": "footway",
        "bridge": "yes",
        "sidewalk": "",
        "foot": "",
        "bicycle": "",
        "tags": {
          "bridge": "yes",
          "footway": "sidewalk",
          "highway": "footway",
          "layer": "1",
          "lit": "yes",
          "surface": "paving_stones"
        }
      }
    },
    {
      "type": "Feature",
      "geometry": {
        "type": "LineString",
        "coordinates": [
          [
            -71.0789369,
            42.354676
          ],
          [
            -71.0787933,
            42.3543788
          ]
        ]
      },
      "properties": {
        "osm_id": 806668962,
        "name": "Dartmouth Street Overpass",
        "highway": "cycleway",
        "bridge": "yes",
        "sidewalk": "",
        "foot": "designated",
        "bicycle": "dismount",
        "tags": {
          "bicycle": "dismount",
          "bridge": "yes",
          "covered": "no",
          "dog": "yes",
          "foot": "designated",
          "highway": "cycleway",
          "horse": "no",
          "incline": "0%",
          "layer": "1",
          "motor_vehicle": "no",
          "name": "Dartmouth Street Overpass",
          "segregated": "no",
          "stroller": "yes",
          "surface": "concrete"
        }
      }
    },
    {
      "type": "Feature",
      "geometry": {
        "type": "LineString",
        "coordinates": [
          [
            -71.0792708,
            42.3542477
          ],
          [
            -71.0787933,
            42.3543788
          ]
        ]
      },
      "properties": {
        "osm_id": 806668963,
        "name": "Dartmouth Street Overpass",
        "highway": "cycleway",
        "bridge": "yes",
        "sidewalk": "",
        "foot": "designated",
        "bicycle": "dismount",
        "tags": {
          "bicycle": "dismount",
          "bridge": "yes",
          "covered": "no",
          "dog": "yes",
          "foot": "designated",
          "highway": "cycleway",
          "horse": "no",
          "incline": "10%",
          "layer": "1",
          "motor_vehicle": "no",
          "name": "Dartmouth Street Overpass",
          "segregated": "no",
          "stroller": "yes",
          "surface": "concrete"
        }
      }
    },
    {
      "type": "Feature",
      "geometry": {
        "type": "LineString",
        "coordinates": [
          [
            -71.0844491,
            42.3528512
          ],
          [
            -71.0838839,
            42.3530053
          ]
        ]
      },
      "properties": {
        "osm_id": 807419772,
        "name": "Gloucester Street Overpass",
        "highway": "cycleway",
        "bridge": "yes",
        "sidewalk": "",
        "foot": "designated",
        "bicycle": "dismount",
        "tags": {
          "attribution": "Office of Geographic and Environmental Information (MassGIS)",
          "bicycle": "dismount",
          "bridge": "yes",
          "covered": "no",
          "dog": "yes",
          "foot": "designated",
          "highway": "cycleway",
          "horse": "no",
          "incline": "down",
          "layer": "1",
          "motor_vehicle": "no",
          "name": "Gloucester Street Overpass",
          "segregated": "no",
          "source": "massgis_import_v0.1_20071010205040",
          "stroller": "yes",
          "surface": "concrete"
        }
      }
    },
    {
      "type": "Feature",
      "geometry": {
        "type": "LineString",
        "coordinates": [
          [
            -71.0845649,
            42.3530814
          ],
          [
            -71.0844491,
            42.3528512
          ]
        ]
      },
      "properties": {
        "osm_id": 807419773,
        "name": "Gloucester Street Overpass",
        "highway": "cycleway",
        "bridge": "yes",
        "sidewalk": "",
        "foot": "designated",
        "bicycle": "dismount",
        "tags": {
          "attribution": "Office of Geographic and Environmental Information (MassGIS)",
          "bicycle": "dismount",
          "bridge": "yes",
          "covered": "no",
          "dog": "yes",
          "foot": "designated",
          "highway": "cycleway",
          "horse": "no",
          "incline": "0%",
          "layer": "1",
          "motor_vehicle": "no",
          "name": "Gloucester Street Overpass",
          "segregated": "no",
          "source": "massgis_import_v0.1_20071010205040",
          "stroller": "yes",
          "surface": "concrete"
        }
      }
    },
    {
      "type": "Feature",
      "geometry": {
        "type": "LineString",
        "coordinates": [
          [
            -71.0848124,
            42.3530162
          ],
          [
            -71.0845649,
            42.3530814
          ]
        ]
      },
      "properties": {
        "osm_id": 807419774,
        "name": "Gloucester Street Overpass",
        "highway": "cycleway",
        "bridge": "yes",
        "sidewalk": "",
        "foot": "designated",
        "bicycle": "dismount",
        "tags": {
          "attribution": "Office of Geographic and Environmental Information (MassGIS)",
          "bicycle": "dismount",
          "bridge": "yes",
          "covered": "no",
          "dog": "yes",
          "foot": "designated",
          "highway": "cycleway",
          "horse": "no",
          "incline": "up",
          "layer": "1",
          "lit": "yes",
          "motor_vehicle": "no",
          "name": "Gloucester Street Overpass",
          "segregated": "no",
          "stroller": "yes",
          "surface": "concrete"
        }
      }
    },
    {
      "type": "Feature",
      "geometry": {
        "type": "LineString",
        "coordinates": [
          [
            -71.0848247,
            42.3530411
          ],
          [
            -71.0848124,
            42.3530162
          ]
        ]
      },
      "properties": {
        "osm_id": 807419775,
        "name": "Gloucester Street Overpass",
        "highway": "cycleway",
        "bridge": "yes",
        "sidewalk": "",
        "foot": "designated",
        "bicycle": "dismount",
        "tags": {
          "attribution": "Office of Geographic and Environmental Information (MassGIS)",
          "bicycle": "dismount",
          "bridge": "yes",
          "covered": "no",
          "dog": "yes",
          "foot": "designated",
          "highway": "cycleway",
          "incline": "0%",
          "layer": "1",
          "lit": "no",
          "motor_vehicle": "no",
          "name": "Gloucester Street Overpass",
          "segregated": "no",
          "source": "massgis_import_v0.1_20071010205040",
          "stroller": "yes",
          "surface": "concrete"
        }
      }
    },
    {
      "type": "Feature",
      "geometry": {
        "type": "LineString",
        "coordinates": [
          [
            -71.0898692,
            42.3520791
          ],
          [
            -71.0900018,
            42.3523511
          ]
        ]
      },
      "properties": {
        "osm_id": 807423459,
        "name": "",
        "highway": "cycleway",
        "bridge": "yes",
        "sidewalk": "",
        "foot": "designated",
        "bicycle": "dismount",
        "tags": {
          "bicycle": "dismount",
          "bridge": "yes",
          "covered": "no",
          "dog": "yes",
          "foot": "designated",
          "highway": "cycleway",
          "horse": "no",
          "incline": "down",
          "layer": "1",
          "motor_vehicle": "no",
          "segregated": "no",
          "stroller": "yes",
          "surface": "concrete",
          "width": "2.5"
        }
      }
    },
    {
      "type": "Feature",
      "geometry": {
        "type": "LineString",
        "coordinates": [
          [
            -71.0900018,
            42.3523511
          ],
          [
            -71.0899135,
            42.3523754
          ]
        ]
      },
      "properties": {
        "osm_id": 807423460,
        "name": "",
        "highway": "cycleway",
        "bridge": "yes",
        "sidewalk": "",
        "foot": "designated",
        "bicycle": "dismount",
        "tags": {
          "bicycle": "dismount",
          "bridge": "yes",
          "covered": "no",
          "dog": "yes",
          "foot": "designated",
          "highway": "cycleway",
          "horse": "no",
          "incline": "0%",
          "layer": "1",
          "motor_vehicle": "no",
          "segregated": "no",
          "stroller": "yes",
          "surface": "concrete",
          "width": "2.5"
        }
      }
    },
    {
      "type": "Feature",
      "geometry": {
        "type": "LineString",
        "coordinates": [
          [
            -71.0899135,
            42.3523754
          ],
          [
            -71.0898075,
            42.3521624
          ],
          [
            -71.0898059,
            42.3521589
          ]
        ]
      },
      "properties": {
        "osm_id": 807423461,
        "name": "",
        "highway": "cycleway",
        "bridge": "yes",
        "sidewalk": "",
        "foot": "designated",
        "bicycle": "dismount",
        "tags": {
          "bicycle": "dismount",
          "bridge": "yes",
          "covered": "no",
          "dog": "yes",
          "foot": "designated",
          "highway": "cycleway",
          "horse": "no",
          "incline": "down",
          "layer": "1",
          "motor_vehicle": "no",
          "segregated": "no",
          "stroller": "yes",
          "surface": "concrete",
          "width": "2.5"
        }
      }
    },
    {
      "type": "Feature",
      "geometry": {
        "type": "LineString",
        "coordinates": [
          [
            -71.0818682,
            42.3609375
          ],
          [
            -71.0813312,
            42.360934
          ]
        ]
      },
      "properties": {
        "osm_id": 810642363,
        "name": "",
        "highway": "footway",
        "bridge": "yes",
        "sidewalk": "",
        "foot": "",
        "bicycle": "",
        "tags": {
          "bridge": "yes",
          "footway": "sidewalk",
          "highway": "footway",
          "layer": "1",
          "surface": "concrete"
        }
      }
    },
    {
      "type": "Feature",
      "geometry": {
        "type": "LineString",
        "coordinates": [
          [
            -71.079276,
            42.3616828
          ],
          [
            -71.0792482,
            42.3616807
          ],
          [
            -71.0788115,
            42.3616462
          ],
          [
            -71.0787337,
            42.3616407
          ],
          [
            -71.0759223,
            42.3614285
          ],
          [
            -71.0758245,
            42.3614211
          ],
          [
            -71.0750358,
            42.3613616
          ],
          [
            -71.0749329,
            42.3613538
          ],
          [
            -71.072825,
            42.3611954
          ],
          [
            -71.0725872,
            42.3611742
          ],
          [
            -71.0721323,
            42.3611264
          ],
          [
            -71.0720957,
            42.3611217
          ],
          [
            -71.0720548,
            42.3611157
          ],
          [
            -71.0715651,
            42.361024
          ]
        ]
      },
      "properties": {
        "osm_id": 810642367,
        "name": "",
        "highway": "footway",
        "bridge": "yes",
        "sidewalk": "",
        "foot": "yes",
        "bicycle": "",
        "tags": {
          "access": "yes",
          "bridge": "yes",
          "covered": "no",
          "foot": "yes",
          "footway": "sidewalk",
          "highway": "footway",
          "layer": "1",
          "lit": "yes",
          "motor_vehicle": "no",
          "smoothness": "excellent",
          "surface": "concrete"
        }
      }
    },
    {
      "type": "Feature",
      "geometry": {
        "type": "LineString",
        "coordinates": [
          [
            -71.050153,
            42.3494134
          ],
          [
            -71.0500666,
            42.3496028
          ]
        ]
      },
      "properties": {
        "osm_id": 812973367,
        "name": "",
        "highway": "footway",
        "bridge": "yes",
        "sidewalk": "",
        "foot": "",
        "bicycle": "",
        "tags": {
          "bridge": "yes",
          "highway": "footway",
          "layer": "1"
        }
      }
    },
    {
      "type": "Feature",
      "geometry": {
        "type": "LineString",
        "coordinates": [
          [
            -71.0606246,
            42.3438166
          ],
          [
            -71.0581204,
            42.3435229
          ],
          [
            -71.0579562,
            42.343491
          ]
        ]
      },
      "properties": {
        "osm_id": 812975007,
        "name": "",
        "highway": "footway",
        "bridge": "yes",
        "sidewalk": "",
        "foot": "",
        "bicycle": "",
        "tags": {
          "bridge": "yes",
          "footway": "sidewalk",
          "highway": "footway",
          "layer": "1"
        }
      }
    },
    {
      "type": "Feature",
      "geometry": {
        "type": "LineString",
        "coordinates": [
          [
            -71.0617866,
            42.3476043
          ],
          [
            -71.0618252,
            42.3475071
          ]
        ]
      },
      "properties": {
        "osm_id": 812991637,
        "name": "",
        "highway": "footway",
        "bridge": "yes",
        "sidewalk": "",
        "foot": "",
        "bicycle": "",
        "tags": {
          "bridge": "yes",
          "highway": "footway",
          "layer": "1"
        }
      }
    },
    {
      "type": "Feature",
      "geometry": {
        "type": "LineString",
        "coordinates": [
          [
            -71.0617648,
            42.3478664
          ],
          [
            -71.0618861,
            42.3478927
          ]
        ]
      },
      "properties": {
        "osm_id": 812991638,
        "name": "",
        "highway": "footway",
        "bridge": "yes",
        "sidewalk": "",
        "foot": "",
        "bicycle": "",
        "tags": {
          "bridge": "yes",
          "highway": "footway",
          "layer": "1"
        }
      }
    },
    {
      "type": "Feature",
      "geometry": {
        "type": "LineString",
        "coordinates": [
          [
            -71.0616174,
            42.3495952
          ],
          [
            -71.061529,
            42.3496608
          ]
        ]
      },
      "properties": {
        "osm_id": 812992727,
        "name": "",
        "highway": "footway",
        "bridge": "yes",
        "sidewalk": "",
        "foot": "",
        "bicycle": "",
        "tags": {
          "bridge": "yes",
          "highway": "footway",
          "layer": "1"
        }
      }
    },
    {
      "type": "Feature",
      "geometry": {
        "type": "LineString",
        "coordinates": [
          [
            -71.0622297,
            42.3506224
          ],
          [
            -71.0623366,
            42.350666
          ]
        ]
      },
      "properties": {
        "osm_id": 812992732,
        "name": "",
        "highway": "footway",
        "bridge": "yes",
        "sidewalk": "",
        "foot": "",
        "bicycle": "",
        "tags": {
          "bridge": "yes",
          "highway": "footway",
          "layer": "1"
        }
      }
    },
    {
      "type": "Feature",
      "geometry": {
        "type": "LineString",
        "coordinates": [
          [
            -71.0544373,
            42.3720398
          ],
          [
            -71.0545121,
            42.3720005
          ]
        ]
      },
      "properties": {
        "osm_id": 813015107,
        "name": "",
        "highway": "footway",
        "bridge": "yes",
        "sidewalk": "",
        "foot": "",
        "bicycle": "",
        "tags": {
          "bridge": "yes",
          "highway": "footway"
        }
      }
    },
    {
      "type": "Feature",
      "geometry": {
        "type": "LineString",
        "coordinates": [
          [
            -71.0542424,
            42.3717679
          ],
          [
            -71.0546034,
            42.3717246
          ]
        ]
      },
      "properties": {
        "osm_id": 813211707,
        "name": "",
        "highway": "footway",
        "bridge": "yes",
        "sidewalk": "",
        "foot": "",
        "bicycle": "",
        "tags": {
          "bridge": "yes",
          "highway": "footway",
          "layer": "1",
          "surface": "metal"
        }
      }
    },
    {
      "type": "Feature",
      "geometry": {
        "type": "LineString",
        "coordinates": [
          [
            -71.0527267,
            42.3729235
          ],
          [
            -71.0525322,
            42.3727584
          ],
          [
            -71.0523374,
            42.3725932
          ],
          [
            -71.0523156,
            42.3726065
          ],
          [
            -71.0527139,
            42.3729495
          ]
        ]
      },
      "properties": {
        "osm_id": 813211709,
        "name": "",
        "highway": "footway",
        "bridge": "yes",
        "sidewalk": "",
        "foot": "customers",
        "bicycle": "",
        "tags": {
          "bridge": "yes",
          "foot": "customers",
          "highway": "footway",
          "incline": "up",
          "layer": "1"
        }
      }
    },
    {
      "type": "Feature",
      "geometry": {
        "type": "LineString",
        "coordinates": [
          [
            -71.0542341,
            42.3717346
          ],
          [
            -71.0545972,
            42.371692
          ]
        ]
      },
      "properties": {
        "osm_id": 813211711,
        "name": "",
        "highway": "footway",
        "bridge": "yes",
        "sidewalk": "",
        "foot": "",
        "bicycle": "",
        "tags": {
          "bridge": "yes",
          "highway": "footway",
          "layer": "1",
          "surface": "metal"
        }
      }
    },
    {
      "type": "Feature",
      "geometry": {
        "type": "LineString",
        "coordinates": [
          [
            -71.0648046,
            42.3501745
          ],
          [
            -71.0648444,
            42.3500564
          ]
        ]
      },
      "properties": {
        "osm_id": 813282524,
        "name": "",
        "highway": "footway",
        "bridge": "yes",
        "sidewalk": "",
        "foot": "",
        "bicycle": "",
        "tags": {
          "bridge": "yes",
          "highway": "footway",
          "layer": "1"
        }
      }
    },
    {
      "type": "Feature",
      "geometry": {
        "type": "LineString",
        "coordinates": [
          [
            -71.0625319,
            42.350718
          ],
          [
            -71.0626054,
            42.3507254
          ]
        ]
      },
      "properties": {
        "osm_id": 813286284,
        "name": "",
        "highway": "footway",
        "bridge": "yes",
        "sidewalk": "",
        "foot": "",
        "bicycle": "",
        "tags": {
          "bridge": "yes",
          "highway": "footway",
          "layer": "1"
        }
      }
    },
    {
      "type": "Feature",
      "geometry": {
        "type": "LineString",
        "coordinates": [
          [
            -71.0710859,
            42.3625401
          ],
          [
            -71.0710961,
            42.3625333
          ],
          [
            -71.0710718,
            42.3625146
          ],
          [
            -71.0710492,
            42.3624945
          ],
          [
            -71.0710279,
            42.3624727
          ],
          [
            -71.0710089,
            42.3624503
          ],
          [
            -71.0709915,
            42.3624261
          ],
          [
            -71.0709749,
            42.3623994
          ],
          [
            -71.0709608,
            42.3623751
          ],
          [
            -71.0709491,
            42.3623473
          ],
          [
            -71.0709409,
            42.3623216
          ],
          [
            -71.0709355,
            42.3622942
          ]
        ]
      },
      "properties": {
        "osm_id": 813535027,
        "name": "",
        "highway": "footway",
        "bridge": "yes",
        "sidewalk": "",
        "foot": "",
        "bicycle": "",
        "tags": {
          "bridge": "yes",
          "footway": "sidewalk",
          "highway": "footway",
          "layer": "1"
        }
      }
    },
    {
      "type": "Feature",
      "geometry": {
        "type": "LineString",
        "coordinates": [
          [
            -71.0708563,
            42.3622783
          ],
          [
            -71.0709355,
            42.3622942
          ]
        ]
      },
      "properties": {
        "osm_id": 813535031,
        "name": "",
        "highway": "steps",
        "bridge": "yes",
        "sidewalk": "",
        "foot": "",
        "bicycle": "",
        "tags": {
          "access": "yes",
          "bridge": "yes",
          "handrail": "yes",
          "highway": "steps",
          "incline": "up",
          "layer": "1"
        }
      }
    },
    {
      "type": "Feature",
      "geometry": {
        "type": "LineString",
        "coordinates": [
          [
            -71.0828197,
            42.3602347
          ],
          [
            -71.0828129,
            42.3602233
          ],
          [
            -71.0827955,
            42.3601939
          ]
        ]
      },
      "properties": {
        "osm_id": 813542638,
        "name": "",
        "highway": "footway",
        "bridge": "yes",
        "sidewalk": "",
        "foot": "",
        "bicycle": "",
        "tags": {
          "bridge": "yes",
          "highway": "footway",
          "layer": "1",
          "lit": "no",
          "surface": "wood"
        }
      }
    },
    {
      "type": "Feature",
      "geometry": {
        "type": "LineString",
        "coordinates": [
          [
            -71.0982099,
            42.3456778
          ],
          [
            -71.0981945,
            42.3456379
          ]
        ]
      },
      "properties": {
        "osm_id": 813683128,
        "name": "",
        "highway": "steps",
        "bridge": "boardwalk",
        "sidewalk": "",
        "foot": "",
        "bicycle": "",
        "tags": {
          "bridge": "boardwalk",
          "highway": "steps",
          "incline": "up",
          "layer": "1",
          "surface": "concrete"
        }
      }
    },
    {
      "type": "Feature",
      "geometry": {
        "type": "LineString",
        "coordinates": [
          [
            -71.0981945,
            42.3456379
          ],
          [
            -71.0978831,
            42.3456628
          ]
        ]
      },
      "properties": {
        "osm_id": 813683129,
        "name": "",
        "highway": "steps",
        "bridge": "boardwalk",
        "sidewalk": "",
        "foot": "",
        "bicycle": "",
        "tags": {
          "access": "customers",
          "bridge": "boardwalk",
          "handrail": "yes",
          "highway": "steps",
          "incline": "up",
          "layer": "1",
          "surface": "concrete"
        }
      }
    },
    {
      "type": "Feature",
      "geometry": {
        "type": "LineString",
        "coordinates": [
          [
            -71.0920211,
            42.3474532
          ],
          [
            -71.0917673,
            42.347454
          ]
        ]
      },
      "properties": {
        "osm_id": 813683177,
        "name": "",
        "highway": "footway",
        "bridge": "yes",
        "sidewalk": "",
        "foot": "",
        "bicycle": "",
        "tags": {
          "bridge": "yes",
          "footway": "sidewalk",
          "highway": "footway",
          "layer": "1"
        }
      }
    },
    {
      "type": "Feature",
      "geometry": {
        "type": "LineString",
        "coordinates": [
          [
            -71.092494,
            42.347432
          ],
          [
            -71.0924938,
            42.3475703
          ],
          [
            -71.0925015,
            42.3476945
          ],
          [
            -71.0925201,
            42.3477961
          ],
          [
            -71.0925284,
            42.3478254
          ],
          [
            -71.0925489,
            42.3478812
          ],
          [
            -71.0926174,
            42.3480383
          ],
          [
            -71.0925932,
            42.3480439
          ],
          [
            -71.0925974,
            42.3480541
          ]
        ]
      },
      "properties": {
        "osm_id": 813739681,
        "name": "",
        "highway": "footway",
        "bridge": "yes",
        "sidewalk": "",
        "foot": "designated",
        "bicycle": "no",
        "tags": {
          "bicycle": "no",
          "bridge": "yes",
          "foot": "designated",
          "footway": "sidewalk",
          "highway": "footway",
          "horse": "no",
          "layer": "1",
          "motor_vehicle": "no",
          "surface": "concrete"
        }
      }
    },
    {
      "type": "Feature",
      "geometry": {
        "type": "LineString",
        "coordinates": [
          [
            -71.0916889,
            42.3492705
          ],
          [
            -71.091958,
            42.3492642
          ]
        ]
      },
      "properties": {
        "osm_id": 813915018,
        "name": "",
        "highway": "footway",
        "bridge": "yes",
        "sidewalk": "",
        "foot": "",
        "bicycle": "dismount",
        "tags": {
          "bicycle": "dismount",
          "bridge": "yes",
          "dog": "yes",
          "footway": "sidewalk",
          "highway": "footway",
          "horse": "no",
          "incline": "0%",
          "layer": "1",
          "lit": "no",
          "motor_vehicle": "no",
          "stroller": "yes",
          "surface": "paving_stones",
          "tactile_paving": "no",
          "wheelchair": "yes",
          "width": "7.6"
        }
      }
    },
    {
      "type": "Feature",
      "geometry": {
        "type": "LineString",
        "coordinates": [
          [
            -71.0921907,
            42.347434
          ],
          [
            -71.09219,
            42.3475289
          ],
          [
            -71.0921927,
            42.3477271
          ],
          [
            -71.0921887,
            42.3478282
          ],
          [
            -71.0921779,
            42.3478877
          ],
          [
            -71.0921578,
            42.3479462
          ],
          [
            -71.092127,
            42.3480126
          ],
          [
            -71.092076,
            42.34808
          ],
          [
            -71.0920103,
            42.3481642
          ],
          [
            -71.091836,
            42.3483803
          ],
          [
            -71.0917448,
            42.3484907
          ],
          [
            -71.0916898,
            42.3485846
          ],
          [
            -71.0916319,
            42.3487048
          ]
        ]
      },
      "properties": {
        "osm_id": 813915029,
        "name": "",
        "highway": "footway",
        "bridge": "yes",
        "sidewalk": "",
        "foot": "",
        "bicycle": "dismount",
        "tags": {
          "bicycle": "dismount",
          "bridge": "yes",
          "footway": "sidewalk",
          "highway": "footway",
          "horse": "no",
          "incline": "down",
          "layer": "1",
          "motor_vehicle": "no",
          "surface": "concrete"
        }
      }
    },
    {
      "type": "Feature",
      "geometry": {
        "type": "LineString",
        "coordinates": [
          [
            -71.1015665,
            42.360681
          ],
          [
            -71.1016914,
            42.3605693
          ]
        ]
      },
      "properties": {
        "osm_id": 813976687,
        "name": "",
        "highway": "footway",
        "bridge": "yes",
        "sidewalk": "",
        "foot": "",
        "bicycle": "",
        "tags": {
          "bridge": "yes",
          "highway": "footway",
          "layer": "1",
          "surface": "carpet"
        }
      }
    },
    {
      "type": "Feature",
      "geometry": {
        "type": "LineString",
        "coordinates": [
          [
            -71.0545951,
            42.3411177
          ],
          [
            -71.0544947,
            42.3410522
          ],
          [
            -71.0544125,
            42.3409986
          ]
        ]
      },
      "properties": {
        "osm_id": 814781729,
        "name": "",
        "highway": "footway",
        "bridge": "yes",
        "sidewalk": "",
        "foot": "",
        "bicycle": "",
        "tags": {
          "bridge": "yes",
          "footway": "sidewalk",
          "highway": "footway",
          "layer": "1"
        }
      }
    },
    {
      "type": "Feature",
      "geometry": {
        "type": "LineString",
        "coordinates": [
          [
            -71.0544351,
            42.3412532
          ],
          [
            -71.0543341,
            42.3411883
          ],
          [
            -71.0542514,
            42.3411351
          ]
        ]
      },
      "properties": {
        "osm_id": 814781736,
        "name": "",
        "highway": "footway",
        "bridge": "yes",
        "sidewalk": "",
        "foot": "",
        "bicycle": "",
        "tags": {
          "bridge": "yes",
          "footway": "sidewalk",
          "highway": "footway",
          "layer": "1"
        }
      }
    },
    {
      "type": "Feature",
      "geometry": {
        "type": "LineString",
        "coordinates": [
          [
            -71.0553051,
            42.3403735
          ],
          [
            -71.0552249,
            42.3403205
          ]
        ]
      },
      "properties": {
        "osm_id": 814781752,
        "name": "",
        "highway": "footway",
        "bridge": "yes",
        "sidewalk": "",
        "foot": "",
        "bicycle": "",
        "tags": {
          "bridge": "yes",
          "footway": "sidewalk",
          "highway": "footway",
          "layer": "1"
        }
      }
    },
    {
      "type": "Feature",
      "geometry": {
        "type": "LineString",
        "coordinates": [
          [
            -71.0553885,
            42.3404285
          ],
          [
            -71.0553051,
            42.3403735
          ]
        ]
      },
      "properties": {
        "osm_id": 814781753,
        "name": "",
        "highway": "footway",
        "bridge": "yes",
        "sidewalk": "",
        "foot": "",
        "bicycle": "",
        "tags": {
          "bridge": "yes",
          "footway": "sidewalk",
          "highway": "footway",
          "layer": "1"
        }
      }
    },
    {
      "type": "Feature",
      "geometry": {
        "type": "LineString",
        "coordinates": [
          [
            -71.0598228,
            42.3700727
          ],
          [
            -71.0598621,
            42.3700589
          ],
          [
            -71.0600072,
            42.3702347
          ]
        ]
      },
      "properties": {
        "osm_id": 815038147,
        "name": "",
        "highway": "footway",
        "bridge": "yes",
        "sidewalk": "",
        "foot": "",
        "bicycle": "",
        "tags": {
          "bridge": "yes",
          "highway": "footway",
          "layer": "1"
        }
      }
    },
    {
      "type": "Feature",
      "geometry": {
        "type": "LineString",
        "coordinates": [
          [
            -71.0596691,
            42.3708603
          ],
          [
            -71.0597928,
            42.3708055
          ]
        ]
      },
      "properties": {
        "osm_id": 815038159,
        "name": "",
        "highway": "footway",
        "bridge": "yes",
        "sidewalk": "",
        "foot": "",
        "bicycle": "",
        "tags": {
          "bridge": "yes",
          "highway": "footway",
          "layer": "1"
        }
      }
    },
    {
      "type": "Feature",
      "geometry": {
        "type": "LineString",
        "coordinates": [
          [
            -71.0608642,
            42.3714193
          ],
          [
            -71.0609777,
            42.3712923
          ]
        ]
      },
      "properties": {
        "osm_id": 815038162,
        "name": "",
        "highway": "footway",
        "bridge": "yes",
        "sidewalk": "",
        "foot": "",
        "bicycle": "",
        "tags": {
          "bridge": "yes",
          "highway": "footway",
          "layer": "1",
          "surface": "paving_stones"
        }
      }
    },
    {
      "type": "Feature",
      "geometry": {
        "type": "LineString",
        "coordinates": [
          [
            -71.0518873,
            42.3797332
          ],
          [
            -71.0516248,
            42.3806907
          ]
        ]
      },
      "properties": {
        "osm_id": 815070383,
        "name": "Boston HarborWalk",
        "highway": "footway",
        "bridge": "yes",
        "sidewalk": "",
        "foot": "",
        "bicycle": "",
        "tags": {
          "bridge": "yes",
          "footway": "sidewalk",
          "highway": "footway",
          "layer": "1",
          "name": "Boston HarborWalk"
        }
      }
    },
    {
      "type": "Feature",
      "geometry": {
        "type": "LineString",
        "coordinates": [
          [
            -71.0921963,
            42.3500304
          ],
          [
            -71.0925591,
            42.3499455
          ]
        ]
      },
      "properties": {
        "osm_id": 815075736,
        "name": "",
        "highway": "footway",
        "bridge": "yes",
        "sidewalk": "",
        "foot": "",
        "bicycle": "",
        "tags": {
          "bridge": "yes",
          "footway": "sidewalk",
          "highway": "footway",
          "layer": "1",
          "surface": "concrete"
        }
      }
    },
    {
      "type": "Feature",
      "geometry": {
        "type": "LineString",
        "coordinates": [
          [
            -71.0919259,
            42.349123
          ],
          [
            -71.0917314,
            42.349126
          ]
        ]
      },
      "properties": {
        "osm_id": 815075739,
        "name": "",
        "highway": "footway",
        "bridge": "yes",
        "sidewalk": "",
        "foot": "",
        "bicycle": "",
        "tags": {
          "bridge": "yes",
          "footway": "sidewalk",
          "highway": "footway",
          "layer": "1",
          "surface": "paving_stones"
        }
      }
    },
    {
      "type": "Feature",
      "geometry": {
        "type": "LineString",
        "coordinates": [
          [
            -71.0917352,
            42.3489422
          ],
          [
            -71.0919259,
            42.3489392
          ]
        ]
      },
      "properties": {
        "osm_id": 815075741,
        "name": "",
        "highway": "footway",
        "bridge": "yes",
        "sidewalk": "",
        "foot": "",
        "bicycle": "",
        "tags": {
          "bridge": "yes",
          "footway": "sidewalk",
          "highway": "footway",
          "layer": "1",
          "surface": "paving_stones"
        }
      }
    },
    {
      "type": "Feature",
      "geometry": {
        "type": "LineString",
        "coordinates": [
          [
            -71.1045929,
            42.345276
          ],
          [
            -71.1044697,
            42.3450398
          ]
        ]
      },
      "properties": {
        "osm_id": 815133940,
        "name": "Park Drive",
        "highway": "footway",
        "bridge": "yes",
        "sidewalk": "",
        "foot": "",
        "bicycle": "",
        "tags": {
          "bridge": "yes",
          "covered": "no",
          "footway": "sidewalk",
          "highway": "footway",
          "incline": "0%",
          "layer": "1",
          "lit": "no",
          "name": "Park Drive",
          "stroller": "yes",
          "surface": "concrete",
          "wheelchair": "yes",
          "width": "6.7"
        }
      }
    },
    {
      "type": "Feature",
      "geometry": {
        "type": "LineString",
        "coordinates": [
          [
            -71.1109194,
            42.350625
          ],
          [
            -71.1111486,
            42.3507172
          ],
          [
            -71.1111918,
            42.3507225
          ],
          [
            -71.1112044,
            42.3507253
          ],
          [
            -71.1112234,
            42.3507344
          ],
          [
            -71.1112546,
            42.35075
          ],
          [
            -71.1112752,
            42.3507566
          ],
          [
            -71.1113071,
            42.3507607
          ],
          [
            -71.1121511,
            42.3508609
          ]
        ]
      },
      "properties": {
        "osm_id": 815133962,
        "name": "Commonwealth Avenue",
        "highway": "cycleway",
        "bridge": "yes",
        "sidewalk": "",
        "foot": "",
        "bicycle": "",
        "tags": {
          "bridge": "yes",
          "highway": "cycleway",
          "layer": "1",
          "name": "Commonwealth Avenue",
          "oneway": "yes",
          "surface": "asphalt"
        }
      }
    },
    {
      "type": "Feature",
      "geometry": {
        "type": "LineString",
        "coordinates": [
          [
            -71.0598041,
            42.357668
          ],
          [
            -71.0598581,
            42.3576881
          ]
        ]
      },
      "properties": {
        "osm_id": 816253626,
        "name": "",
        "highway": "footway",
        "bridge": "yes",
        "sidewalk": "",
        "foot": "",
        "bicycle": "",
        "tags": {
          "bridge": "yes",
          "highway": "footway",
          "layer": "1"
        }
      }
    },
    {
      "type": "Feature",
      "geometry": {
        "type": "LineString",
        "coordinates": [
          [
            -71.1043155,
            42.3454197
          ],
          [
            -71.1042843,
            42.3453571
          ],
          [
            -71.1042497,
            42.3452898
          ],
          [
            -71.1042334,
            42.3452582
          ],
          [
            -71.1041964,
            42.345186
          ]
        ]
      },
      "properties": {
        "osm_id": 816366940,
        "name": "Park Drive",
        "highway": "footway",
        "bridge": "yes",
        "sidewalk": "",
        "foot": "",
        "bicycle": "",
        "tags": {
          "bridge": "yes",
          "footway": "sidewalk",
          "highway": "footway",
          "layer": "1",
          "name": "Park Drive",
          "surface": "concrete"
        }
      }
    },
    {
      "type": "Feature",
      "geometry": {
        "type": "LineString",
        "coordinates": [
          [
            -71.0787689,
            42.3619469
          ],
          [
            -71.0787729,
            42.3619125
          ]
        ]
      },
      "properties": {
        "osm_id": 816807998,
        "name": "",
        "highway": "footway",
        "bridge": "yes",
        "sidewalk": "",
        "foot": "yes",
        "bicycle": "yes",
        "tags": {
          "bicycle": "yes",
          "bridge": "yes",
          "covered": "no",
          "dog": "leashed",
          "foot": "yes",
          "highway": "footway",
          "incline": "0%",
          "layer": "1",
          "lit": "yes",
          "motor_vehicle": "no",
          "smoothness": "good",
          "stroller": "no",
          "surface": "concrete",
          "wheelchair": "no",
          "width": "3"
        }
      }
    },
    {
      "type": "Feature",
      "geometry": {
        "type": "LineString",
        "coordinates": [
          [
            -71.0787384,
            42.3616041
          ],
          [
            -71.0787337,
            42.3616407
          ]
        ]
      },
      "properties": {
        "osm_id": 817075953,
        "name": "",
        "highway": "footway",
        "bridge": "yes",
        "sidewalk": "",
        "foot": "yes",
        "bicycle": "yes",
        "tags": {
          "bicycle": "yes",
          "bridge": "yes",
          "covered": "no",
          "dog": "leashed",
          "foot": "yes",
          "highway": "footway",
          "incline": "0%",
          "layer": "1",
          "lit": "yes",
          "motor_vehicle": "no",
          "smoothness": "excellent",
          "stroller": "no",
          "surface": "concrete",
          "wheelchair": "no",
          "width": "3"
        }
      }
    },
    {
      "type": "Feature",
      "geometry": {
        "type": "LineString",
        "coordinates": [
          [
            -71.0739529,
            42.3686751
          ],
          [
            -71.0742324,
            42.368409
          ],
          [
            -71.0743122,
            42.3683354
          ]
        ]
      },
      "properties": {
        "osm_id": 817179149,
        "name": "",
        "highway": "footway",
        "bridge": "yes",
        "sidewalk": "",
        "foot": "",
        "bicycle": "",
        "tags": {
          "bridge": "yes",
          "footway": "sidewalk",
          "highway": "footway",
          "layer": "1",
          "lit": "yes",
          "surface": "concrete"
        }
      }
    },
    {
      "type": "Feature",
      "geometry": {
        "type": "LineString",
        "coordinates": [
          [
            -71.079192,
            42.3619707
          ],
          [
            -71.0792031,
            42.3619682
          ],
          [
            -71.0792084,
            42.3619633
          ],
          [
            -71.0792099,
            42.3619454
          ]
        ]
      },
      "properties": {
        "osm_id": 817179154,
        "name": "",
        "highway": "footway",
        "bridge": "yes",
        "sidewalk": "",
        "foot": "",
        "bicycle": "",
        "tags": {
          "bridge": "yes",
          "highway": "footway",
          "layer": "1",
          "lit": "yes",
          "smoothness": "good",
          "surface": "paving_stones"
        }
      }
    },
    {
      "type": "Feature",
      "geometry": {
        "type": "LineString",
        "coordinates": [
          [
            -71.0786821,
            42.3619432
          ],
          [
            -71.0786865,
            42.3619048
          ]
        ]
      },
      "properties": {
        "osm_id": 817179158,
        "name": "",
        "highway": "footway",
        "bridge": "yes",
        "sidewalk": "",
        "foot": "yes",
        "bicycle": "yes",
        "tags": {
          "bicycle": "yes",
          "bridge": "yes",
          "covered": "no",
          "dog": "leashed",
          "foot": "yes",
          "highway": "footway",
          "incline": "0%",
          "layer": "1",
          "lit": "yes",
          "motor_vehicle": "no",
          "smoothness": "good",
          "stroller": "no",
          "surface": "concrete",
          "wheelchair": "no",
          "width": "3"
        }
      }
    },
    {
      "type": "Feature",
      "geometry": {
        "type": "LineString",
        "coordinates": [
          [
            -71.0709401,
            42.3611489
          ],
          [
            -71.0709419,
            42.3611339
          ],
          [
            -71.0709437,
            42.3611195
          ],
          [
            -71.0714311,
            42.3611604
          ],
          [
            -71.0715574,
            42.3611709
          ],
          [
            -71.0719914,
            42.3612072
          ],
          [
            -71.0719879,
            42.361231
          ],
          [
            -71.0716427,
            42.361204
          ],
          [
            -71.0715558,
            42.3611973
          ],
          [
            -71.0715392,
            42.3611959
          ],
          [
            -71.0714636,
            42.3611899
          ],
          [
            -71.0713968,
            42.3611847
          ],
          [
            -71.0713458,
            42.3611807
          ],
          [
            -71.0712256,
            42.3611713
          ],
          [
            -71.0711307,
            42.3611638
          ],
          [
            -71.0710197,
            42.3611551
          ],
          [
            -71.0709401,
            42.3611489
          ]
        ]
      },
      "properties": {
        "osm_id": 817302555,
        "name": "Charles/MGH (Ashmont/Braintree)",
        "highway": "",
        "bridge": "yes",
        "sidewalk": "",
        "foot": "designated",
        "bicycle": "dismount",
        "tags": {
          "area": "yes",
          "bench": "yes",
          "bicycle": "dismount",
          "bin": "yes",
          "bridge": "yes",
          "covered": "yes",
          "departures_board": "realtime",
          "foot": "designated",
          "gtfs:stop_id": "70073",
          "horse": "no",
          "indoor": "no",
          "layer": "1",
          "level": "1",
          "lit": "yes",
          "location": "indoor",
          "motor_vehicle": "no",
          "name": "Charles/MGH (Ashmont/Braintree)",
          "network": "MBTA",
          "network:guid": "US-MA-MBTA",
          "network:short": "MBTA",
          "network:wikidata": "Q171985",
          "network:wikipedia": "en:Massachusetts Bay Transportation Authority",
          "operator": "Massachusetts Bay Transportation Authority",
          "operator:short": "MBTA",
          "operator:wikidata": "Q171985",
          "public_transport": "platform",
          "railway": "platform",
          "ref": "70073",
          "subway": "yes",
          "surface": "concrete",
          "tactile_paving": "yes",
          "tunnel": "yes",
          "wheelchair": "yes"
        }
      }
    },
    {
      "type": "Feature",
      "geometry": {
        "type": "LineString",
        "coordinates": [
          [
            -71.0704033,
            42.3611875
          ],
          [
            -71.0705554,
            42.3612199
          ],
          [
            -71.0707353,
            42.3612333
          ],
          [
            -71.0709302,
            42.3612292
          ]
        ]
      },
      "properties": {
        "osm_id": 817342930,
        "name": "",
        "highway": "corridor",
        "bridge": "yes",
        "sidewalk": "",
        "foot": "yes",
        "bicycle": "dismount",
        "tags": {
          "access": "yes",
          "bicycle": "dismount",
          "bridge": "yes",
          "covered": "yes",
          "foot": "yes",
          "highway": "corridor",
          "horse": "no",
          "incline": "0%",
          "indoor": "yes",
          "layer": "1",
          "level": "1",
          "lit": "yes",
          "location": "indoor",
          "motor_vehicle": "no",
          "oneway": "no",
          "smoothness": "good",
          "stroller": "yes",
          "surface": "concrete",
          "tactile_paving": "no",
          "wheelchair": "yes",
          "width": "10"
        }
      }
    },
    {
      "type": "Feature",
      "geometry": {
        "type": "LineString",
        "coordinates": [
          [
            -71.0727489,
            42.3604504
          ],
          [
            -71.0727599,
            42.3604499
          ],
          [
            -71.0727709,
            42.3604505
          ],
          [
            -71.0727906,
            42.360453
          ],
          [
            -71.0728064,
            42.3604563
          ],
          [
            -71.0728184,
            42.3604596
          ],
          [
            -71.0728432,
            42.3604686
          ],
          [
            -71.0728648,
            42.360478
          ]
        ]
      },
      "properties": {
        "osm_id": 817361892,
        "name": "Frances Appleton Bridge",
        "highway": "footway",
        "bridge": "yes",
        "sidewalk": "",
        "foot": "yes",
        "bicycle": "",
        "tags": {
          "bridge": "yes",
          "covered": "no",
          "dog": "yes",
          "foot": "yes",
          "highway": "footway",
          "horse": "no",
          "incline": "0%",
          "layer": "1",
          "lit": "yes",
          "motor_vehicle": "no",
          "name": "Frances Appleton Bridge",
          "smoothness": "excellent",
          "stroller": "yes",
          "surface": "concrete",
          "wheelchair": "yes",
          "width": "4.3"
        }
      }
    },
    {
      "type": "Feature",
      "geometry": {
        "type": "LineString",
        "coordinates": [
          [
            -71.0709419,
            42.3611339
          ],
          [
            -71.0708665,
            42.3611266
          ],
          [
            -71.0707525,
            42.3610895
          ],
          [
            -71.0704745,
            42.3610461
          ]
        ]
      },
      "properties": {
        "osm_id": 817407001,
        "name": "",
        "highway": "corridor",
        "bridge": "yes",
        "sidewalk": "",
        "foot": "yes",
        "bicycle": "dismount",
        "tags": {
          "access": "yes",
          "bicycle": "dismount",
          "bridge": "yes",
          "covered": "yes",
          "foot": "yes",
          "highway": "corridor",
          "horse": "no",
          "incline": "0%",
          "indoor": "yes",
          "layer": "1",
          "level": "1",
          "lit": "yes",
          "location": "indoor",
          "motor_vehicle": "no",
          "oneway": "no",
          "smoothness": "good",
          "stroller": "yes",
          "surface": "concrete",
          "tactile_paving": "no",
          "wheelchair": "yes",
          "width": "10"
        }
      }
    },
    {
      "type": "Feature",
      "geometry": {
        "type": "LineString",
        "coordinates": [
          [
            -71.0712118,
            42.3612678
          ],
          [
            -71.0713329,
            42.3612769
          ],
          [
            -71.0714163,
            42.3612831
          ],
          [
            -71.0714167,
            42.3612742
          ],
          [
            -71.071976,
            42.3613187
          ],
          [
            -71.071977,
            42.3613058
          ],
          [
            -71.0719776,
            42.36129
          ],
          [
            -71.0715526,
            42.3612575
          ],
          [
            -71.0714309,
            42.3612484
          ],
          [
            -71.0713402,
            42.3612415
          ],
          [
            -71.0712441,
            42.3612341
          ],
          [
            -71.0711473,
            42.3612268
          ],
          [
            -71.0710398,
            42.3612186
          ],
          [
            -71.070957,
            42.3612123
          ],
          [
            -71.0709422,
            42.3612111
          ],
          [
            -71.0709369,
            42.3612107
          ],
          [
            -71.0709325,
            42.3612104
          ],
          [
            -71.0709302,
            42.3612292
          ],
          [
            -71.070928,
            42.3612466
          ],
          [
            -71.0712118,
            42.3612678
          ]
        ]
      },
      "properties": {
        "osm_id": 817407002,
        "name": "Charles/MGH (Alewife)",
        "highway": "",
        "bridge": "yes",
        "sidewalk": "",
        "foot": "designated",
        "bicycle": "dismount",
        "tags": {
          "area": "yes",
          "bench": "yes",
          "bicycle": "dismount",
          "bin": "yes",
          "bridge": "yes",
          "covered": "yes",
          "departures_board": "realtime",
          "foot": "designated",
          "gtfs:stop_id": "70074",
          "horse": "no",
          "indoor": "no",
          "layer": "1",
          "level": "1",
          "lit": "yes",
          "location": "indoor",
          "motor_vehicle": "no",
          "name": "Charles/MGH (Alewife)",
          "network": "MBTA",
          "network:guid": "US-MA-MBTA",
          "network:short": "MBTA",
          "network:wikidata": "Q171985",
          "network:wikipedia": "en:Massachusetts Bay Transportation Authority",
          "operator": "Massachusetts Bay Transportation Authority",
          "operator:short": "MBTA",
          "operator:wikidata": "Q171985",
          "public_transport": "platform",
          "railway": "platform",
          "ref": "70074",
          "subway": "yes",
          "surface": "concrete",
          "tactile_paving": "yes",
          "tunnel": "yes",
          "wheelchair": "yes"
        }
      }
    },
    {
      "type": "Feature",
      "geometry": {
        "type": "LineString",
        "coordinates": [
          [
            -71.072416,
            42.3613368
          ],
          [
            -71.0724182,
            42.3613183
          ],
          [
            -71.0719776,
            42.36129
          ],
          [
            -71.071977,
            42.3613058
          ],
          [
            -71.072416,
            42.3613368
          ]
        ]
      },
      "properties": {
        "osm_id": 817407005,
        "name": "Charles/MGH - Red Line - Alewife",
        "highway": "",
        "bridge": "yes",
        "sidewalk": "",
        "foot": "designated",
        "bicycle": "dismount",
        "tags": {
          "area": "yes",
          "bench": "yes",
          "bicycle": "dismount",
          "bridge": "yes",
          "covered": "no",
          "departures_board": "realtime",
          "foot": "designated",
          "gtfs:stop_id": "70074",
          "horse": "no",
          "indoor": "no",
          "layer": "1",
          "level": "1",
          "lit": "yes",
          "location": "outdoor",
          "motor_vehicle": "no",
          "name": "Charles/MGH - Red Line - Alewife",
          "network": "MBTA",
          "network:guid": "US-MA-MBTA",
          "network:short": "MBTA",
          "network:wikidata": "Q171985",
          "network:wikipedia": "en:Massachusetts Bay Transportation Authority",
          "operator": "Massachusetts Bay Transportation Authority",
          "operator:short": "MBTA",
          "operator:wikidata": "Q171985",
          "public_transport": "platform",
          "railway": "platform",
          "ref": "70074",
          "subway": "yes",
          "surface": "concrete",
          "wheelchair": "yes"
        }
      }
    },
    {
      "type": "Feature",
      "geometry": {
        "type": "LineString",
        "coordinates": [
          [
            -71.0538004,
            42.3628202
          ],
          [
            -71.053667,
            42.3627212
          ]
        ]
      },
      "properties": {
        "osm_id": 817766654,
        "name": "",
        "highway": "footway",
        "bridge": "yes",
        "sidewalk": "",
        "foot": "",
        "bicycle": "",
        "tags": {
          "bridge": "yes",
          "footway": "sidewalk",
          "highway": "footway",
          "layer": "1"
        }
      }
    },
    {
      "type": "Feature",
      "geometry": {
        "type": "LineString",
        "coordinates": [
          [
            -71.0535848,
            42.3627822
          ],
          [
            -71.0537054,
            42.3628714
          ]
        ]
      },
      "properties": {
        "osm_id": 817766661,
        "name": "",
        "highway": "footway",
        "bridge": "yes",
        "sidewalk": "",
        "foot": "",
        "bicycle": "",
        "tags": {
          "bridge": "yes",
          "footway": "sidewalk",
          "highway": "footway",
          "layer": "1"
        }
      }
    },
    {
      "type": "Feature",
      "geometry": {
        "type": "LineString",
        "coordinates": [
          [
            -71.0787729,
            42.3619125
          ],
          [
            -71.0786865,
            42.3619048
          ],
          [
            -71.0782566,
            42.3618667
          ],
          [
            -71.0758951,
            42.3616864
          ],
          [
            -71.0757821,
            42.3616778
          ],
          [
            -71.0757051,
            42.3616719
          ],
          [
            -71.0754327,
            42.3616511
          ],
          [
            -71.0750446,
            42.3616204
          ],
          [
            -71.0750077,
            42.3616176
          ],
          [
            -71.074894,
            42.3616091
          ],
          [
            -71.0748198,
            42.3616036
          ],
          [
            -71.0744375,
            42.3615743
          ],
          [
            -71.0742712,
            42.3615624
          ],
          [
            -71.0740647,
            42.3615461
          ],
          [
            -71.0736074,
            42.3615129
          ],
          [
            -71.0733191,
            42.3614931
          ],
          [
            -71.0730468,
            42.3614693
          ],
          [
            -71.0727654,
            42.36145
          ],
          [
            -71.0723979,
            42.3614277
          ],
          [
            -71.0720898,
            42.3614147
          ],
          [
            -71.0720124,
            42.3614106
          ],
          [
            -71.0718581,
            42.3614018
          ],
          [
            -71.071707,
            42.3613955
          ],
          [
            -71.0716053,
            42.3613975
          ],
          [
            -71.0715447,
            42.3614028
          ]
        ]
      },
      "properties": {
        "osm_id": 817775844,
        "name": "",
        "highway": "footway",
        "bridge": "yes",
        "sidewalk": "",
        "foot": "yes",
        "bicycle": "no",
        "tags": {
          "access": "yes",
          "bicycle": "no",
          "bridge": "yes",
          "covered": "no",
          "foot": "yes",
          "footway": "sidewalk",
          "highway": "footway",
          "horse": "no",
          "layer": "1",
          "lit": "yes",
          "motor_vehicle": "no",
          "smoothness": "good",
          "surface": "concrete",
          "width": "3"
        }
      }
    },
    {
      "type": "Feature",
      "geometry": {
        "type": "LineString",
        "coordinates": [
          [
            -71.0526913,
            42.3514806
          ],
          [
            -71.0526508,
            42.3514638
          ],
          [
            -71.0510903,
            42.350747
          ]
        ]
      },
      "properties": {
        "osm_id": 817790603,
        "name": "",
        "highway": "footway",
        "bridge": "yes",
        "sidewalk": "",
        "foot": "",
        "bicycle": "",
        "tags": {
          "bridge": "yes",
          "footway": "sidewalk",
          "highway": "footway",
          "layer": "1",
          "surface": "concrete"
        }
      }
    },
    {
      "type": "Feature",
      "geometry": {
        "type": "LineString",
        "coordinates": [
          [
            -71.0513779,
            42.3545629
          ],
          [
            -71.0510706,
            42.3543253
          ],
          [
            -71.0510183,
            42.3542905
          ],
          [
            -71.0509677,
            42.3542596
          ],
          [
            -71.0508979,
            42.3542227
          ],
          [
            -71.0506897,
            42.3541174
          ],
          [
            -71.0489585,
            42.3532416
          ]
        ]
      },
      "properties": {
        "osm_id": 817790609,
        "name": "",
        "highway": "footway",
        "bridge": "yes",
        "sidewalk": "",
        "foot": "",
        "bicycle": "",
        "tags": {
          "bridge": "yes",
          "covered": "no",
          "footway": "sidewalk",
          "highway": "footway",
          "layer": "1",
          "surface": "concrete",
          "width": "2.3"
        }
      }
    },
    {
      "type": "Feature",
      "geometry": {
        "type": "LineString",
        "coordinates": [
          [
            -71.0487971,
            42.3534498
          ],
          [
            -71.0495204,
            42.3538062
          ],
          [
            -71.0503378,
            42.3542264
          ],
          [
            -71.0507298,
            42.3544243
          ],
          [
            -71.0507728,
            42.3544479
          ],
          [
            -71.0508143,
            42.3544722
          ],
          [
            -71.0508565,
            42.3545005
          ],
          [
            -71.0509004,
            42.3545336
          ],
          [
            -71.0511511,
            42.3547311
          ]
        ]
      },
      "properties": {
        "osm_id": 817790610,
        "name": "",
        "highway": "footway",
        "bridge": "yes",
        "sidewalk": "",
        "foot": "",
        "bicycle": "",
        "tags": {
          "bridge": "yes",
          "footway": "sidewalk",
          "highway": "footway",
          "layer": "1",
          "smoothness": "good",
          "surface": "concrete",
          "width": "2.3"
        }
      }
    },
    {
      "type": "Feature",
      "geometry": {
        "type": "LineString",
        "coordinates": [
          [
            -71.050939,
            42.3541503
          ],
          [
            -71.050861,
            42.3541166
          ]
        ]
      },
      "properties": {
        "osm_id": 818474461,
        "name": "",
        "highway": "footway",
        "bridge": "yes",
        "sidewalk": "",
        "foot": "",
        "bicycle": "",
        "tags": {
          "bridge": "yes",
          "highway": "footway",
          "layer": "1",
          "surface": "wood"
        }
      }
    },
    {
      "type": "Feature",
      "geometry": {
        "type": "LineString",
        "coordinates": [
          [
            -71.0486787,
            42.3621264
          ],
          [
            -71.0484943,
            42.3621631
          ]
        ]
      },
      "properties": {
        "osm_id": 818517474,
        "name": "",
        "highway": "steps",
        "bridge": "yes",
        "sidewalk": "",
        "foot": "",
        "bicycle": "",
        "tags": {
          "bridge": "yes",
          "highway": "steps",
          "incline": "down",
          "layer": "1"
        }
      }
    },
    {
      "type": "Feature",
      "geometry": {
        "type": "LineString",
        "coordinates": [
          [
            -71.04964,
            42.356546
          ],
          [
            -71.0498589,
            42.356546
          ]
        ]
      },
      "properties": {
        "osm_id": 818614386,
        "name": "",
        "highway": "footway",
        "bridge": "yes",
        "sidewalk": "",
        "foot": "",
        "bicycle": "",
        "tags": {
          "bridge": "yes",
          "highway": "footway",
          "layer": "1"
        }
      }
    },
    {
      "type": "Feature",
      "geometry": {
        "type": "LineString",
        "coordinates": [
          [
            -71.0496701,
            42.3559944
          ],
          [
            -71.0495729,
            42.3561208
          ]
        ]
      },
      "properties": {
        "osm_id": 818614388,
        "name": "",
        "highway": "footway",
        "bridge": "yes",
        "sidewalk": "",
        "foot": "",
        "bicycle": "",
        "tags": {
          "bridge": "yes",
          "highway": "footway",
          "layer": "1"
        }
      }
    },
    {
      "type": "Feature",
      "geometry": {
        "type": "LineString",
        "coordinates": [
          [
            -71.0496805,
            42.3556523
          ],
          [
            -71.0498846,
            42.35571
          ]
        ]
      },
      "properties": {
        "osm_id": 818614390,
        "name": "",
        "highway": "footway",
        "bridge": "yes",
        "sidewalk": "",
        "foot": "",
        "bicycle": "",
        "tags": {
          "bridge": "yes",
          "highway": "footway",
          "layer": "1"
        }
      }
    },
    {
      "type": "Feature",
      "geometry": {
        "type": "LineString",
        "coordinates": [
          [
            -71.0507196,
            42.3596273
          ],
          [
            -71.0505356,
            42.3595103
          ]
        ]
      },
      "properties": {
        "osm_id": 818624501,
        "name": "",
        "highway": "footway",
        "bridge": "yes",
        "sidewalk": "",
        "foot": "",
        "bicycle": "",
        "tags": {
          "bridge": "yes",
          "highway": "footway",
          "layer": "1"
        }
      }
    },
    {
      "type": "Feature",
      "geometry": {
        "type": "LineString",
        "coordinates": [
          [
            -71.0645233,
            42.3472922
          ],
          [
            -71.0646639,
            42.3467706
          ]
        ]
      },
      "properties": {
        "osm_id": 819279863,
        "name": "",
        "highway": "footway",
        "bridge": "yes",
        "sidewalk": "",
        "foot": "",
        "bicycle": "",
        "tags": {
          "bridge": "yes",
          "footway": "sidewalk",
          "highway": "footway",
          "layer": "1"
        }
      }
    },
    {
      "type": "Feature",
      "geometry": {
        "type": "LineString",
        "coordinates": [
          [
            -71.0657453,
            42.3469448
          ],
          [
            -71.0656231,
            42.347562
          ]
        ]
      },
      "properties": {
        "osm_id": 819279865,
        "name": "",
        "highway": "footway",
        "bridge": "yes",
        "sidewalk": "",
        "foot": "",
        "bicycle": "",
        "tags": {
          "bridge": "yes",
          "footway": "sidewalk",
          "highway": "footway",
          "layer": "1"
        }
      }
    },
    {
      "type": "Feature",
      "geometry": {
        "type": "LineString",
        "coordinates": [
          [
            -71.0658176,
            42.3476049
          ],
          [
            -71.0659465,
            42.3469821
          ]
        ]
      },
      "properties": {
        "osm_id": 819279866,
        "name": "",
        "highway": "footway",
        "bridge": "yes",
        "sidewalk": "",
        "foot": "",
        "bicycle": "",
        "tags": {
          "bridge": "yes",
          "footway": "sidewalk",
          "highway": "footway",
          "layer": "1",
          "lit": "no",
          "surface": "asphalt"
        }
      }
    },
    {
      "type": "Feature",
      "geometry": {
        "type": "LineString",
        "coordinates": [
          [
            -71.0683212,
            42.3479181
          ],
          [
            -71.0683337,
            42.3479033
          ],
          [
            -71.0686288,
            42.3476684
          ],
          [
            -71.0686451,
            42.3476585
          ],
          [
            -71.0686641,
            42.3476537
          ],
          [
            -71.0686796,
            42.3476519
          ],
          [
            -71.0686942,
            42.347653
          ],
          [
            -71.0687052,
            42.3476555
          ],
          [
            -71.0687252,
            42.3476603
          ],
          [
            -71.0687387,
            42.3476654
          ],
          [
            -71.0687536,
            42.3476732
          ],
          [
            -71.0687627,
            42.3476801
          ],
          [
            -71.0687732,
            42.3476907
          ],
          [
            -71.0690035,
            42.3479501
          ],
          [
            -71.068999,
            42.347992
          ]
        ]
      },
      "properties": {
        "osm_id": 819279873,
        "name": "",
        "highway": "footway",
        "bridge": "yes",
        "sidewalk": "",
        "foot": "",
        "bicycle": "",
        "tags": {
          "bridge": "yes",
          "footway": "sidewalk",
          "highway": "footway",
          "layer": "1"
        }
      }
    },
    {
      "type": "Feature",
      "geometry": {
        "type": "LineString",
        "coordinates": [
          [
            -71.068373,
            42.3475904
          ],
          [
            -71.0679528,
            42.3479046
          ]
        ]
      },
      "properties": {
        "osm_id": 819279875,
        "name": "",
        "highway": "footway",
        "bridge": "yes",
        "sidewalk": "",
        "foot": "",
        "bicycle": "",
        "tags": {
          "bridge": "yes",
          "footway": "sidewalk",
          "highway": "footway",
          "layer": "1"
        }
      }
    },
    {
      "type": "Feature",
      "geometry": {
        "type": "LineString",
        "coordinates": [
          [
            -71.062592,
            42.3501691
          ],
          [
            -71.0627501,
            42.3501701
          ]
        ]
      },
      "properties": {
        "osm_id": 819561611,
        "name": "",
        "highway": "footway",
        "bridge": "yes",
        "sidewalk": "",
        "foot": "",
        "bicycle": "",
        "tags": {
          "bridge": "yes",
          "highway": "footway",
          "layer": "1"
        }
      }
    },
    {
      "type": "Feature",
      "geometry": {
        "type": "LineString",
        "coordinates": [
          [
            -71.0896504,
            42.3514325
          ],
          [
            -71.0897752,
            42.351688
          ]
        ]
      },
      "properties": {
        "osm_id": 820802429,
        "name": "",
        "highway": "footway",
        "bridge": "yes",
        "sidewalk": "",
        "foot": "",
        "bicycle": "dismount",
        "tags": {
          "bicycle": "dismount",
          "bridge": "yes",
          "covered": "no",
          "footway": "sidewalk",
          "highway": "footway",
          "horse": "no",
          "incline": "0%",
          "layer": "1",
          "lit": "yes",
          "motor_vehicle": "no",
          "stroller": "yes",
          "surface": "concrete",
          "wheelchair": "limited",
          "width": "2.7"
        }
      }
    },
    {
      "type": "Feature",
      "geometry": {
        "type": "LineString",
        "coordinates": [
          [
            -71.0847201,
            42.3534108
          ],
          [
            -71.0847716,
            42.3535094
          ]
        ]
      },
      "properties": {
        "osm_id": 820802430,
        "name": "",
        "highway": "footway",
        "bridge": "yes",
        "sidewalk": "",
        "foot": "designated",
        "bicycle": "yes",
        "tags": {
          "access": "yes",
          "bicycle": "yes",
          "bridge": "yes",
          "covered": "no",
          "dog": "yes",
          "foot": "designated",
          "highway": "footway",
          "horse": "no",
          "incline": "down",
          "layer": "1",
          "lit": "yes",
          "motor_vehicle": "no",
          "oneway": "no",
          "stroller": "yes",
          "surface": "paving_stones",
          "tactile_paving": "no",
          "wheelchair": "limited",
          "width": "4"
        }
      }
    },
    {
      "type": "Feature",
      "geometry": {
        "type": "LineString",
        "coordinates": [
          [
            -71.0811709,
            42.3543708
          ],
          [
            -71.0812248,
            42.3544685
          ]
        ]
      },
      "properties": {
        "osm_id": 820802432,
        "name": "",
        "highway": "footway",
        "bridge": "yes",
        "sidewalk": "",
        "foot": "",
        "bicycle": "yes",
        "tags": {
          "bicycle": "yes",
          "bridge": "yes",
          "covered": "no",
          "dog": "yes",
          "highway": "footway",
          "horse": "no",
          "incline": "down",
          "lit": "yes",
          "motor_vehicle": "no",
          "oneway": "no",
          "smoothness": "good",
          "stroller": "yes",
          "surface": "paving_stones",
          "tactile_paving": "no",
          "wheelchair": "limited",
          "width": "4"
        }
      }
    },
    {
      "type": "Feature",
      "geometry": {
        "type": "LineString",
        "coordinates": [
          [
            -71.0512734,
            42.3520289
          ],
          [
            -71.0509725,
            42.3519041
          ]
        ]
      },
      "properties": {
        "osm_id": 822604872,
        "name": "Boston HarborWalk",
        "highway": "footway",
        "bridge": "movable",
        "sidewalk": "",
        "foot": "",
        "bicycle": "",
        "tags": {
          "alt_name": "Congress Street Bridge",
          "bridge": "movable",
          "bridge:movable": "bascule",
          "highway": "footway",
          "name": "Boston HarborWalk"
        }
      }
    },
    {
      "type": "Feature",
      "geometry": {
        "type": "LineString",
        "coordinates": [
          [
            -71.0509725,
            42.3519041
          ],
          [
            -71.0503904,
            42.3516645
          ]
        ]
      },
      "properties": {
        "osm_id": 822604877,
        "name": "Boston HarborWalk",
        "highway": "footway",
        "bridge": "yes",
        "sidewalk": "",
        "foot": "",
        "bicycle": "",
        "tags": {
          "alt_name": "Congress Street Bridge",
          "bridge": "yes",
          "footway": "sidewalk",
          "highway": "footway",
          "layer": "1",
          "name": "Boston HarborWalk"
        }
      }
    },
    {
      "type": "Feature",
      "geometry": {
        "type": "LineString",
        "coordinates": [
          [
            -71.0492195,
            42.3527411
          ],
          [
            -71.0491592,
            42.3528989
          ]
        ]
      },
      "properties": {
        "osm_id": 822606446,
        "name": "",
        "highway": "footway",
        "bridge": "yes",
        "sidewalk": "",
        "foot": "",
        "bicycle": "",
        "tags": {
          "bridge": "yes",
          "highway": "footway",
          "layer": "1"
        }
      }
    },
    {
      "type": "Feature",
      "geometry": {
        "type": "LineString",
        "coordinates": [
          [
            -71.0782897,
            42.3624879
          ],
          [
            -71.0782711,
            42.3625522
          ],
          [
            -71.0782472,
            42.362614
          ]
        ]
      },
      "properties": {
        "osm_id": 822621169,
        "name": "Dr. Paul Dudley White Path",
        "highway": "cycleway",
        "bridge": "yes",
        "sidewalk": "",
        "foot": "designated",
        "bicycle": "designated",
        "tags": {
          "bicycle": "designated",
          "bridge": "yes",
          "foot": "designated",
          "highway": "cycleway",
          "layer": "1",
          "lit": "no",
          "name": "Dr. Paul Dudley White Path",
          "name:etymology:wikidata": "Q366363",
          "oneway": "no",
          "segregated": "no",
          "source": "Doug Mink <dmink@massbike.org>",
          "surface": "concrete",
          "width": "3"
        }
      }
    },
    {
      "type": "Feature",
      "geometry": {
        "type": "LineString",
        "coordinates": [
          [
            -71.0788787,
            42.3626793
          ],
          [
            -71.0789513,
            42.3623469
          ]
        ]
      },
      "properties": {
        "osm_id": 822621170,
        "name": "",
        "highway": "footway",
        "bridge": "movable",
        "sidewalk": "",
        "foot": "",
        "bicycle": "yes",
        "tags": {
          "bicycle": "yes",
          "bridge": "movable",
          "bridge:movable": "bascule",
          "footway": "sidewalk",
          "highway": "footway",
          "layer": "1",
          "lit": "no",
          "surface": "wood"
        }
      }
    },
    {
      "type": "Feature",
      "geometry": {
        "type": "LineString",
        "coordinates": [
          [
            -71.0787037,
            42.3626578
          ],
          [
            -71.0787577,
            42.3624605
          ],
          [
            -71.0787872,
            42.3623244
          ]
        ]
      },
      "properties": {
        "osm_id": 822621171,
        "name": "",
        "highway": "footway",
        "bridge": "yes",
        "sidewalk": "",
        "foot": "",
        "bicycle": "",
        "tags": {
          "bridge": "yes",
          "footway": "sidewalk",
          "highway": "footway",
          "layer": "1",
          "lit": "no",
          "surface": "wood"
        }
      }
    },
    {
      "type": "Feature",
      "geometry": {
        "type": "LineString",
        "coordinates": [
          [
            -71.0783347,
            42.3622819
          ],
          [
            -71.0782897,
            42.3624879
          ]
        ]
      },
      "properties": {
        "osm_id": 822621172,
        "name": "Dr. Paul Dudley White Path",
        "highway": "cycleway",
        "bridge": "movable",
        "sidewalk": "",
        "foot": "designated",
        "bicycle": "designated",
        "tags": {
          "bicycle": "designated",
          "bridge": "movable",
          "bridge:movable": "bascule",
          "foot": "designated",
          "highway": "cycleway",
          "layer": "1",
          "lit": "no",
          "name": "Dr. Paul Dudley White Path",
          "name:etymology:wikidata": "Q366363",
          "oneway": "no",
          "segregated": "no",
          "source": "Doug Mink <dmink@massbike.org>",
          "surface": "concrete",
          "width": "2"
        }
      }
    },
    {
      "type": "Feature",
      "geometry": {
        "type": "LineString",
        "coordinates": [
          [
            -71.0732108,
            42.3476604
          ],
          [
            -71.0727958,
            42.347988
          ],
          [
            -71.0727932,
            42.3479993
          ],
          [
            -71.0727994,
            42.3480093
          ],
          [
            -71.0728312,
            42.34803
          ]
        ]
      },
      "properties": {
        "osm_id": 823024809,
        "name": "",
        "highway": "footway",
        "bridge": "yes",
        "sidewalk": "",
        "foot": "",
        "bicycle": "",
        "tags": {
          "bridge": "yes",
          "footway": "sidewalk",
          "highway": "footway",
          "layer": "1",
          "surface": "concrete"
        }
      }
    },
    {
      "type": "Feature",
      "geometry": {
        "type": "LineString",
        "coordinates": [
          [
            -71.0713845,
            42.3475729
          ],
          [
            -71.0716269,
            42.3480688
          ]
        ]
      },
      "properties": {
        "osm_id": 823024820,
        "name": "",
        "highway": "footway",
        "bridge": "yes",
        "sidewalk": "",
        "foot": "",
        "bicycle": "",
        "tags": {
          "bridge": "yes",
          "footway": "sidewalk",
          "highway": "footway",
          "layer": "1",
          "surface": "concrete"
        }
      }
    },
    {
      "type": "Feature",
      "geometry": {
        "type": "LineString",
        "coordinates": [
          [
            -71.0711259,
            42.3475863
          ],
          [
            -71.071368,
            42.3480793
          ]
        ]
      },
      "properties": {
        "osm_id": 823024823,
        "name": "",
        "highway": "footway",
        "bridge": "yes",
        "sidewalk": "",
        "foot": "",
        "bicycle": "",
        "tags": {
          "bridge": "yes",
          "footway": "sidewalk",
          "highway": "footway",
          "layer": "1",
          "lit": "no",
          "surface": "concrete"
        }
      }
    },
    {
      "type": "Feature",
      "geometry": {
        "type": "LineString",
        "coordinates": [
          [
            -71.0728416,
            42.3476603
          ],
          [
            -71.072371,
            42.3480448
          ]
        ]
      },
      "properties": {
        "osm_id": 823024835,
        "name": "",
        "highway": "footway",
        "bridge": "yes",
        "sidewalk": "",
        "foot": "",
        "bicycle": "",
        "tags": {
          "bridge": "yes",
          "footway": "sidewalk",
          "highway": "footway",
          "layer": "1"
        }
      }
    },
    {
      "type": "Feature",
      "geometry": {
        "type": "LineString",
        "coordinates": [
          [
            -71.0603627,
            42.3423728
          ],
          [
            -71.0586655,
            42.3419388
          ]
        ]
      },
      "properties": {
        "osm_id": 823185057,
        "name": "",
        "highway": "footway",
        "bridge": "yes",
        "sidewalk": "",
        "foot": "designated",
        "bicycle": "no",
        "tags": {
          "bicycle": "no",
          "bridge": "yes",
          "covered": "no",
          "foot": "designated",
          "footway": "sidewalk",
          "highway": "footway",
          "incline": "0%",
          "layer": "1",
          "lit": "yes",
          "motor_vehicle": "no",
          "smoothness": "excellent",
          "stroller": "yes",
          "surface": "concrete",
          "wheelchair": "yes",
          "width": "2"
        }
      }
    },
    {
      "type": "Feature",
      "geometry": {
        "type": "LineString",
        "coordinates": [
          [
            -71.0644658,
            42.3467253
          ],
          [
            -71.0643331,
            42.3472466
          ]
        ]
      },
      "properties": {
        "osm_id": 823307679,
        "name": "",
        "highway": "footway",
        "bridge": "yes",
        "sidewalk": "",
        "foot": "",
        "bicycle": "",
        "tags": {
          "bridge": "yes",
          "footway": "sidewalk",
          "highway": "footway",
          "layer": "1",
          "surface": "concrete"
        }
      }
    },
    {
      "type": "Feature",
      "geometry": {
        "type": "LineString",
        "coordinates": [
          [
            -71.0633084,
            42.3464655
          ],
          [
            -71.0630896,
            42.3469987
          ]
        ]
      },
      "properties": {
        "osm_id": 823307723,
        "name": "",
        "highway": "footway",
        "bridge": "yes",
        "sidewalk": "",
        "foot": "",
        "bicycle": "",
        "tags": {
          "bridge": "yes",
          "footway": "sidewalk",
          "highway": "footway",
          "layer": "1"
        }
      }
    },
    {
      "type": "Feature",
      "geometry": {
        "type": "LineString",
        "coordinates": [
          [
            -71.0601272,
            42.3489597
          ],
          [
            -71.0598661,
            42.3489147
          ]
        ]
      },
      "properties": {
        "osm_id": 823476933,
        "name": "",
        "highway": "footway",
        "bridge": "yes",
        "sidewalk": "",
        "foot": "",
        "bicycle": "",
        "tags": {
          "bridge": "yes",
          "footway": "sidewalk",
          "highway": "footway",
          "layer": "1"
        }
      }
    },
    {
      "type": "Feature",
      "geometry": {
        "type": "LineString",
        "coordinates": [
          [
            -71.0593876,
            42.3489275
          ],
          [
            -71.0592789,
            42.348904
          ]
        ]
      },
      "properties": {
        "osm_id": 823476935,
        "name": "",
        "highway": "footway",
        "bridge": "yes",
        "sidewalk": "",
        "foot": "",
        "bicycle": "",
        "tags": {
          "bridge": "yes",
          "crossing": "traffic_signals",
          "crossing:island": "no",
          "crossing:markings": "lines",
          "footway": "crossing",
          "highway": "footway",
          "layer": "2",
          "surface": "concrete"
        }
      }
    },
    {
      "type": "Feature",
      "geometry": {
        "type": "LineString",
        "coordinates": [
          [
            -71.0792443,
            42.361948
          ],
          [
            -71.0792099,
            42.3619454
          ],
          [
            -71.0787729,
            42.3619125
          ]
        ]
      },
      "properties": {
        "osm_id": 824629414,
        "name": "",
        "highway": "footway",
        "bridge": "yes",
        "sidewalk": "",
        "foot": "",
        "bicycle": "no",
        "tags": {
          "bicycle": "no",
          "bridge": "yes",
          "covered": "no",
          "footway": "sidewalk",
          "highway": "footway",
          "horse": "no",
          "layer": "1",
          "lit": "yes",
          "motor_vehicle": "no",
          "surface": "concrete"
        }
      }
    },
    {
      "type": "Feature",
      "geometry": {
        "type": "LineString",
        "coordinates": [
          [
            -71.0941883,
            42.3621858
          ],
          [
            -71.094201,
            42.362057
          ]
        ]
      },
      "properties": {
        "osm_id": 824942630,
        "name": "",
        "highway": "footway",
        "bridge": "yes",
        "sidewalk": "",
        "foot": "",
        "bicycle": "",
        "tags": {
          "bridge": "yes",
          "highway": "footway",
          "layer": "1",
          "surface": "paving_stones"
        }
      }
    },
    {
      "type": "Feature",
      "geometry": {
        "type": "LineString",
        "coordinates": [
          [
            -71.1036662,
            42.3663314
          ],
          [
            -71.1036435,
            42.3663509
          ]
        ]
      },
      "properties": {
        "osm_id": 824959628,
        "name": "",
        "highway": "footway",
        "bridge": "yes",
        "sidewalk": "",
        "foot": "",
        "bicycle": "",
        "tags": {
          "bridge": "yes",
          "highway": "footway",
          "layer": "1",
          "surface": "concrete"
        }
      }
    },
    {
      "type": "Feature",
      "geometry": {
        "type": "LineString",
        "coordinates": [
          [
            -71.1109209,
            42.3513316
          ],
          [
            -71.1108993,
            42.3513602
          ],
          [
            -71.1108884,
            42.3513899
          ],
          [
            -71.1108601,
            42.351625
          ],
          [
            -71.1108449,
            42.351745
          ],
          [
            -71.1106072,
            42.3534827
          ]
        ]
      },
      "properties": {
        "osm_id": 825285710,
        "name": "",
        "highway": "footway",
        "bridge": "yes",
        "sidewalk": "",
        "foot": "",
        "bicycle": "",
        "tags": {
          "bridge": "yes",
          "footway": "sidewalk",
          "highway": "footway",
          "layer": "3",
          "lit": "yes",
          "source": "Bing",
          "surface": "concrete"
        }
      }
    },
    {
      "type": "Feature",
      "geometry": {
        "type": "LineString",
        "coordinates": [
          [
            -71.0846724,
            42.3533124
          ],
          [
            -71.0847201,
            42.3534108
          ]
        ]
      },
      "properties": {
        "osm_id": 825994974,
        "name": "",
        "highway": "footway",
        "bridge": "yes",
        "sidewalk": "",
        "foot": "designated",
        "bicycle": "yes",
        "tags": {
          "access": "yes",
          "bicycle": "yes",
          "bridge": "yes",
          "covered": "no",
          "dog": "yes",
          "foot": "designated",
          "highway": "footway",
          "horse": "no",
          "incline": "up",
          "layer": "1",
          "lit": "yes",
          "motor_vehicle": "no",
          "oneway": "no",
          "stroller": "yes",
          "surface": "paving_stones",
          "tactile_paving": "no",
          "wheelchair": "limited",
          "width": "4"
        }
      }
    },
    {
      "type": "Feature",
      "geometry": {
        "type": "LineString",
        "coordinates": [
          [
            -71.0720907,
            42.3606848
          ],
          [
            -71.072432,
            42.3605673
          ],
          [
            -71.0726808,
            42.3604775
          ],
          [
            -71.0727489,
            42.3604504
          ]
        ]
      },
      "properties": {
        "osm_id": 826329210,
        "name": "Frances Appleton Bridge",
        "highway": "cycleway",
        "bridge": "yes",
        "sidewalk": "",
        "foot": "designated",
        "bicycle": "designated",
        "tags": {
          "access": "yes",
          "bicycle": "designated",
          "bridge": "yes",
          "covered": "no",
          "dog": "yes",
          "foot": "designated",
          "highway": "cycleway",
          "horse": "no",
          "incline": "0%",
          "layer": "1",
          "lit": "yes",
          "motor_vehicle": "no",
          "name": "Frances Appleton Bridge",
          "segregated": "no",
          "smoothness": "excellent",
          "stroller": "yes",
          "surface": "concrete",
          "wheelchair": "yes",
          "width": "4.3"
        }
      }
    },
    {
      "type": "Feature",
      "geometry": {
        "type": "LineString",
        "coordinates": [
          [
            -71.0926096,
            42.3569616
          ],
          [
            -71.0898692,
            42.3513749
          ]
        ]
      },
      "properties": {
        "osm_id": 826552798,
        "name": "",
        "highway": "footway",
        "bridge": "yes",
        "sidewalk": "",
        "foot": "",
        "bicycle": "dismount",
        "tags": {
          "bicycle": "dismount",
          "bridge": "yes",
          "covered": "no",
          "footway": "sidewalk",
          "highway": "footway",
          "horse": "no",
          "incline": "0%",
          "layer": "1",
          "lit": "yes",
          "motor_vehicle": "no",
          "stroller": "yes",
          "surface": "concrete",
          "wheelchair": "limited",
          "width": "2.7"
        }
      }
    },
    {
      "type": "Feature",
      "geometry": {
        "type": "LineString",
        "coordinates": [
          [
            -71.0924287,
            42.3572184
          ],
          [
            -71.0925077,
            42.3573805
          ]
        ]
      },
      "properties": {
        "osm_id": 826552804,
        "name": "",
        "highway": "footway",
        "bridge": "yes",
        "sidewalk": "",
        "foot": "",
        "bicycle": "",
        "tags": {
          "bridge": "yes",
          "check_date:surface": "2025-06-17",
          "footway": "sidewalk",
          "highway": "footway",
          "layer": "1",
          "lit": "yes",
          "surface": "concrete",
          "width": "3"
        }
      }
    },
    {
      "type": "Feature",
      "geometry": {
        "type": "LineString",
        "coordinates": [
          [
            -71.0868429,
            42.3475023
          ],
          [
            -71.0867446,
            42.3475293
          ],
          [
            -71.0863374,
            42.3476411
          ]
        ]
      },
      "properties": {
        "osm_id": 826552820,
        "name": "Boylston Street",
        "highway": "primary",
        "bridge": "yes",
        "sidewalk": "",
        "foot": "yes",
        "bicycle": "yes",
        "tags": {
          "attribution": "Office of Geographic and Environmental Information (MassGIS)",
          "bicycle": "yes",
          "bridge": "yes",
          "condition": "fair",
          "cycleway:right": "track",
          "cycleway:right:buffer": "yes",
          "cycleway:right:oneway": "yes",
          "cycleway:right:separation": "flex_post",
          "foot": "yes",
          "highway": "primary",
          "horse": "no",
          "lanes": "2",
          "layer": "1",
          "maxspeed": "25 mph",
          "name": "Boylston Street",
          "oneway": "yes",
          "sidewalk:left": "no",
          "sidewalk:right": "separate",
          "source": "Bing;Local Knowledge;massgis_import_v0.1_20071008193615",
          "surface": "asphalt",
          "width": "24.4"
        }
      }
    },
    {
      "type": "Feature",
      "geometry": {
        "type": "LineString",
        "coordinates": [
          [
            -71.0850035,
            42.3595018
          ],
          [
            -71.084997,
            42.3594904
          ],
          [
            -71.0849836,
            42.3594678
          ]
        ]
      },
      "properties": {
        "osm_id": 827906325,
        "name": "",
        "highway": "footway",
        "bridge": "yes",
        "sidewalk": "",
        "foot": "",
        "bicycle": "",
        "tags": {
          "bridge": "yes",
          "highway": "footway",
          "layer": "1",
          "lit": "yes",
          "surface": "wood"
        }
      }
    },
    {
      "type": "Feature",
      "geometry": {
        "type": "LineString",
        "coordinates": [
          [
            -71.077534,
            42.3554222
          ],
          [
            -71.0774861,
            42.3553253
          ]
        ]
      },
      "properties": {
        "osm_id": 828185862,
        "name": "",
        "highway": "footway",
        "bridge": "yes",
        "sidewalk": "",
        "foot": "yes",
        "bicycle": "yes",
        "tags": {
          "bicycle": "yes",
          "bridge": "yes",
          "covered": "no",
          "dog": "yes",
          "foot": "yes",
          "highway": "footway",
          "horse": "no",
          "incline": "down",
          "layer": "1",
          "lit": "yes",
          "motor_vehicle": "no",
          "oneway": "no",
          "stroller": "yes",
          "surface": "paving_stones",
          "tactile_paving": "no",
          "wheelchair": "limited",
          "width": "4"
        }
      }
    },
    {
      "type": "Feature",
      "geometry": {
        "type": "LineString",
        "coordinates": [
          [
            -71.0630337,
            42.3463786
          ],
          [
            -71.0627151,
            42.3463155
          ],
          [
            -71.0614025,
            42.3460407
          ],
          [
            -71.0613736,
            42.3460496
          ],
          [
            -71.0613322,
            42.3460659
          ]
        ]
      },
      "properties": {
        "osm_id": 828329393,
        "name": "",
        "highway": "footway",
        "bridge": "yes",
        "sidewalk": "",
        "foot": "",
        "bicycle": "",
        "tags": {
          "bridge": "yes",
          "footway": "sidewalk",
          "highway": "footway",
          "layer": "1"
        }
      }
    },
    {
      "type": "Feature",
      "geometry": {
        "type": "LineString",
        "coordinates": [
          [
            -71.0613322,
            42.3460659
          ],
          [
            -71.0612267,
            42.3460399
          ],
          [
            -71.0611422,
            42.346019
          ]
        ]
      },
      "properties": {
        "osm_id": 828329396,
        "name": "",
        "highway": "footway",
        "bridge": "yes",
        "sidewalk": "",
        "foot": "",
        "bicycle": "",
        "tags": {
          "bridge": "yes",
          "crossing": "traffic_signals",
          "crossing:markings": "yes",
          "footway": "crossing",
          "highway": "footway",
          "layer": "1"
        }
      }
    },
    {
      "type": "Feature",
      "geometry": {
        "type": "LineString",
        "coordinates": [
          [
            -71.0630337,
            42.3463786
          ],
          [
            -71.0631113,
            42.3464419
          ],
          [
            -71.0629653,
            42.3467886
          ],
          [
            -71.0628883,
            42.3469659
          ]
        ]
      },
      "properties": {
        "osm_id": 828329398,
        "name": "",
        "highway": "footway",
        "bridge": "yes",
        "sidewalk": "",
        "foot": "",
        "bicycle": "",
        "tags": {
          "bridge": "yes",
          "footway": "sidewalk",
          "highway": "footway",
          "layer": "1"
        }
      }
    },
    {
      "type": "Feature",
      "geometry": {
        "type": "LineString",
        "coordinates": [
          [
            -71.0727994,
            42.3480093
          ],
          [
            -71.0727685,
            42.3480313
          ]
        ]
      },
      "properties": {
        "osm_id": 828329414,
        "name": "",
        "highway": "footway",
        "bridge": "yes",
        "sidewalk": "",
        "foot": "",
        "bicycle": "",
        "tags": {
          "bridge": "yes",
          "crossing": "unmarked",
          "crossing:markings": "no",
          "footway": "crossing",
          "highway": "footway",
          "layer": "1"
        }
      }
    },
    {
      "type": "Feature",
      "geometry": {
        "type": "LineString",
        "coordinates": [
          [
            -71.0649798,
            42.3683005
          ],
          [
            -71.064961,
            42.3684585
          ],
          [
            -71.0652609,
            42.3684808
          ],
          [
            -71.0653734,
            42.368474
          ]
        ]
      },
      "properties": {
        "osm_id": 828685755,
        "name": "",
        "highway": "footway",
        "bridge": "yes",
        "sidewalk": "",
        "foot": "",
        "bicycle": "",
        "tags": {
          "bridge": "yes",
          "highway": "footway",
          "incline": "down",
          "layer": "1"
        }
      }
    },
    {
      "type": "Feature",
      "geometry": {
        "type": "LineString",
        "coordinates": [
          [
            -71.0820113,
            42.3629984
          ],
          [
            -71.0819868,
            42.3629924
          ],
          [
            -71.0819607,
            42.3629861
          ],
          [
            -71.0812365,
            42.3628554
          ],
          [
            -71.0806434,
            42.3627258
          ],
          [
            -71.0797642,
            42.3626501
          ],
          [
            -71.0797631,
            42.3626595
          ],
          [
            -71.0797012,
            42.3626549
          ],
          [
            -71.0797016,
            42.3626453
          ],
          [
            -71.0793006,
            42.3626126
          ],
          [
            -71.0792682,
            42.3626408
          ],
          [
            -71.0792018,
            42.3626354
          ],
          [
            -71.0792642,
            42.3625793
          ],
          [
            -71.0793211,
            42.3625848
          ],
          [
            -71.0793224,
            42.3625764
          ],
          [
            -71.0793823,
            42.3625806
          ],
          [
            -71.0793812,
            42.3625894
          ],
          [
            -71.0801464,
            42.3626524
          ],
          [
            -71.0801475,
            42.362645
          ],
          [
            -71.0802101,
            42.3626508
          ],
          [
            -71.0802094,
            42.3626586
          ],
          [
            -71.080534,
            42.3626871
          ],
          [
            -71.0805351,
            42.3626782
          ],
          [
            -71.0806001,
            42.362684
          ],
          [
            -71.0805995,
            42.3626921
          ],
          [
            -71.0806453,
            42.3626942
          ],
          [
            -71.0808007,
            42.3627305
          ],
          [
            -71.0808039,
            42.3627227
          ],
          [
            -71.0808658,
            42.362737
          ],
          [
            -71.0808626,
            42.3627438
          ],
          [
            -71.081171,
            42.3628109
          ],
          [
            -71.0811752,
            42.3628017
          ],
          [
            -71.0812394,
            42.3628159
          ],
          [
            -71.0812348,
            42.3628249
          ],
          [
            -71.0815159,
            42.3628768
          ],
          [
            -71.0819256,
            42.362953
          ],
          [
            -71.0819645,
            42.3629486
          ],
          [
            -71.0820139,
            42.3629362
          ],
          [
            -71.0820123,
            42.3629831
          ],
          [
            -71.0820113,
            42.3629984
          ]
        ]
      },
      "properties": {
        "osm_id": 828685761,
        "name": "Waterfront Walkway",
        "highway": "",
        "bridge": "boardwalk",
        "sidewalk": "",
        "foot": "yes",
        "bicycle": "yes",
        "tags": {
          "access": "yes",
          "area": "yes",
          "bicycle": "yes",
          "bridge": "boardwalk",
          "covered": "no",
          "fishing": "yes",
          "floating": "no",
          "foot": "yes",
          "incline": "0%",
          "lit": "yes",
          "man_made": "pier",
          "massdep:license": "12299",
          "material": "wood",
          "motor_vehicle": "no",
          "name": "Waterfront Walkway",
          "opening_hours": "24/7",
          "operator": "Massachusetts Department of Environmental Protection",
          "ref": "MassDEP Waterways Regulation Program License No. 12299",
          "smoothness": "intermediate",
          "stroller": "yes",
          "surface": "wood",
          "wheelchair": "yes",
          "width": "5"
        }
      }
    },
    {
      "type": "Feature",
      "geometry": {
        "type": "LineString",
        "coordinates": [
          [
            -71.0781816,
            42.3622666
          ],
          [
            -71.0783217,
            42.3622803
          ]
        ]
      },
      "properties": {
        "osm_id": 828685767,
        "name": "",
        "highway": "steps",
        "bridge": "yes",
        "sidewalk": "",
        "foot": "",
        "bicycle": "",
        "tags": {
          "access": "yes",
          "bridge": "yes",
          "handrail": "yes",
          "highway": "steps",
          "incline": "up",
          "layer": "1",
          "lit": "no",
          "ramp": "no",
          "source": "Bing",
          "step_count": "11",
          "surface": "wood",
          "tactile_paving": "no"
        }
      }
    },
    {
      "type": "Feature",
      "geometry": {
        "type": "LineString",
        "coordinates": [
          [
            -71.0785653,
            42.3623441
          ],
          [
            -71.0785497,
            42.362343
          ]
        ]
      },
      "properties": {
        "osm_id": 828685771,
        "name": "",
        "highway": "footway",
        "bridge": "yes",
        "sidewalk": "",
        "foot": "",
        "bicycle": "",
        "tags": {
          "bridge": "yes",
          "highway": "footway",
          "surface": "wood"
        }
      }
    },
    {
      "type": "Feature",
      "geometry": {
        "type": "LineString",
        "coordinates": [
          [
            -71.0691937,
            42.3673347
          ],
          [
            -71.068833,
            42.3671511
          ]
        ]
      },
      "properties": {
        "osm_id": 829909241,
        "name": "",
        "highway": "footway",
        "bridge": "yes",
        "sidewalk": "",
        "foot": "",
        "bicycle": "",
        "tags": {
          "bridge": "yes",
          "footway": "sidewalk",
          "highway": "footway",
          "incline": "0%",
          "layer": "1",
          "lit": "yes",
          "surface": "concrete",
          "width": "3.3"
        }
      }
    },
    {
      "type": "Feature",
      "geometry": {
        "type": "LineString",
        "coordinates": [
          [
            -71.1175195,
            42.3610894
          ],
          [
            -71.1177289,
            42.3610246
          ]
        ]
      },
      "properties": {
        "osm_id": 829942544,
        "name": "",
        "highway": "cycleway",
        "bridge": "yes",
        "sidewalk": "",
        "foot": "designated",
        "bicycle": "dismount",
        "tags": {
          "bicycle": "dismount",
          "bridge": "yes",
          "foot": "designated",
          "highway": "cycleway",
          "layer": "1",
          "oneway": "no",
          "oneway:bicycle": "yes",
          "segregated": "no",
          "surface": "concrete"
        }
      }
    },
    {
      "type": "Feature",
      "geometry": {
        "type": "LineString",
        "coordinates": [
          [
            -71.1178829,
            42.3642712
          ],
          [
            -71.1181055,
            42.364255
          ]
        ]
      },
      "properties": {
        "osm_id": 829942579,
        "name": "",
        "highway": "footway",
        "bridge": "yes",
        "sidewalk": "",
        "foot": "",
        "bicycle": "",
        "tags": {
          "bridge": "yes",
          "footway": "sidewalk",
          "highway": "footway",
          "incline": "0%",
          "layer": "1",
          "lit": "yes",
          "surface": "concrete"
        }
      }
    },
    {
      "type": "Feature",
      "geometry": {
        "type": "LineString",
        "coordinates": [
          [
            -71.076475,
            42.3344715
          ],
          [
            -71.076536,
            42.3344301
          ]
        ]
      },
      "properties": {
        "osm_id": 830162729,
        "name": "",
        "highway": "footway",
        "bridge": "yes",
        "sidewalk": "",
        "foot": "",
        "bicycle": "",
        "tags": {
          "bridge": "yes",
          "highway": "footway",
          "layer": "1"
        }
      }
    },
    {
      "type": "Feature",
      "geometry": {
        "type": "LineString",
        "coordinates": [
          [
            -71.0528008,
            42.3512456
          ],
          [
            -71.0527862,
            42.3512669
          ],
          [
            -71.052756,
            42.3513107
          ],
          [
            -71.0526919,
            42.3514029
          ],
          [
            -71.0526648,
            42.351443
          ],
          [
            -71.0526508,
            42.3514638
          ]
        ]
      },
      "properties": {
        "osm_id": 831226166,
        "name": "",
        "highway": "footway",
        "bridge": "yes",
        "sidewalk": "",
        "foot": "",
        "bicycle": "",
        "tags": {
          "bridge": "yes",
          "crossing": "marked",
          "crossing:markings": "yes",
          "footway": "crossing",
          "highway": "footway",
          "layer": "1",
          "surface": "asphalt"
        }
      }
    },
    {
      "type": "Feature",
      "geometry": {
        "type": "LineString",
        "coordinates": [
          [
            -71.0521728,
            42.3522282
          ],
          [
            -71.0521415,
            42.3522156
          ],
          [
            -71.0516662,
            42.3520234
          ],
          [
            -71.0514852,
            42.3519367
          ],
          [
            -71.0513826,
            42.3518955
          ],
          [
            -71.0513223,
            42.3518767
          ],
          [
            -71.0507992,
            42.3516696
          ],
          [
            -71.0504804,
            42.3515455
          ]
        ]
      },
      "properties": {
        "osm_id": 831226184,
        "name": "Boston HarborWalk",
        "highway": "footway",
        "bridge": "yes",
        "sidewalk": "",
        "foot": "",
        "bicycle": "",
        "tags": {
          "bridge": "yes",
          "footway": "sidewalk",
          "highway": "footway",
          "layer": "1",
          "name": "Boston HarborWalk"
        }
      }
    },
    {
      "type": "Feature",
      "geometry": {
        "type": "LineString",
        "coordinates": [
          [
            -71.0528382,
            42.3512629
          ],
          [
            -71.0528008,
            42.3512456
          ],
          [
            -71.0519978,
            42.3508795
          ],
          [
            -71.0514782,
            42.3506426
          ],
          [
            -71.0512494,
            42.3505436
          ]
        ]
      },
      "properties": {
        "osm_id": 831226186,
        "name": "",
        "highway": "footway",
        "bridge": "yes",
        "sidewalk": "",
        "foot": "",
        "bicycle": "",
        "tags": {
          "bridge": "yes",
          "footway": "sidewalk",
          "highway": "footway",
          "layer": "1",
          "surface": "concrete:plates"
        }
      }
    },
    {
      "type": "Feature",
      "geometry": {
        "type": "LineString",
        "coordinates": [
          [
            -71.0491241,
            42.3495687
          ],
          [
            -71.0491351,
            42.3495551
          ],
          [
            -71.0491415,
            42.3495472
          ]
        ]
      },
      "properties": {
        "osm_id": 831226200,
        "name": "",
        "highway": "footway",
        "bridge": "yes",
        "sidewalk": "",
        "foot": "",
        "bicycle": "",
        "tags": {
          "bridge": "yes",
          "highway": "footway",
          "layer": "1",
          "surface": "concrete"
        }
      }
    },
    {
      "type": "Feature",
      "geometry": {
        "type": "LineString",
        "coordinates": [
          [
            -71.049196,
            42.3496007
          ],
          [
            -71.0491241,
            42.3495687
          ],
          [
            -71.0489744,
            42.3495008
          ]
        ]
      },
      "properties": {
        "osm_id": 831226201,
        "name": "",
        "highway": "footway",
        "bridge": "yes",
        "sidewalk": "",
        "foot": "",
        "bicycle": "",
        "tags": {
          "bridge": "yes",
          "footway": "sidewalk",
          "highway": "footway",
          "layer": "1",
          "lit": "yes",
          "surface": "concrete"
        }
      }
    },
    {
      "type": "Feature",
      "geometry": {
        "type": "LineString",
        "coordinates": [
          [
            -71.0490289,
            42.3498043
          ],
          [
            -71.0488421,
            42.3497217
          ],
          [
            -71.0488123,
            42.3497084
          ]
        ]
      },
      "properties": {
        "osm_id": 831226203,
        "name": "",
        "highway": "footway",
        "bridge": "yes",
        "sidewalk": "",
        "foot": "",
        "bicycle": "",
        "tags": {
          "bridge": "yes",
          "footway": "sidewalk",
          "highway": "footway",
          "layer": "1",
          "lit": "yes",
          "surface": "concrete"
        }
      }
    },
    {
      "type": "Feature",
      "geometry": {
        "type": "LineString",
        "coordinates": [
          [
            -71.0488421,
            42.3497217
          ],
          [
            -71.0488304,
            42.349736
          ],
          [
            -71.048818,
            42.3497513
          ]
        ]
      },
      "properties": {
        "osm_id": 831226204,
        "name": "",
        "highway": "footway",
        "bridge": "yes",
        "sidewalk": "",
        "foot": "",
        "bicycle": "",
        "tags": {
          "bridge": "yes",
          "highway": "footway",
          "layer": "1",
          "lit": "yes",
          "surface": "concrete"
        }
      }
    },
    {
      "type": "Feature",
      "geometry": {
        "type": "LineString",
        "coordinates": [
          [
            -71.0489744,
            42.3495008
          ],
          [
            -71.0481529,
            42.3491253
          ],
          [
            -71.0478371,
            42.3489809
          ]
        ]
      },
      "properties": {
        "osm_id": 831226207,
        "name": "",
        "highway": "footway",
        "bridge": "yes",
        "sidewalk": "",
        "foot": "",
        "bicycle": "",
        "tags": {
          "bridge": "yes",
          "footway": "sidewalk",
          "highway": "footway",
          "layer": "1",
          "lit": "yes",
          "surface": "concrete"
        }
      }
    },
    {
      "type": "Feature",
      "geometry": {
        "type": "LineString",
        "coordinates": [
          [
            -71.0476605,
            42.349187
          ],
          [
            -71.0467167,
            42.348759
          ],
          [
            -71.0466017,
            42.3487058
          ],
          [
            -71.0455194,
            42.3482054
          ],
          [
            -71.0454506,
            42.3481715
          ],
          [
            -71.0453761,
            42.3481341
          ],
          [
            -71.0451566,
            42.3480207
          ],
          [
            -71.0446048,
            42.34773
          ]
        ]
      },
      "properties": {
        "osm_id": 831226212,
        "name": "",
        "highway": "footway",
        "bridge": "yes",
        "sidewalk": "",
        "foot": "",
        "bicycle": "",
        "tags": {
          "bridge": "yes",
          "footway": "sidewalk",
          "highway": "footway",
          "layer": "1",
          "surface": "concrete"
        }
      }
    },
    {
      "type": "Feature",
      "geometry": {
        "type": "LineString",
        "coordinates": [
          [
            -71.0478371,
            42.3489809
          ],
          [
            -71.0458372,
            42.3480699
          ],
          [
            -71.0456474,
            42.3479355
          ],
          [
            -71.0456007,
            42.3478956
          ]
        ]
      },
      "properties": {
        "osm_id": 831226213,
        "name": "",
        "highway": "footway",
        "bridge": "yes",
        "sidewalk": "",
        "foot": "",
        "bicycle": "",
        "tags": {
          "bridge": "yes",
          "footway": "sidewalk",
          "highway": "footway",
          "layer": "1",
          "lit": "yes",
          "surface": "concrete"
        }
      }
    },
    {
      "type": "Feature",
      "geometry": {
        "type": "LineString",
        "coordinates": [
          [
            -71.0437284,
            42.3473196
          ],
          [
            -71.043659,
            42.3472803
          ],
          [
            -71.0436104,
            42.3472528
          ]
        ]
      },
      "properties": {
        "osm_id": 831226216,
        "name": "",
        "highway": "footway",
        "bridge": "yes",
        "sidewalk": "",
        "foot": "",
        "bicycle": "",
        "tags": {
          "bridge": "yes",
          "crossing": "traffic_signals",
          "crossing:markings": "ladder",
          "crossing:signals": "yes",
          "footway": "crossing",
          "highway": "footway",
          "layer": "1"
        }
      }
    },
    {
      "type": "Feature",
      "geometry": {
        "type": "LineString",
        "coordinates": [
          [
            -71.0456007,
            42.3478956
          ],
          [
            -71.0455282,
            42.3478521
          ],
          [
            -71.0454583,
            42.3478102
          ]
        ]
      },
      "properties": {
        "osm_id": 831226220,
        "name": "",
        "highway": "footway",
        "bridge": "yes",
        "sidewalk": "",
        "foot": "",
        "bicycle": "",
        "tags": {
          "bridge": "yes",
          "crossing": "marked",
          "crossing:markings": "ladder",
          "footway": "crossing",
          "highway": "footway",
          "layer": "1",
          "surface": "asphalt"
        }
      }
    },
    {
      "type": "Feature",
      "geometry": {
        "type": "LineString",
        "coordinates": [
          [
            -71.0454224,
            42.3478136
          ],
          [
            -71.0453913,
            42.3478378
          ],
          [
            -71.0453339,
            42.3478825
          ],
          [
            -71.0452271,
            42.3479657
          ],
          [
            -71.04518,
            42.3480025
          ],
          [
            -71.0451566,
            42.3480207
          ]
        ]
      },
      "properties": {
        "osm_id": 831226221,
        "name": "",
        "highway": "footway",
        "bridge": "yes",
        "sidewalk": "",
        "foot": "",
        "bicycle": "",
        "tags": {
          "bridge": "yes",
          "crossing": "marked",
          "crossing:markings": "ladder",
          "footway": "crossing",
          "highway": "footway",
          "layer": "1",
          "surface": "asphalt"
        }
      }
    },
    {
      "type": "Feature",
      "geometry": {
        "type": "LineString",
        "coordinates": [
          [
            -71.0459438,
            42.3474025
          ],
          [
            -71.0454583,
            42.3478102
          ],
          [
            -71.0454408,
            42.3478145
          ],
          [
            -71.0454224,
            42.3478136
          ],
          [
            -71.0448492,
            42.3474877
          ]
        ]
      },
      "properties": {
        "osm_id": 831226222,
        "name": "",
        "highway": "footway",
        "bridge": "yes",
        "sidewalk": "",
        "foot": "",
        "bicycle": "",
        "tags": {
          "bridge": "yes",
          "footway": "sidewalk",
          "highway": "footway",
          "layer": "1",
          "surface": "concrete"
        }
      }
    },
    {
      "type": "Feature",
      "geometry": {
        "type": "LineString",
        "coordinates": [
          [
            -71.0451006,
            42.3449489
          ],
          [
            -71.0439488,
            42.3459366
          ],
          [
            -71.0439224,
            42.3459598
          ],
          [
            -71.0439127,
            42.3459657
          ],
          [
            -71.0439021,
            42.345969
          ],
          [
            -71.0438901,
            42.3459706
          ],
          [
            -71.0438755,
            42.3459693
          ],
          [
            -71.0438472,
            42.3459664
          ],
          [
            -71.0438308,
            42.345966
          ],
          [
            -71.0438127,
            42.3459673
          ],
          [
            -71.0437959,
            42.3459703
          ],
          [
            -71.0437777,
            42.3459765
          ],
          [
            -71.0437623,
            42.3459827
          ],
          [
            -71.0437428,
            42.3459932
          ],
          [
            -71.0437224,
            42.3460056
          ],
          [
            -71.0436941,
            42.3460242
          ],
          [
            -71.0436664,
            42.3460446
          ],
          [
            -71.0436384,
            42.3460675
          ]
        ]
      },
      "properties": {
        "osm_id": 831226229,
        "name": "",
        "highway": "footway",
        "bridge": "yes",
        "sidewalk": "",
        "foot": "",
        "bicycle": "",
        "tags": {
          "bridge": "yes",
          "footway": "sidewalk",
          "highway": "footway",
          "layer": "1",
          "surface": "concrete"
        }
      }
    },
    {
      "type": "Feature",
      "geometry": {
        "type": "LineString",
        "coordinates": [
          [
            -71.0439488,
            42.3459366
          ],
          [
            -71.0439924,
            42.3459652
          ],
          [
            -71.0440785,
            42.3460216
          ]
        ]
      },
      "properties": {
        "osm_id": 831226230,
        "name": "",
        "highway": "footway",
        "bridge": "yes",
        "sidewalk": "",
        "foot": "",
        "bicycle": "",
        "tags": {
          "bridge": "yes",
          "crossing": "marked",
          "crossing:markings": "yes",
          "footway": "crossing",
          "highway": "footway",
          "layer": "1"
        }
      }
    },
    {
      "type": "Feature",
      "geometry": {
        "type": "LineString",
        "coordinates": [
          [
            -71.0437488,
            42.3461479
          ],
          [
            -71.0437972,
            42.346179
          ],
          [
            -71.0438244,
            42.3464574
          ],
          [
            -71.0438222,
            42.3464698
          ],
          [
            -71.043813,
            42.346481
          ],
          [
            -71.0437988,
            42.3464884
          ],
          [
            -71.0437847,
            42.3464913
          ]
        ]
      },
      "properties": {
        "osm_id": 831226232,
        "name": "",
        "highway": "footway",
        "bridge": "yes",
        "sidewalk": "",
        "foot": "",
        "bicycle": "",
        "tags": {
          "bridge": "yes",
          "footway": "sidewalk",
          "highway": "footway",
          "layer": "1",
          "surface": "concrete"
        }
      }
    },
    {
      "type": "Feature",
      "geometry": {
        "type": "LineString",
        "coordinates": [
          [
            -71.0417779,
            42.3467816
          ],
          [
            -71.0415484,
            42.3469786
          ]
        ]
      },
      "properties": {
        "osm_id": 831226256,
        "name": "",
        "highway": "footway",
        "bridge": "yes",
        "sidewalk": "",
        "foot": "",
        "bicycle": "",
        "tags": {
          "bridge": "yes",
          "footway": "sidewalk",
          "highway": "footway",
          "layer": "1",
          "surface": "asphalt"
        }
      }
    },
    {
      "type": "Feature",
      "geometry": {
        "type": "LineString",
        "coordinates": [
          [
            -71.0415773,
            42.3465787
          ],
          [
            -71.0411968,
            42.3469034
          ],
          [
            -71.0411661,
            42.3469235
          ],
          [
            -71.0411415,
            42.3469109
          ],
          [
            -71.0411117,
            42.3469078
          ]
        ]
      },
      "properties": {
        "osm_id": 831226260,
        "name": "",
        "highway": "footway",
        "bridge": "yes",
        "sidewalk": "",
        "foot": "",
        "bicycle": "",
        "tags": {
          "bridge": "yes",
          "footway": "sidewalk",
          "highway": "footway",
          "layer": "1",
          "surface": "asphalt"
        }
      }
    },
    {
      "type": "Feature",
      "geometry": {
        "type": "LineString",
        "coordinates": [
          [
            -71.0415484,
            42.3469786
          ],
          [
            -71.0415107,
            42.347011
          ],
          [
            -71.0414594,
            42.3470562
          ]
        ]
      },
      "properties": {
        "osm_id": 831226266,
        "name": "",
        "highway": "footway",
        "bridge": "yes",
        "sidewalk": "",
        "foot": "",
        "bicycle": "",
        "tags": {
          "bridge": "yes",
          "crossing": "marked",
          "crossing:markings": "yes",
          "footway": "crossing",
          "highway": "footway",
          "layer": "1"
        }
      }
    },
    {
      "type": "Feature",
      "geometry": {
        "type": "LineString",
        "coordinates": [
          [
            -71.0430815,
            42.3481545
          ],
          [
            -71.0430036,
            42.3481229
          ],
          [
            -71.0429232,
            42.3480911
          ]
        ]
      },
      "properties": {
        "osm_id": 831226278,
        "name": "",
        "highway": "footway",
        "bridge": "yes",
        "sidewalk": "",
        "foot": "",
        "bicycle": "",
        "tags": {
          "bridge": "yes",
          "crossing": "marked",
          "crossing:markings": "yes",
          "footway": "crossing",
          "highway": "footway",
          "layer": "1"
        }
      }
    },
    {
      "type": "Feature",
      "geometry": {
        "type": "LineString",
        "coordinates": [
          [
            -71.0422109,
            42.3490634
          ],
          [
            -71.0422434,
            42.3490226
          ],
          [
            -71.0424986,
            42.3486699
          ],
          [
            -71.042669,
            42.3484399
          ],
          [
            -71.0426418,
            42.3484285
          ]
        ]
      },
      "properties": {
        "osm_id": 831226281,
        "name": "",
        "highway": "footway",
        "bridge": "yes",
        "sidewalk": "",
        "foot": "",
        "bicycle": "",
        "tags": {
          "bridge": "yes",
          "footway": "sidewalk",
          "highway": "footway",
          "layer": "1",
          "surface": "concrete"
        }
      }
    },
    {
      "type": "Feature",
      "geometry": {
        "type": "LineString",
        "coordinates": [
          [
            -71.043753,
            42.3473332
          ],
          [
            -71.043495,
            42.3476007
          ],
          [
            -71.0430815,
            42.3481545
          ],
          [
            -71.0430163,
            42.3482474
          ],
          [
            -71.0426492,
            42.3487309
          ],
          [
            -71.0423595,
            42.3491217
          ]
        ]
      },
      "properties": {
        "osm_id": 831226284,
        "name": "",
        "highway": "footway",
        "bridge": "yes",
        "sidewalk": "",
        "foot": "",
        "bicycle": "",
        "tags": {
          "bridge": "yes",
          "footway": "sidewalk",
          "highway": "footway",
          "layer": "1",
          "surface": "concrete"
        }
      }
    },
    {
      "type": "Feature",
      "geometry": {
        "type": "LineString",
        "coordinates": [
          [
            -71.0418529,
            42.3498062
          ],
          [
            -71.041607,
            42.350124
          ],
          [
            -71.0415427,
            42.3502075
          ]
        ]
      },
      "properties": {
        "osm_id": 831226286,
        "name": "",
        "highway": "footway",
        "bridge": "yes",
        "sidewalk": "",
        "foot": "",
        "bicycle": "",
        "tags": {
          "bridge": "yes",
          "footway": "sidewalk",
          "highway": "footway",
          "layer": "1"
        }
      }
    },
    {
      "type": "Feature",
      "geometry": {
        "type": "LineString",
        "coordinates": [
          [
            -71.0416975,
            42.3497392
          ],
          [
            -71.0414558,
            42.3500606
          ],
          [
            -71.0413921,
            42.3501457
          ]
        ]
      },
      "properties": {
        "osm_id": 831226287,
        "name": "",
        "highway": "footway",
        "bridge": "yes",
        "sidewalk": "",
        "foot": "",
        "bicycle": "",
        "tags": {
          "bridge": "yes",
          "footway": "sidewalk",
          "highway": "footway",
          "layer": "1"
        }
      }
    },
    {
      "type": "Feature",
      "geometry": {
        "type": "LineString",
        "coordinates": [
          [
            -71.1006491,
            42.3510726
          ],
          [
            -71.1006769,
            42.3508368
          ]
        ]
      },
      "properties": {
        "osm_id": 831546284,
        "name": "Silber Way",
        "highway": "cycleway",
        "bridge": "yes",
        "sidewalk": "",
        "foot": "designated",
        "bicycle": "dismount",
        "tags": {
          "bicycle": "dismount",
          "bridge": "yes",
          "covered": "no",
          "dog": "leashed",
          "foot": "designated",
          "highway": "cycleway",
          "horse": "no",
          "incline": "0%",
          "layer": "1",
          "lit": "yes",
          "motor_vehicle": "no",
          "name": "Silber Way",
          "oneway": "no",
          "rcn_ref": "1",
          "segregated": "no",
          "surface": "concrete",
          "width": "3"
        }
      }
    },
    {
      "type": "Feature",
      "geometry": {
        "type": "LineString",
        "coordinates": [
          [
            -71.1006769,
            42.3508368
          ],
          [
            -71.1003606,
            42.3508166
          ],
          [
            -71.1003629,
            42.3508048
          ]
        ]
      },
      "properties": {
        "osm_id": 831546289,
        "name": "Silber Way",
        "highway": "cycleway",
        "bridge": "yes",
        "sidewalk": "",
        "foot": "designated",
        "bicycle": "dismount",
        "tags": {
          "bicycle": "dismount",
          "bridge": "yes",
          "covered": "no",
          "dog": "leashed",
          "foot": "designated",
          "highway": "cycleway",
          "horse": "no",
          "incline": "down",
          "layer": "1",
          "lit": "yes",
          "motor_vehicle": "no",
          "name": "Silber Way",
          "oneway": "no",
          "rcn_ref": "1",
          "segregated": "no",
          "surface": "concrete",
          "width": "3"
        }
      }
    },
    {
      "type": "Feature",
      "geometry": {
        "type": "LineString",
        "coordinates": [
          [
            -71.0713664,
            42.3371553
          ],
          [
            -71.0715529,
            42.3370473
          ]
        ]
      },
      "properties": {
        "osm_id": 832374942,
        "name": "",
        "highway": "footway",
        "bridge": "yes",
        "sidewalk": "",
        "foot": "",
        "bicycle": "",
        "tags": {
          "bridge": "yes",
          "highway": "footway",
          "layer": "1"
        }
      }
    },
    {
      "type": "Feature",
      "geometry": {
        "type": "LineString",
        "coordinates": [
          [
            -71.0711821,
            42.3369715
          ],
          [
            -71.071333,
            42.3368679
          ]
        ]
      },
      "properties": {
        "osm_id": 832374943,
        "name": "",
        "highway": "footway",
        "bridge": "yes",
        "sidewalk": "",
        "foot": "",
        "bicycle": "",
        "tags": {
          "bridge": "yes",
          "highway": "footway",
          "layer": "1"
        }
      }
    },
    {
      "type": "Feature",
      "geometry": {
        "type": "LineString",
        "coordinates": [
          [
            -71.0726749,
            42.3361347
          ],
          [
            -71.0728997,
            42.3359777
          ],
          [
            -71.072922,
            42.336
          ]
        ]
      },
      "properties": {
        "osm_id": 832374944,
        "name": "",
        "highway": "footway",
        "bridge": "yes",
        "sidewalk": "",
        "foot": "",
        "bicycle": "",
        "tags": {
          "bridge": "yes",
          "highway": "footway",
          "layer": "1"
        }
      }
    },
    {
      "type": "Feature",
      "geometry": {
        "type": "LineString",
        "coordinates": [
          [
            -71.0737646,
            42.3561615
          ],
          [
            -71.0737699,
            42.3561557
          ],
          [
            -71.0737792,
            42.3561525
          ],
          [
            -71.0737914,
            42.3561513
          ],
          [
            -71.0738091,
            42.3561513
          ],
          [
            -71.07383,
            42.3561513
          ],
          [
            -71.0738567,
            42.3561505
          ],
          [
            -71.0738835,
            42.3561482
          ],
          [
            -71.0738965,
            42.3561469
          ],
          [
            -71.0739144,
            42.3561452
          ],
          [
            -71.0739936,
            42.3561338
          ],
          [
            -71.0740052,
            42.3561336
          ],
          [
            -71.0740153,
            42.3561369
          ],
          [
            -71.0740204,
            42.3561425
          ]
        ]
      },
      "properties": {
        "osm_id": 832387225,
        "name": "Arthur Fiedler Footbridge",
        "highway": "cycleway",
        "bridge": "yes",
        "sidewalk": "",
        "foot": "designated",
        "bicycle": "dismount",
        "tags": {
          "attribution": "Office of Geographic and Environmental Information (MassGIS)",
          "bicycle": "dismount",
          "bridge": "yes",
          "covered": "no",
          "dog": "yes",
          "foot": "designated",
          "highway": "cycleway",
          "horse": "no",
          "incline": "up",
          "layer": "1",
          "lit": "yes",
          "motor_vehicle": "no",
          "name": "Arthur Fiedler Footbridge",
          "oneway": "no",
          "segregated": "no",
          "smoothness": "good",
          "source": "massgis_import_v0.1_20071010205040",
          "stroller": "yes",
          "surface": "concrete",
          "width": "3.1"
        }
      }
    },
    {
      "type": "Feature",
      "geometry": {
        "type": "LineString",
        "coordinates": [
          [
            -71.0730664,
            42.3558908
          ],
          [
            -71.0730629,
            42.3558936
          ],
          [
            -71.0730533,
            42.3558991
          ],
          [
            -71.0730402,
            42.3559016
          ],
          [
            -71.0730295,
            42.3558993
          ],
          [
            -71.0730191,
            42.3558932
          ],
          [
            -71.0730078,
            42.3558837
          ],
          [
            -71.0729877,
            42.355861
          ],
          [
            -71.0729678,
            42.3558369
          ],
          [
            -71.0729473,
            42.3558098
          ],
          [
            -71.0729314,
            42.3557863
          ],
          [
            -71.0729081,
            42.3557519
          ]
        ]
      },
      "properties": {
        "osm_id": 832387226,
        "name": "Arthur Fiedler Footbridge",
        "highway": "cycleway",
        "bridge": "yes",
        "sidewalk": "",
        "foot": "designated",
        "bicycle": "dismount",
        "tags": {
          "attribution": "Office of Geographic and Environmental Information (MassGIS)",
          "bicycle": "dismount",
          "bridge": "yes",
          "covered": "yes",
          "foot": "designated",
          "highway": "cycleway",
          "horse": "no",
          "incline": "down",
          "layer": "1",
          "lit": "yes",
          "motor_vehicle": "no",
          "name": "Arthur Fiedler Footbridge",
          "oneway": "no",
          "segregated": "no",
          "smoothness": "good",
          "source": "massgis_import_v0.1_20071010205040",
          "surface": "concrete",
          "width": "3.1"
        }
      }
    },
    {
      "type": "Feature",
      "geometry": {
        "type": "LineString",
        "coordinates": [
          [
            -71.0743273,
            42.3571775
          ],
          [
            -71.0743757,
            42.3571743
          ],
          [
            -71.0744584,
            42.3571687
          ]
        ]
      },
      "properties": {
        "osm_id": 832417214,
        "name": "",
        "highway": "footway",
        "bridge": "yes",
        "sidewalk": "",
        "foot": "yes",
        "bicycle": "no",
        "tags": {
          "bicycle": "no",
          "bridge": "yes",
          "covered": "no",
          "dog": "yes",
          "foot": "yes",
          "highway": "footway",
          "horse": "no",
          "incline": "up",
          "lit": "yes",
          "motor_vehicle": "no",
          "oneway": "no",
          "smoothness": "intermediate",
          "surface": "paving_stones",
          "width": "4.2"
        }
      }
    },
    {
      "type": "Feature",
      "geometry": {
        "type": "LineString",
        "coordinates": [
          [
            -71.0744584,
            42.3571687
          ],
          [
            -71.0745711,
            42.3571623
          ]
        ]
      },
      "properties": {
        "osm_id": 832417215,
        "name": "",
        "highway": "footway",
        "bridge": "yes",
        "sidewalk": "",
        "foot": "yes",
        "bicycle": "no",
        "tags": {
          "bicycle": "no",
          "bridge": "yes",
          "covered": "no",
          "dog": "yes",
          "foot": "yes",
          "highway": "footway",
          "horse": "no",
          "incline": "down",
          "lit": "yes",
          "motor_vehicle": "no",
          "oneway": "no",
          "smoothness": "intermediate",
          "surface": "paving_stones",
          "width": "4.2"
        }
      }
    },
    {
      "type": "Feature",
      "geometry": {
        "type": "LineString",
        "coordinates": [
          [
            -71.0750913,
            42.3563277
          ],
          [
            -71.0749772,
            42.3562614
          ]
        ]
      },
      "properties": {
        "osm_id": 832417246,
        "name": "",
        "highway": "footway",
        "bridge": "yes",
        "sidewalk": "",
        "foot": "",
        "bicycle": "no",
        "tags": {
          "bicycle": "no",
          "bridge": "yes",
          "covered": "no",
          "cycleway": "no",
          "highway": "footway",
          "incline": "down",
          "layer": "1",
          "lit": "yes",
          "smoothness": "intermediate",
          "surface": "paving_stones",
          "width": "4"
        }
      }
    },
    {
      "type": "Feature",
      "geometry": {
        "type": "LineString",
        "coordinates": [
          [
            -71.0521415,
            42.3522156
          ],
          [
            -71.0521263,
            42.3522365
          ],
          [
            -71.0520992,
            42.3522739
          ],
          [
            -71.0520664,
            42.3523193
          ],
          [
            -71.0520409,
            42.3523545
          ]
        ]
      },
      "properties": {
        "osm_id": 832439072,
        "name": "",
        "highway": "footway",
        "bridge": "yes",
        "sidewalk": "",
        "foot": "",
        "bicycle": "",
        "tags": {
          "bridge": "yes",
          "crossing": "marked",
          "crossing:markings": "yes",
          "footway": "crossing",
          "highway": "footway",
          "layer": "1",
          "surface": "asphalt"
        }
      }
    },
    {
      "type": "Feature",
      "geometry": {
        "type": "LineString",
        "coordinates": [
          [
            -71.0721057,
            42.3341335
          ],
          [
            -71.0725166,
            42.3344684
          ]
        ]
      },
      "properties": {
        "osm_id": 832665657,
        "name": "",
        "highway": "footway",
        "bridge": "yes",
        "sidewalk": "",
        "foot": "",
        "bicycle": "",
        "tags": {
          "bridge": "yes",
          "highway": "footway",
          "layer": "1"
        }
      }
    },
    {
      "type": "Feature",
      "geometry": {
        "type": "LineString",
        "coordinates": [
          [
            -71.0702363,
            42.3644167
          ],
          [
            -71.0702165,
            42.3644113
          ],
          [
            -71.0701996,
            42.3644071
          ]
        ]
      },
      "properties": {
        "osm_id": 833402087,
        "name": "",
        "highway": "footway",
        "bridge": "yes",
        "sidewalk": "",
        "foot": "yes",
        "bicycle": "dismount",
        "tags": {
          "bicycle": "dismount",
          "bridge": "yes",
          "covered": "no",
          "cycleway": "track",
          "dog": "leashed",
          "foot": "yes",
          "highway": "footway",
          "incline": "0%",
          "layer": "1",
          "lit": "yes",
          "motor_vehicle": "no",
          "stroller": "yes",
          "surface": "concrete",
          "wheelchair": "yes",
          "width": "2"
        }
      }
    },
    {
      "type": "Feature",
      "geometry": {
        "type": "LineString",
        "coordinates": [
          [
            -71.0701996,
            42.3644071
          ],
          [
            -71.0700871,
            42.3646352
          ]
        ]
      },
      "properties": {
        "osm_id": 833402088,
        "name": "",
        "highway": "footway",
        "bridge": "yes",
        "sidewalk": "",
        "foot": "yes",
        "bicycle": "dismount",
        "tags": {
          "bicycle": "dismount",
          "bridge": "yes",
          "covered": "no",
          "cycleway": "track",
          "dog": "leashed",
          "foot": "yes",
          "highway": "footway",
          "incline": "up",
          "layer": "1",
          "lit": "yes",
          "motor_vehicle": "no",
          "stroller": "yes",
          "surface": "concrete",
          "wheelchair": "yes",
          "width": "2"
        }
      }
    },
    {
      "type": "Feature",
      "geometry": {
        "type": "LineString",
        "coordinates": [
          [
            -71.0694452,
            42.3646986
          ],
          [
            -71.0694092,
            42.3646899
          ]
        ]
      },
      "properties": {
        "osm_id": 833402089,
        "name": "",
        "highway": "footway",
        "bridge": "yes",
        "sidewalk": "",
        "foot": "yes",
        "bicycle": "dismount",
        "tags": {
          "bicycle": "dismount",
          "bridge": "yes",
          "covered": "no",
          "cycleway": "track",
          "dog": "leashed",
          "foot": "yes",
          "highway": "footway",
          "incline": "0%",
          "layer": "1",
          "lit": "yes",
          "motor_vehicle": "no",
          "stroller": "yes",
          "surface": "concrete",
          "wheelchair": "yes",
          "width": "2"
        }
      }
    },
    {
      "type": "Feature",
      "geometry": {
        "type": "LineString",
        "coordinates": [
          [
            -71.0694092,
            42.3646899
          ],
          [
            -71.0695474,
            42.3644117
          ]
        ]
      },
      "properties": {
        "osm_id": 833402090,
        "name": "",
        "highway": "footway",
        "bridge": "yes",
        "sidewalk": "",
        "foot": "yes",
        "bicycle": "dismount",
        "tags": {
          "bicycle": "dismount",
          "bridge": "yes",
          "covered": "no",
          "cycleway": "track",
          "dog": "leashed",
          "foot": "yes",
          "highway": "footway",
          "incline": "down",
          "layer": "1",
          "lit": "yes",
          "motor_vehicle": "no",
          "stroller": "yes",
          "surface": "concrete",
          "wheelchair": "yes",
          "width": "2"
        }
      }
    },
    {
      "type": "Feature",
      "geometry": {
        "type": "LineString",
        "coordinates": [
          [
            -71.0701172,
            42.3646538
          ],
          [
            -71.0702363,
            42.3644167
          ]
        ]
      },
      "properties": {
        "osm_id": 833402093,
        "name": "",
        "highway": "footway",
        "bridge": "yes",
        "sidewalk": "",
        "foot": "yes",
        "bicycle": "dismount",
        "tags": {
          "bicycle": "dismount",
          "bridge": "yes",
          "covered": "no",
          "cycleway": "track",
          "dog": "leashed",
          "foot": "yes",
          "highway": "footway",
          "incline": "up",
          "layer": "1",
          "lit": "yes",
          "motor_vehicle": "no",
          "stroller": "yes",
          "surface": "concrete",
          "wheelchair": "yes",
          "width": "2"
        }
      }
    },
    {
      "type": "Feature",
      "geometry": {
        "type": "LineString",
        "coordinates": [
          [
            -71.0702247,
            42.3643955
          ],
          [
            -71.0702165,
            42.3644113
          ]
        ]
      },
      "properties": {
        "osm_id": 833580424,
        "name": "",
        "highway": "footway",
        "bridge": "yes",
        "sidewalk": "",
        "foot": "yes",
        "bicycle": "dismount",
        "tags": {
          "bicycle": "dismount",
          "bridge": "yes",
          "covered": "no",
          "cycleway": "track",
          "dog": "leashed",
          "foot": "yes",
          "highway": "footway",
          "incline": "0%",
          "layer": "1",
          "lit": "yes",
          "motor_vehicle": "no",
          "stroller": "yes",
          "surface": "concrete",
          "wheelchair": "yes",
          "width": "2"
        }
      }
    },
    {
      "type": "Feature",
      "geometry": {
        "type": "LineString",
        "coordinates": [
          [
            -71.0595001,
            42.3676313
          ],
          [
            -71.0596558,
            42.367544
          ],
          [
            -71.0598387,
            42.3674619
          ],
          [
            -71.0601971,
            42.3672991
          ],
          [
            -71.0604927,
            42.3671599
          ],
          [
            -71.06064,
            42.3670878
          ]
        ]
      },
      "properties": {
        "osm_id": 833702303,
        "name": "Boston HarborWalk North End",
        "highway": "path",
        "bridge": "boardwalk",
        "sidewalk": "",
        "foot": "designated",
        "bicycle": "yes",
        "tags": {
          "access": "yes",
          "bicycle": "yes",
          "bridge": "boardwalk",
          "covered": "no",
          "dog": "leashed",
          "foot": "designated",
          "highway": "path",
          "lit": "yes",
          "man_made": "pier",
          "motor_vehicle": "no",
          "name": "Boston HarborWalk North End",
          "note": "An extremely rough outline, created for routing purposes",
          "oneway": "no",
          "smoothness": "intermediate",
          "stroller": "yes",
          "surface": "wood",
          "wheelchair": "yes",
          "width": "4"
        }
      }
    },
    {
      "type": "Feature",
      "geometry": {
        "type": "LineString",
        "coordinates": [
          [
            -71.0599662,
            42.3674595
          ],
          [
            -71.0598494,
            42.367513
          ]
        ]
      },
      "properties": {
        "osm_id": 833702337,
        "name": "",
        "highway": "footway",
        "bridge": "yes",
        "sidewalk": "",
        "foot": "designated",
        "bicycle": "dismount",
        "tags": {
          "access": "yes",
          "bicycle": "dismount",
          "bridge": "yes",
          "covered": "no",
          "dog": "leashed",
          "foot": "designated",
          "highway": "footway",
          "incline": "down",
          "indoor": "no",
          "layer": "1",
          "lit": "yes",
          "location": "outdoor",
          "man_made": "pier",
          "motor_vehicle": "no",
          "oneway": "no",
          "smoothness": "excellent",
          "stroller": "yes",
          "surface": "metal",
          "tactile_paving": "no",
          "wheelchair": "yes",
          "width": "1"
        }
      }
    },
    {
      "type": "Feature",
      "geometry": {
        "type": "LineString",
        "coordinates": [
          [
            -71.0604903,
            42.3672023
          ],
          [
            -71.0604848,
            42.367205
          ],
          [
            -71.0601844,
            42.3673517
          ],
          [
            -71.060163,
            42.3673621
          ]
        ]
      },
      "properties": {
        "osm_id": 833702343,
        "name": "",
        "highway": "footway",
        "bridge": "yes",
        "sidewalk": "",
        "foot": "designated",
        "bicycle": "dismount",
        "tags": {
          "access": "yes",
          "bicycle": "dismount",
          "bridge": "yes",
          "covered": "no",
          "dog": "leashed",
          "foot": "designated",
          "highway": "footway",
          "incline": "up",
          "indoor": "no",
          "layer": "1",
          "lit": "yes",
          "location": "outdoor",
          "man_made": "pier",
          "motor_vehicle": "no",
          "oneway": "no",
          "smoothness": "excellent",
          "stroller": "yes",
          "surface": "metal",
          "tactile_paving": "no",
          "wheelchair": "yes",
          "width": "1"
        }
      }
    },
    {
      "type": "Feature",
      "geometry": {
        "type": "LineString",
        "coordinates": [
          [
            -71.0607519,
            42.3680736
          ],
          [
            -71.0609037,
            42.3680484
          ]
        ]
      },
      "properties": {
        "osm_id": 833739671,
        "name": "",
        "highway": "footway",
        "bridge": "yes",
        "sidewalk": "",
        "foot": "",
        "bicycle": "",
        "tags": {
          "bridge": "yes",
          "highway": "footway",
          "layer": "1"
        }
      }
    },
    {
      "type": "Feature",
      "geometry": {
        "type": "LineString",
        "coordinates": [
          [
            -71.0437697,
            42.3531195
          ],
          [
            -71.0434748,
            42.3533086
          ]
        ]
      },
      "properties": {
        "osm_id": 833915161,
        "name": "",
        "highway": "footway",
        "bridge": "yes",
        "sidewalk": "",
        "foot": "designated",
        "bicycle": "dismount",
        "tags": {
          "bicycle": "dismount",
          "bridge": "yes",
          "covered": "no",
          "foot": "designated",
          "highway": "footway",
          "incline": "down",
          "layer": "1",
          "lit": "yes",
          "motor_vehicle": "no",
          "surface": "metal",
          "width": "1"
        }
      }
    },
    {
      "type": "Feature",
      "geometry": {
        "type": "LineString",
        "coordinates": [
          [
            -71.043825,
            42.3531075
          ],
          [
            -71.0437697,
            42.3531195
          ]
        ]
      },
      "properties": {
        "osm_id": 833915163,
        "name": "",
        "highway": "footway",
        "bridge": "yes",
        "sidewalk": "",
        "foot": "designated",
        "bicycle": "dismount",
        "tags": {
          "bicycle": "dismount",
          "bridge": "yes",
          "covered": "no",
          "foot": "designated",
          "highway": "footway",
          "incline": "0%",
          "layer": "1",
          "lit": "yes",
          "motor_vehicle": "no",
          "surface": "wood",
          "width": "1"
        }
      }
    },
    {
      "type": "Feature",
      "geometry": {
        "type": "LineString",
        "coordinates": [
          [
            -71.0437966,
            42.3531362
          ],
          [
            -71.043825,
            42.3531075
          ]
        ]
      },
      "properties": {
        "osm_id": 833915164,
        "name": "",
        "highway": "footway",
        "bridge": "yes",
        "sidewalk": "",
        "foot": "designated",
        "bicycle": "dismount",
        "tags": {
          "bicycle": "dismount",
          "bridge": "yes",
          "covered": "no",
          "foot": "designated",
          "highway": "footway",
          "incline": "0%",
          "layer": "1",
          "lit": "yes",
          "motor_vehicle": "no",
          "surface": "wood",
          "width": "1"
        }
      }
    },
    {
      "type": "Feature",
      "geometry": {
        "type": "LineString",
        "coordinates": [
          [
            -71.0434767,
            42.3533332
          ],
          [
            -71.0437966,
            42.3531362
          ]
        ]
      },
      "properties": {
        "osm_id": 833915165,
        "name": "",
        "highway": "footway",
        "bridge": "yes",
        "sidewalk": "",
        "foot": "designated",
        "bicycle": "dismount",
        "tags": {
          "bicycle": "dismount",
          "bridge": "yes",
          "covered": "no",
          "foot": "designated",
          "highway": "footway",
          "incline": "up",
          "layer": "1",
          "lit": "yes",
          "motor_vehicle": "no",
          "surface": "metal",
          "width": "1"
        }
      }
    },
    {
      "type": "Feature",
      "geometry": {
        "type": "LineString",
        "coordinates": [
          [
            -71.0407828,
            42.3499423
          ],
          [
            -71.0408032,
            42.3497628
          ]
        ]
      },
      "properties": {
        "osm_id": 833947694,
        "name": "",
        "highway": "path",
        "bridge": "yes",
        "sidewalk": "",
        "foot": "",
        "bicycle": "",
        "tags": {
          "bridge": "yes",
          "highway": "path",
          "layer": "1"
        }
      }
    },
    {
      "type": "Feature",
      "geometry": {
        "type": "LineString",
        "coordinates": [
          [
            -71.1045832,
            42.3386287
          ],
          [
            -71.1046594,
            42.3385633
          ]
        ]
      },
      "properties": {
        "osm_id": 835323471,
        "name": "",
        "highway": "footway",
        "bridge": "yes",
        "sidewalk": "",
        "foot": "",
        "bicycle": "",
        "tags": {
          "bridge": "yes",
          "highway": "footway",
          "layer": "1"
        }
      }
    },
    {
      "type": "Feature",
      "geometry": {
        "type": "LineString",
        "coordinates": [
          [
            -71.1035806,
            42.3386278
          ],
          [
            -71.1035475,
            42.3386969
          ]
        ]
      },
      "properties": {
        "osm_id": 835323472,
        "name": "",
        "highway": "footway",
        "bridge": "yes",
        "sidewalk": "",
        "foot": "",
        "bicycle": "",
        "tags": {
          "bridge": "yes",
          "highway": "footway",
          "layer": "1"
        }
      }
    },
    {
      "type": "Feature",
      "geometry": {
        "type": "LineString",
        "coordinates": [
          [
            -71.0630092,
            42.3732514
          ],
          [
            -71.0630136,
            42.3733105
          ]
        ]
      },
      "properties": {
        "osm_id": 835834808,
        "name": "",
        "highway": "footway",
        "bridge": "yes",
        "sidewalk": "",
        "foot": "",
        "bicycle": "",
        "tags": {
          "bridge": "yes",
          "highway": "footway",
          "layer": "1"
        }
      }
    },
    {
      "type": "Feature",
      "geometry": {
        "type": "LineString",
        "coordinates": [
          [
            -71.0628154,
            42.373191
          ],
          [
            -71.0629128,
            42.3731853
          ]
        ]
      },
      "properties": {
        "osm_id": 835834840,
        "name": "",
        "highway": "footway",
        "bridge": "yes",
        "sidewalk": "",
        "foot": "",
        "bicycle": "",
        "tags": {
          "bridge": "yes",
          "highway": "footway",
          "layer": "1"
        }
      }
    },
    {
      "type": "Feature",
      "geometry": {
        "type": "LineString",
        "coordinates": [
          [
            -71.1126919,
            42.3540058
          ],
          [
            -71.1128319,
            42.3540549
          ]
        ]
      },
      "properties": {
        "osm_id": 835902840,
        "name": "",
        "highway": "footway",
        "bridge": "yes",
        "sidewalk": "",
        "foot": "",
        "bicycle": "",
        "tags": {
          "bridge": "yes",
          "highway": "footway",
          "layer": "1",
          "surface": "wood"
        }
      }
    },
    {
      "type": "Feature",
      "geometry": {
        "type": "LineString",
        "coordinates": [
          [
            -71.114154,
            42.3559847
          ],
          [
            -71.1136983,
            42.3556999
          ],
          [
            -71.1136604,
            42.3557352
          ],
          [
            -71.1138889,
            42.3558743
          ]
        ]
      },
      "properties": {
        "osm_id": 835902869,
        "name": "",
        "highway": "footway",
        "bridge": "yes",
        "sidewalk": "",
        "foot": "",
        "bicycle": "",
        "tags": {
          "bridge": "yes",
          "covered": "no",
          "highway": "footway",
          "incline": "up",
          "layer": "1",
          "lit": "no",
          "motor_vehicle": "no",
          "stroller": "yes",
          "surface": "concrete",
          "wheelchair": "yes",
          "width": "2"
        }
      }
    },
    {
      "type": "Feature",
      "geometry": {
        "type": "LineString",
        "coordinates": [
          [
            -71.0658615,
            42.3352765
          ],
          [
            -71.0648886,
            42.33534
          ]
        ]
      },
      "properties": {
        "osm_id": 835966727,
        "name": "",
        "highway": "footway",
        "bridge": "yes",
        "sidewalk": "",
        "foot": "",
        "bicycle": "",
        "tags": {
          "bridge": "yes",
          "footway": "sidewalk",
          "highway": "footway",
          "layer": "1"
        }
      }
    },
    {
      "type": "Feature",
      "geometry": {
        "type": "LineString",
        "coordinates": [
          [
            -71.0645592,
            42.3350481
          ],
          [
            -71.0646422,
            42.3351852
          ],
          [
            -71.0646936,
            42.3352813
          ],
          [
            -71.0647254,
            42.3353655
          ]
        ]
      },
      "properties": {
        "osm_id": 835966736,
        "name": "",
        "highway": "footway",
        "bridge": "yes",
        "sidewalk": "",
        "foot": "",
        "bicycle": "",
        "tags": {
          "bridge": "yes",
          "footway": "sidewalk",
          "highway": "footway",
          "layer": "1"
        }
      }
    },
    {
      "type": "Feature",
      "geometry": {
        "type": "LineString",
        "coordinates": [
          [
            -71.0798171,
            42.3471403
          ],
          [
            -71.0794399,
            42.3471616
          ]
        ]
      },
      "properties": {
        "osm_id": 836987232,
        "name": "Copley Bridge",
        "highway": "pedestrian",
        "bridge": "covered",
        "sidewalk": "",
        "foot": "",
        "bicycle": "no",
        "tags": {
          "access": "yes",
          "bicycle": "no",
          "bridge": "covered",
          "covered": "yes",
          "highway": "pedestrian",
          "incline": "0%",
          "indoor": "yes",
          "layer": "1",
          "level": "1",
          "lit": "yes",
          "motor_vehicle": "no",
          "name": "Copley Bridge",
          "oneway": "no",
          "stroller": "yes",
          "surface": "concrete",
          "wheelchair": "yes",
          "width": "4"
        }
      }
    },
    {
      "type": "Feature",
      "geometry": {
        "type": "LineString",
        "coordinates": [
          [
            -71.079822,
            42.3471297
          ],
          [
            -71.0798278,
            42.3471259
          ],
          [
            -71.079835,
            42.3471238
          ],
          [
            -71.0798427,
            42.3471236
          ],
          [
            -71.07985,
            42.3471254
          ],
          [
            -71.0798561,
            42.347129
          ],
          [
            -71.0798602,
            42.3471338
          ],
          [
            -71.0798618,
            42.3471394
          ],
          [
            -71.0798609,
            42.3471446
          ],
          [
            -71.0798579,
            42.3471493
          ],
          [
            -71.0798531,
            42.347153
          ],
          [
            -71.079847,
            42.3471555
          ],
          [
            -71.07984,
            42.3471565
          ],
          [
            -71.0798331,
            42.3471558
          ],
          [
            -71.0798267,
            42.3471536
          ],
          [
            -71.0798217,
            42.34715
          ],
          [
            -71.0798183,
            42.3471454
          ],
          [
            -71.0798171,
            42.3471403
          ],
          [
            -71.0798183,
            42.3471347
          ],
          [
            -71.079822,
            42.3471297
          ]
        ]
      },
      "properties": {
        "osm_id": 836987233,
        "name": "Copley Bridge",
        "highway": "pedestrian",
        "bridge": "covered",
        "sidewalk": "",
        "foot": "",
        "bicycle": "no",
        "tags": {
          "access": "yes",
          "bicycle": "no",
          "bridge": "covered",
          "covered": "yes",
          "highway": "pedestrian",
          "incline": "0%",
          "indoor": "yes",
          "layer": "1",
          "level": "1",
          "lit": "yes",
          "motor_vehicle": "no",
          "name": "Copley Bridge",
          "oneway": "no",
          "stroller": "yes",
          "surface": "concrete",
          "wheelchair": "yes",
          "width": "4"
        }
      }
    },
    {
      "type": "Feature",
      "geometry": {
        "type": "LineString",
        "coordinates": [
          [
            -71.0793949,
            42.3471635
          ],
          [
            -71.0791638,
            42.347176
          ],
          [
            -71.0790974,
            42.3471662
          ]
        ]
      },
      "properties": {
        "osm_id": 836987234,
        "name": "Copley Bridge",
        "highway": "pedestrian",
        "bridge": "covered",
        "sidewalk": "",
        "foot": "",
        "bicycle": "no",
        "tags": {
          "access": "yes",
          "bicycle": "no",
          "bridge": "covered",
          "covered": "yes",
          "highway": "pedestrian",
          "incline": "0%",
          "indoor": "yes",
          "layer": "1",
          "level": "1",
          "lit": "yes",
          "motor_vehicle": "no",
          "name": "Copley Bridge",
          "oneway": "no",
          "stroller": "yes",
          "surface": "concrete",
          "wheelchair": "yes",
          "width": "4"
        }
      }
    },
    {
      "type": "Feature",
      "geometry": {
        "type": "LineString",
        "coordinates": [
          [
            -71.0794,
            42.3471519
          ],
          [
            -71.0794058,
            42.3471481
          ],
          [
            -71.079413,
            42.347146
          ],
          [
            -71.0794208,
            42.3471458
          ],
          [
            -71.0794281,
            42.3471476
          ],
          [
            -71.0794342,
            42.3471512
          ],
          [
            -71.0794383,
            42.347156
          ],
          [
            -71.0794399,
            42.3471616
          ],
          [
            -71.079439,
            42.3471668
          ],
          [
            -71.079436,
            42.3471715
          ],
          [
            -71.0794312,
            42.3471752
          ],
          [
            -71.079425,
            42.3471777
          ],
          [
            -71.0794181,
            42.3471787
          ],
          [
            -71.0794112,
            42.347178
          ],
          [
            -71.0794048,
            42.3471758
          ],
          [
            -71.0793997,
            42.3471722
          ],
          [
            -71.0793964,
            42.3471676
          ],
          [
            -71.0793949,
            42.3471635
          ],
          [
            -71.0793963,
            42.3471569
          ],
          [
            -71.0794,
            42.3471519
          ]
        ]
      },
      "properties": {
        "osm_id": 836987235,
        "name": "Copley Bridge",
        "highway": "pedestrian",
        "bridge": "covered",
        "sidewalk": "",
        "foot": "",
        "bicycle": "no",
        "tags": {
          "access": "yes",
          "bicycle": "no",
          "bridge": "covered",
          "covered": "yes",
          "highway": "pedestrian",
          "incline": "0%",
          "indoor": "yes",
          "layer": "1",
          "level": "1",
          "lit": "yes",
          "motor_vehicle": "no",
          "name": "Copley Bridge",
          "oneway": "no",
          "stroller": "yes",
          "surface": "concrete",
          "wheelchair": "yes",
          "width": "4"
        }
      }
    },
    {
      "type": "Feature",
      "geometry": {
        "type": "LineString",
        "coordinates": [
          [
            -71.0603077,
            42.3425012
          ],
          [
            -71.0586062,
            42.3420672
          ]
        ]
      },
      "properties": {
        "osm_id": 837266444,
        "name": "",
        "highway": "footway",
        "bridge": "yes",
        "sidewalk": "",
        "foot": "designated",
        "bicycle": "no",
        "tags": {
          "bicycle": "no",
          "bridge": "yes",
          "covered": "no",
          "foot": "designated",
          "footway": "sidewalk",
          "highway": "footway",
          "incline": "0%",
          "layer": "1",
          "lit": "yes",
          "motor_vehicle": "no",
          "smoothness": "excellent",
          "stroller": "yes",
          "surface": "concrete",
          "wheelchair": "yes",
          "width": "2"
        }
      }
    },
    {
      "type": "Feature",
      "geometry": {
        "type": "LineString",
        "coordinates": [
          [
            -71.0595502,
            42.3712433
          ],
          [
            -71.0595866,
            42.371286
          ],
          [
            -71.0596303,
            42.3713372
          ],
          [
            -71.0596568,
            42.3713681
          ]
        ]
      },
      "properties": {
        "osm_id": 838835968,
        "name": "",
        "highway": "footway",
        "bridge": "yes",
        "sidewalk": "",
        "foot": "",
        "bicycle": "",
        "tags": {
          "bridge": "yes",
          "highway": "footway",
          "layer": "1"
        }
      }
    },
    {
      "type": "Feature",
      "geometry": {
        "type": "LineString",
        "coordinates": [
          [
            -71.095787,
            42.3778913
          ],
          [
            -71.0956963,
            42.3776001
          ]
        ]
      },
      "properties": {
        "osm_id": 845711437,
        "name": "",
        "highway": "footway",
        "bridge": "yes",
        "sidewalk": "",
        "foot": "",
        "bicycle": "",
        "tags": {
          "bridge": "yes",
          "footway": "sidewalk",
          "highway": "footway",
          "layer": "1",
          "surface": "concrete:plates"
        }
      }
    },
    {
      "type": "Feature",
      "geometry": {
        "type": "LineString",
        "coordinates": [
          [
            -71.0959767,
            42.3779955
          ],
          [
            -71.0960558,
            42.3778091
          ]
        ]
      },
      "properties": {
        "osm_id": 845711438,
        "name": "",
        "highway": "footway",
        "bridge": "yes",
        "sidewalk": "",
        "foot": "",
        "bicycle": "",
        "tags": {
          "bridge": "yes",
          "disused": "yes",
          "footway": "sidewalk",
          "highway": "footway",
          "layer": "1",
          "surface": "asphalt"
        }
      }
    },
    {
      "type": "Feature",
      "geometry": {
        "type": "LineString",
        "coordinates": [
          [
            -71.0985493,
            42.3793506
          ],
          [
            -71.0987836,
            42.3793249
          ]
        ]
      },
      "properties": {
        "osm_id": 845752086,
        "name": "",
        "highway": "footway",
        "bridge": "yes",
        "sidewalk": "",
        "foot": "",
        "bicycle": "",
        "tags": {
          "bridge": "yes",
          "footway": "sidewalk",
          "highway": "footway",
          "layer": "1",
          "surface": "concrete"
        }
      }
    },
    {
      "type": "Feature",
      "geometry": {
        "type": "LineString",
        "coordinates": [
          [
            -71.0520233,
            42.3496281
          ],
          [
            -71.0521364,
            42.3494714
          ]
        ]
      },
      "properties": {
        "osm_id": 845969561,
        "name": "",
        "highway": "footway",
        "bridge": "yes",
        "sidewalk": "",
        "foot": "yes",
        "bicycle": "no",
        "tags": {
          "access": "yes",
          "bicycle": "no",
          "bridge": "yes",
          "covered": "no",
          "dog": "leashed",
          "fishing": "yes",
          "floating": "no",
          "foot": "yes",
          "handrail": "yes",
          "highway": "footway",
          "incline": "up",
          "layer": "1",
          "lit": "yes",
          "man_made": "pier",
          "motor_vehicle": "no",
          "stroller": "yes",
          "surface": "metal",
          "wheelchair": "yes",
          "width": "4"
        }
      }
    },
    {
      "type": "Feature",
      "geometry": {
        "type": "LineString",
        "coordinates": [
          [
            -71.0512289,
            42.3496444
          ],
          [
            -71.0511163,
            42.3496812
          ],
          [
            -71.0510462,
            42.3496323
          ],
          [
            -71.0511648,
            42.3496026
          ],
          [
            -71.0512289,
            42.3496444
          ]
        ]
      },
      "properties": {
        "osm_id": 845984637,
        "name": "",
        "highway": "",
        "bridge": "covered",
        "sidewalk": "",
        "foot": "yes",
        "bicycle": "",
        "tags": {
          "access": "private",
          "bridge": "covered",
          "bridge:structure": "beam",
          "building": "yes",
          "building:levels": "4",
          "building:part": "yes",
          "colour": "green",
          "covered": "yes",
          "foot": "yes",
          "indoor": "corridor",
          "layer": "1",
          "level": "1;2;3;4",
          "min_level": "1"
        }
      }
    },
    {
      "type": "Feature",
      "geometry": {
        "type": "LineString",
        "coordinates": [
          [
            -71.1174906,
            42.3609006
          ],
          [
            -71.1177003,
            42.3608371
          ]
        ]
      },
      "properties": {
        "osm_id": 846729353,
        "name": "",
        "highway": "footway",
        "bridge": "yes",
        "sidewalk": "",
        "foot": "",
        "bicycle": "",
        "tags": {
          "bridge": "yes",
          "footway": "sidewalk",
          "highway": "footway",
          "layer": "1",
          "surface": "concrete"
        }
      }
    },
    {
      "type": "Feature",
      "geometry": {
        "type": "LineString",
        "coordinates": [
          [
            -71.0819836,
            42.3628627
          ],
          [
            -71.0819732,
            42.3628609
          ],
          [
            -71.0818076,
            42.3628312
          ],
          [
            -71.0817911,
            42.3628283
          ],
          [
            -71.0817929,
            42.3628228
          ],
          [
            -71.0817948,
            42.3628169
          ],
          [
            -71.0818122,
            42.36282
          ],
          [
            -71.0819743,
            42.362849
          ],
          [
            -71.0819873,
            42.3628513
          ],
          [
            -71.0819854,
            42.3628571
          ],
          [
            -71.0819836,
            42.3628627
          ]
        ]
      },
      "properties": {
        "osm_id": 847822011,
        "name": "",
        "highway": "",
        "bridge": "boardwalk",
        "sidewalk": "",
        "foot": "yes",
        "bicycle": "",
        "tags": {
          "access": "yes",
          "bridge": "boardwalk",
          "bridge:structure": "simple-suspension",
          "covered": "no",
          "foot": "yes",
          "incline": "down",
          "layer": "1",
          "lit": "yes",
          "location": "outdoor",
          "man_made": "bridge",
          "surface": "metal"
        }
      }
    },
    {
      "type": "Feature",
      "geometry": {
        "type": "LineString",
        "coordinates": [
          [
            -71.0816908,
            42.3628095
          ],
          [
            -71.0816734,
            42.3628583
          ],
          [
            -71.0816792,
            42.3628694
          ],
          [
            -71.0817044,
            42.3628749
          ],
          [
            -71.0817009,
            42.3628887
          ],
          [
            -71.0816465,
            42.3628779
          ],
          [
            -71.0816628,
            42.3628344
          ],
          [
            -71.0816571,
            42.3628246
          ],
          [
            -71.0815433,
            42.3628023
          ],
          [
            -71.0815521,
            42.3627773
          ],
          [
            -71.0815614,
            42.3627515
          ],
          [
            -71.0816992,
            42.3627821
          ],
          [
            -71.0816941,
            42.3627984
          ],
          [
            -71.0817383,
            42.3628068
          ],
          [
            -71.081746,
            42.3627845
          ],
          [
            -71.0818204,
            42.362799
          ],
          [
            -71.0818122,
            42.36282
          ],
          [
            -71.0817948,
            42.3628169
          ],
          [
            -71.0817929,
            42.3628228
          ],
          [
            -71.0817911,
            42.3628283
          ],
          [
            -71.0818076,
            42.3628312
          ],
          [
            -71.0817987,
            42.3628554
          ],
          [
            -71.0817767,
            42.3628508
          ],
          [
            -71.0817473,
            42.3628447
          ],
          [
            -71.0817275,
            42.3628405
          ],
          [
            -71.0817343,
            42.3628187
          ],
          [
            -71.0816908,
            42.3628095
          ]
        ]
      },
      "properties": {
        "osm_id": 847822012,
        "name": "",
        "highway": "",
        "bridge": "boardwalk",
        "sidewalk": "",
        "foot": "yes",
        "bicycle": "no",
        "tags": {
          "access": "yes",
          "area": "yes",
          "bicycle": "no",
          "bridge": "boardwalk",
          "covered": "no",
          "fishing": "no",
          "floating": "no",
          "foot": "yes",
          "incline": "0%",
          "lit": "yes",
          "location": "outdoor",
          "man_made": "pier",
          "motor_vehicle": "no",
          "surface": "wood",
          "width": "5"
        }
      }
    },
    {
      "type": "Feature",
      "geometry": {
        "type": "LineString",
        "coordinates": [
          [
            -71.0750389,
            42.3476923
          ],
          [
            -71.0750403,
            42.3477388
          ]
        ]
      },
      "properties": {
        "osm_id": 849636970,
        "name": "",
        "highway": "corridor",
        "bridge": "yes",
        "sidewalk": "",
        "foot": "designated",
        "bicycle": "no",
        "tags": {
          "access": "yes",
          "bicycle": "no",
          "bridge": "yes",
          "covered": "yes",
          "foot": "designated",
          "handrail": "both",
          "highway": "corridor",
          "incline": "up",
          "indoor": "yes",
          "layer": "1",
          "level": "0",
          "lit": "yes",
          "location": "indoor",
          "motor_vehicle": "no",
          "stroller": "yes",
          "surface": "concrete",
          "wheelchair": "yes",
          "width": "5"
        }
      }
    },
    {
      "type": "Feature",
      "geometry": {
        "type": "LineString",
        "coordinates": [
          [
            -71.0689815,
            42.3739741
          ],
          [
            -71.0690811,
            42.3739362
          ],
          [
            -71.0691243,
            42.3739177
          ],
          [
            -71.0692272,
            42.3738678
          ],
          [
            -71.0693249,
            42.3738125
          ],
          [
            -71.0693866,
            42.3737749
          ],
          [
            -71.0694481,
            42.3737352
          ],
          [
            -71.0694994,
            42.373697
          ],
          [
            -71.0695059,
            42.3736922
          ],
          [
            -71.0695638,
            42.3736454
          ],
          [
            -71.0696197,
            42.373597
          ],
          [
            -71.0697413,
            42.3734723
          ],
          [
            -71.0698731,
            42.373304
          ],
          [
            -71.0699228,
            42.3732341
          ],
          [
            -71.0700662,
            42.3730356
          ],
          [
            -71.0700855,
            42.3730111
          ],
          [
            -71.070108,
            42.372982
          ],
          [
            -71.0704362,
            42.3725898
          ]
        ]
      },
      "properties": {
        "osm_id": 850241670,
        "name": "",
        "highway": "footway",
        "bridge": "yes",
        "sidewalk": "",
        "foot": "",
        "bicycle": "",
        "tags": {
          "bridge": "yes",
          "footway": "sidewalk",
          "highway": "footway",
          "layer": "1",
          "source": "http://www.pathfriends.org",
          "surface": "concrete:plates"
        }
      }
    },
    {
      "type": "Feature",
      "geometry": {
        "type": "LineString",
        "coordinates": [
          [
            -71.0704362,
            42.3725898
          ],
          [
            -71.0706489,
            42.3723282
          ],
          [
            -71.070698,
            42.3722626
          ],
          [
            -71.0709638,
            42.371908
          ],
          [
            -71.0711395,
            42.3716975
          ],
          [
            -71.071165,
            42.3716669
          ],
          [
            -71.0719904,
            42.3706783
          ],
          [
            -71.0725454,
            42.3700188
          ],
          [
            -71.0725825,
            42.3699916
          ]
        ]
      },
      "properties": {
        "osm_id": 850349773,
        "name": "Charlestown Avenue",
        "highway": "footway",
        "bridge": "yes",
        "sidewalk": "",
        "foot": "",
        "bicycle": "",
        "tags": {
          "bridge": "yes",
          "footway": "sidewalk",
          "highway": "footway",
          "layer": "1",
          "name": "Charlestown Avenue",
          "source": "http://www.pathfriends.org",
          "surface": "concrete:plates"
        }
      }
    },
    {
      "type": "Feature",
      "geometry": {
        "type": "LineString",
        "coordinates": [
          [
            -71.0486711,
            42.3621049
          ],
          [
            -71.0486787,
            42.3621264
          ]
        ]
      },
      "properties": {
        "osm_id": 852515476,
        "name": "",
        "highway": "footway",
        "bridge": "yes",
        "sidewalk": "",
        "foot": "",
        "bicycle": "",
        "tags": {
          "bridge": "yes",
          "highway": "footway",
          "layer": "1"
        }
      }
    },
    {
      "type": "Feature",
      "geometry": {
        "type": "LineString",
        "coordinates": [
          [
            -71.0618483,
            42.3685031
          ],
          [
            -71.0618567,
            42.3685036
          ],
          [
            -71.061858,
            42.3685051
          ],
          [
            -71.061918,
            42.3685737
          ],
          [
            -71.0619048,
            42.3686546
          ],
          [
            -71.0618961,
            42.3686604
          ]
        ]
      },
      "properties": {
        "osm_id": 852560828,
        "name": "",
        "highway": "footway",
        "bridge": "movable",
        "sidewalk": "",
        "foot": "",
        "bicycle": "",
        "tags": {
          "access": "permissive",
          "bridge": "movable",
          "covered": "no",
          "handrail": "yes",
          "highway": "footway",
          "incline": "0%",
          "layer": "1",
          "level": "0",
          "lit": "yes",
          "motor_vehicle": "no",
          "smoothness": "good",
          "stroller": "limited",
          "surface": "metal",
          "tactile_paving": "no",
          "wheelchair": "limited",
          "width": "1"
        }
      }
    },
    {
      "type": "Feature",
      "geometry": {
        "type": "LineString",
        "coordinates": [
          [
            -71.0616288,
            42.3683678
          ],
          [
            -71.0616636,
            42.3684288
          ],
          [
            -71.0616536,
            42.3684895
          ],
          [
            -71.0616601,
            42.3684948
          ]
        ]
      },
      "properties": {
        "osm_id": 852560831,
        "name": "",
        "highway": "footway",
        "bridge": "movable",
        "sidewalk": "",
        "foot": "",
        "bicycle": "",
        "tags": {
          "access": "permissive",
          "bridge": "movable",
          "covered": "no",
          "handrail": "yes",
          "highway": "footway",
          "incline": "0%",
          "layer": "1",
          "level": "0",
          "lit": "yes",
          "motor_vehicle": "no",
          "smoothness": "good",
          "stroller": "limited",
          "surface": "metal",
          "tactile_paving": "no",
          "wheelchair": "limited",
          "width": "1"
        }
      }
    },
    {
      "type": "Feature",
      "geometry": {
        "type": "LineString",
        "coordinates": [
          [
            -71.061576,
            42.3682068
          ],
          [
            -71.0615837,
            42.3682109
          ],
          [
            -71.061613,
            42.368263
          ],
          [
            -71.0616159,
            42.3683234
          ],
          [
            -71.061612,
            42.3683274
          ]
        ]
      },
      "properties": {
        "osm_id": 852560833,
        "name": "",
        "highway": "footway",
        "bridge": "movable",
        "sidewalk": "",
        "foot": "",
        "bicycle": "",
        "tags": {
          "access": "permissive",
          "bridge": "movable",
          "covered": "no",
          "handrail": "yes",
          "highway": "footway",
          "incline": "0%",
          "layer": "1",
          "level": "0",
          "lit": "yes",
          "motor_vehicle": "no",
          "smoothness": "good",
          "stroller": "limited",
          "surface": "metal",
          "tactile_paving": "no",
          "wheelchair": "limited",
          "width": "1"
        }
      }
    },
    {
      "type": "Feature",
      "geometry": {
        "type": "LineString",
        "coordinates": [
          [
            -71.0417839,
            42.3477965
          ],
          [
            -71.0416374,
            42.3479898
          ]
        ]
      },
      "properties": {
        "osm_id": 856070071,
        "name": "",
        "highway": "footway",
        "bridge": "yes",
        "sidewalk": "",
        "foot": "",
        "bicycle": "",
        "tags": {
          "bridge": "yes",
          "highway": "footway",
          "layer": "1"
        }
      }
    },
    {
      "type": "Feature",
      "geometry": {
        "type": "LineString",
        "coordinates": [
          [
            -71.0435726,
            42.3502739
          ],
          [
            -71.0436391,
            42.3501885
          ]
        ]
      },
      "properties": {
        "osm_id": 856072995,
        "name": "",
        "highway": "footway",
        "bridge": "yes",
        "sidewalk": "",
        "foot": "",
        "bicycle": "",
        "tags": {
          "bridge": "yes",
          "highway": "footway",
          "layer": "1"
        }
      }
    },
    {
      "type": "Feature",
      "geometry": {
        "type": "LineString",
        "coordinates": [
          [
            -71.0923322,
            42.3501763
          ],
          [
            -71.0926046,
            42.3501043
          ]
        ]
      },
      "properties": {
        "osm_id": 910159945,
        "name": "",
        "highway": "footway",
        "bridge": "yes",
        "sidewalk": "",
        "foot": "",
        "bicycle": "",
        "tags": {
          "bridge": "yes",
          "footway": "sidewalk",
          "highway": "footway",
          "incline": "0%",
          "layer": "1",
          "surface": "asphalt",
          "width": "2"
        }
      }
    },
    {
      "type": "Feature",
      "geometry": {
        "type": "LineString",
        "coordinates": [
          [
            -71.0792262,
            42.3626369
          ],
          [
            -71.0792762,
            42.3625893
          ],
          [
            -71.0806457,
            42.3627086
          ],
          [
            -71.0812575,
            42.3628439
          ],
          [
            -71.0820183,
            42.3629842
          ]
        ]
      },
      "properties": {
        "osm_id": 917579053,
        "name": "Broad Canal Boardwalk",
        "highway": "footway",
        "bridge": "yes",
        "sidewalk": "",
        "foot": "",
        "bicycle": "yes",
        "tags": {
          "access": "yes",
          "alt_name": "Waterfront Walkway",
          "bicycle": "yes",
          "bridge": "yes",
          "covered": "no",
          "highway": "footway",
          "incline": "0%",
          "layer": "1",
          "lit": "yes",
          "motor_vehicle": "no",
          "name": "Broad Canal Boardwalk",
          "name:etymology:wikidata": "Q4971853",
          "operator": "Massachusetts Department of Environmental Protection",
          "smoothness": "intermediate",
          "stroller": "yes",
          "surface": "wood",
          "tactile_paving": "no",
          "wheelchair": "yes",
          "width": "5"
        }
      }
    },
    {
      "type": "Feature",
      "geometry": {
        "type": "LineString",
        "coordinates": [
          [
            -71.1112447,
            42.3521638
          ],
          [
            -71.1112063,
            42.3521902
          ],
          [
            -71.1111537,
            42.3522389
          ],
          [
            -71.1111402,
            42.3522433
          ],
          [
            -71.1111247,
            42.3522444
          ],
          [
            -71.1105858,
            42.3521999
          ],
          [
            -71.1105713,
            42.352199
          ],
          [
            -71.1105587,
            42.3521972
          ],
          [
            -71.1105416,
            42.3521918
          ],
          [
            -71.1105264,
            42.3521839
          ],
          [
            -71.1105148,
            42.3521747
          ],
          [
            -71.1105089,
            42.3521683
          ],
          [
            -71.1105056,
            42.3521577
          ],
          [
            -71.1105059,
            42.352149
          ],
          [
            -71.1105092,
            42.3521332
          ]
        ]
      },
      "properties": {
        "osm_id": 922144022,
        "name": "Dr. Paul Dudley White Path",
        "highway": "cycleway",
        "bridge": "yes",
        "sidewalk": "",
        "foot": "designated",
        "bicycle": "designated",
        "tags": {
          "bicycle": "designated",
          "bridge": "yes",
          "covered": "no",
          "dog": "leashed",
          "foot": "designated",
          "highway": "cycleway",
          "horse": "no",
          "incline": "0%",
          "lanes": "2",
          "lanes:backward": "1",
          "lanes:forward": "1",
          "layer": "1",
          "lit": "yes",
          "motor_vehicle": "no",
          "name": "Dr. Paul Dudley White Path",
          "name:etymology:wikidata": "Q366363",
          "oneway": "no",
          "segregated": "no",
          "smoothness": "excellent",
          "start_date": "2004",
          "stroller": "yes",
          "surface": "wood",
          "tactile_paving": "no",
          "wheelchair": "yes",
          "width": "4",
          "wikidata": "Q5082069",
          "wikipedia": "en:Charles River Bike Path"
        }
      }
    },
    {
      "type": "Feature",
      "geometry": {
        "type": "LineString",
        "coordinates": [
          [
            -71.1179917,
            42.3320804
          ],
          [
            -71.1180592,
            42.3321709
          ]
        ]
      },
      "properties": {
        "osm_id": 936505456,
        "name": "Washington Street",
        "highway": "footway",
        "bridge": "yes",
        "sidewalk": "",
        "foot": "",
        "bicycle": "",
        "tags": {
          "bridge": "yes",
          "footway": "sidewalk",
          "highway": "footway",
          "layer": "1",
          "lit": "yes",
          "name": "Washington Street",
          "surface": "concrete"
        }
      }
    },
    {
      "type": "Feature",
      "geometry": {
        "type": "LineString",
        "coordinates": [
          [
            -71.1147183,
            42.3733413
          ],
          [
            -71.1146548,
            42.3735264
          ],
          [
            -71.1146411,
            42.3735451
          ],
          [
            -71.1146226,
            42.3735576
          ],
          [
            -71.1145885,
            42.3735668
          ]
        ]
      },
      "properties": {
        "osm_id": 945124935,
        "name": "",
        "highway": "footway",
        "bridge": "yes",
        "sidewalk": "",
        "foot": "",
        "bicycle": "",
        "tags": {
          "bridge": "yes",
          "highway": "footway",
          "incline": "up",
          "layer": "1",
          "ramp": "yes",
          "surface": "concrete"
        }
      }
    },
    {
      "type": "Feature",
      "geometry": {
        "type": "LineString",
        "coordinates": [
          [
            -71.1141218,
            42.3736591
          ],
          [
            -71.1140118,
            42.3736806
          ],
          [
            -71.1139258,
            42.3736978
          ],
          [
            -71.1139074,
            42.3737068
          ],
          [
            -71.113895,
            42.3737163
          ],
          [
            -71.1138886,
            42.3737274
          ],
          [
            -71.113884,
            42.3737409
          ],
          [
            -71.1138558,
            42.3738536
          ]
        ]
      },
      "properties": {
        "osm_id": 945124938,
        "name": "",
        "highway": "footway",
        "bridge": "yes",
        "sidewalk": "",
        "foot": "",
        "bicycle": "",
        "tags": {
          "bridge": "yes",
          "highway": "footway",
          "incline": "down",
          "layer": "1",
          "ramp": "yes",
          "surface": "concrete"
        }
      }
    },
    {
      "type": "Feature",
      "geometry": {
        "type": "LineString",
        "coordinates": [
          [
            -71.0437563,
            42.3469072
          ],
          [
            -71.0437704,
            42.3469026
          ],
          [
            -71.0437791,
            42.3468976
          ],
          [
            -71.043787,
            42.3468909
          ],
          [
            -71.0437998,
            42.3468768
          ],
          [
            -71.0438049,
            42.3468649
          ],
          [
            -71.0438071,
            42.3468492
          ],
          [
            -71.0438068,
            42.3468259
          ],
          [
            -71.0437987,
            42.3467463
          ]
        ]
      },
      "properties": {
        "osm_id": 948250744,
        "name": "",
        "highway": "footway",
        "bridge": "yes",
        "sidewalk": "",
        "foot": "",
        "bicycle": "",
        "tags": {
          "bridge": "yes",
          "footway": "sidewalk",
          "highway": "footway",
          "layer": "1",
          "surface": "concrete"
        }
      }
    },
    {
      "type": "Feature",
      "geometry": {
        "type": "LineString",
        "coordinates": [
          [
            -71.0430094,
            42.3479711
          ],
          [
            -71.0429324,
            42.3479659
          ],
          [
            -71.0427664,
            42.3479412
          ],
          [
            -71.0426374,
            42.3478725
          ]
        ]
      },
      "properties": {
        "osm_id": 949809865,
        "name": "",
        "highway": "footway",
        "bridge": "yes",
        "sidewalk": "",
        "foot": "",
        "bicycle": "",
        "tags": {
          "bridge": "yes",
          "footway": "sidewalk",
          "highway": "footway",
          "layer": "1",
          "surface": "concrete"
        }
      }
    },
    {
      "type": "Feature",
      "geometry": {
        "type": "LineString",
        "coordinates": [
          [
            -71.0441032,
            42.3460209
          ],
          [
            -71.0439272,
            42.3459063
          ]
        ]
      },
      "properties": {
        "osm_id": 950253654,
        "name": "",
        "highway": "pedestrian",
        "bridge": "yes",
        "sidewalk": "",
        "foot": "",
        "bicycle": "",
        "tags": {
          "bridge": "yes",
          "highway": "pedestrian",
          "layer": "2"
        }
      }
    },
    {
      "type": "Feature",
      "geometry": {
        "type": "LineString",
        "coordinates": [
          [
            -71.0435722,
            42.3472332
          ],
          [
            -71.0431074,
            42.3478413
          ],
          [
            -71.0430567,
            42.3479088
          ],
          [
            -71.0430094,
            42.3479711
          ],
          [
            -71.0429232,
            42.3480911
          ],
          [
            -71.0427823,
            42.3482847
          ],
          [
            -71.0427582,
            42.3482746
          ]
        ]
      },
      "properties": {
        "osm_id": 952756128,
        "name": "",
        "highway": "footway",
        "bridge": "yes",
        "sidewalk": "",
        "foot": "",
        "bicycle": "",
        "tags": {
          "bridge": "yes",
          "footway": "sidewalk",
          "highway": "footway",
          "layer": "1",
          "surface": "concrete"
        }
      }
    },
    {
      "type": "Feature",
      "geometry": {
        "type": "LineString",
        "coordinates": [
          [
            -71.042669,
            42.3484399
          ],
          [
            -71.0427823,
            42.3482847
          ]
        ]
      },
      "properties": {
        "osm_id": 952757592,
        "name": "",
        "highway": "footway",
        "bridge": "yes",
        "sidewalk": "",
        "foot": "",
        "bicycle": "",
        "tags": {
          "bridge": "yes",
          "crossing": "unmarked",
          "crossing:markings": "no",
          "footway": "crossing",
          "highway": "footway",
          "layer": "1"
        }
      }
    },
    {
      "type": "Feature",
      "geometry": {
        "type": "LineString",
        "coordinates": [
          [
            -71.0426418,
            42.3484285
          ],
          [
            -71.0426258,
            42.3484202
          ],
          [
            -71.0426132,
            42.3484097
          ],
          [
            -71.0426034,
            42.3483958
          ],
          [
            -71.0425993,
            42.3483819
          ],
          [
            -71.0426014,
            42.3483644
          ],
          [
            -71.0426091,
            42.348347
          ],
          [
            -71.0426217,
            42.3483272
          ],
          [
            -71.0426397,
            42.3483064
          ],
          [
            -71.0426534,
            42.3482926
          ],
          [
            -71.0426677,
            42.3482819
          ],
          [
            -71.0426838,
            42.3482747
          ],
          [
            -71.042699,
            42.3482703
          ],
          [
            -71.0427182,
            42.3482692
          ],
          [
            -71.0427364,
            42.3482702
          ],
          [
            -71.0427582,
            42.3482746
          ]
        ]
      },
      "properties": {
        "osm_id": 952761729,
        "name": "",
        "highway": "footway",
        "bridge": "yes",
        "sidewalk": "",
        "foot": "",
        "bicycle": "",
        "tags": {
          "bridge": "yes",
          "footway": "sidewalk",
          "highway": "footway",
          "layer": "1",
          "surface": "concrete"
        }
      }
    },
    {
      "type": "Feature",
      "geometry": {
        "type": "LineString",
        "coordinates": [
          [
            -71.0427402,
            42.3481636
          ],
          [
            -71.0427273,
            42.3481365
          ],
          [
            -71.0426792,
            42.3480349
          ],
          [
            -71.0427664,
            42.3479412
          ]
        ]
      },
      "properties": {
        "osm_id": 952761730,
        "name": "",
        "highway": "footway",
        "bridge": "yes",
        "sidewalk": "",
        "foot": "",
        "bicycle": "",
        "tags": {
          "bridge": "yes",
          "footway": "sidewalk",
          "highway": "footway",
          "layer": "1",
          "surface": "concrete"
        }
      }
    },
    {
      "type": "Feature",
      "geometry": {
        "type": "LineString",
        "coordinates": [
          [
            -71.0427582,
            42.3482746
          ],
          [
            -71.0427402,
            42.3481636
          ]
        ]
      },
      "properties": {
        "osm_id": 952761731,
        "name": "",
        "highway": "footway",
        "bridge": "yes",
        "sidewalk": "",
        "foot": "",
        "bicycle": "",
        "tags": {
          "bridge": "yes",
          "footway": "sidewalk",
          "highway": "footway",
          "layer": "1",
          "surface": "concrete"
        }
      }
    },
    {
      "type": "Feature",
      "geometry": {
        "type": "LineString",
        "coordinates": [
          [
            -71.0426492,
            42.3487309
          ],
          [
            -71.0426719,
            42.3487403
          ]
        ]
      },
      "properties": {
        "osm_id": 952761733,
        "name": "",
        "highway": "footway",
        "bridge": "yes",
        "sidewalk": "",
        "foot": "",
        "bicycle": "",
        "tags": {
          "bridge": "yes",
          "footway": "sidewalk",
          "highway": "footway",
          "layer": "1",
          "surface": "concrete"
        }
      }
    },
    {
      "type": "Feature",
      "geometry": {
        "type": "LineString",
        "coordinates": [
          [
            -71.092405,
            42.3567963
          ],
          [
            -71.0925052,
            42.3569911
          ]
        ]
      },
      "properties": {
        "osm_id": 961263635,
        "name": "Massachusetts Avenue",
        "highway": "primary",
        "bridge": "yes",
        "sidewalk": "",
        "foot": "yes",
        "bicycle": "yes",
        "tags": {
          "attribution": "Office of Geographic and Environmental Information (MassGIS)",
          "bicycle": "yes",
          "bridge": "yes",
          "bridge:name": "Harvard Bridge",
          "busway:right": "lane",
          "condition": "fair",
          "covered": "no",
          "cycleway:left": "track",
          "cycleway:left:buffer": "yes",
          "cycleway:left:separation": "flex_post",
          "cycleway:right": "track",
          "cycleway:right:buffer": "yes",
          "cycleway:right:separation": "flex_post",
          "foot": "yes",
          "highway": "primary",
          "horse": "no",
          "incline": "0%",
          "lanes": "4",
          "lanes:backward": "2",
          "lanes:forward": "2",
          "layer": "1",
          "lit": "yes",
          "maxheight": "none",
          "maxspeed": "25 mph",
          "maxweight": "86.4",
          "name": "Massachusetts Avenue",
          "oneway": "no",
          "parking:both": "no",
          "ref": "MA 2A",
          "sidewalk:both": "separate",
          "source": "MASSGIS",
          "surface": "asphalt",
          "toll": "no",
          "turn:lanes:forward": "none|bus;right",
          "width": "16.1",
          "wikidata": "Q1587840",
          "wikipedia": "en:Harvard Bridge"
        }
      }
    },
    {
      "type": "Feature",
      "geometry": {
        "type": "LineString",
        "coordinates": [
          [
            -71.1114883,
            42.3367115
          ],
          [
            -71.1114493,
            42.336674
          ]
        ]
      },
      "properties": {
        "osm_id": 979896306,
        "name": "",
        "highway": "steps",
        "bridge": "yes",
        "sidewalk": "",
        "foot": "",
        "bicycle": "",
        "tags": {
          "bridge": "yes",
          "handrail": "yes",
          "highway": "steps",
          "incline": "down",
          "layer": "1",
          "ramp": "no",
          "rcn_ref": "1",
          "step_count": "6",
          "surface": "paving_stones",
          "tactile_paving": "no"
        }
      }
    },
    {
      "type": "Feature",
      "geometry": {
        "type": "LineString",
        "coordinates": [
          [
            -71.0743041,
            42.3718825
          ],
          [
            -71.074307,
            42.3718024
          ],
          [
            -71.0743068,
            42.3717676
          ]
        ]
      },
      "properties": {
        "osm_id": 988631443,
        "name": "",
        "highway": "footway",
        "bridge": "yes",
        "sidewalk": "",
        "foot": "",
        "bicycle": "",
        "tags": {
          "bridge": "yes",
          "highway": "footway",
          "layer": "1",
          "surface": "asphalt"
        }
      }
    },
    {
      "type": "Feature",
      "geometry": {
        "type": "LineString",
        "coordinates": [
          [
            -71.0743639,
            42.3717216
          ],
          [
            -71.0745329,
            42.3716474
          ]
        ]
      },
      "properties": {
        "osm_id": 988640997,
        "name": "",
        "highway": "footway",
        "bridge": "yes",
        "sidewalk": "",
        "foot": "",
        "bicycle": "",
        "tags": {
          "bridge": "yes",
          "highway": "footway",
          "layer": "1",
          "surface": "asphalt"
        }
      }
    },
    {
      "type": "Feature",
      "geometry": {
        "type": "LineString",
        "coordinates": [
          [
            -71.1052855,
            42.3359192
          ],
          [
            -71.1053228,
            42.3357246
          ]
        ]
      },
      "properties": {
        "osm_id": 1006562649,
        "name": "",
        "highway": "footway",
        "bridge": "yes",
        "sidewalk": "",
        "foot": "",
        "bicycle": "",
        "tags": {
          "bridge": "yes",
          "highway": "footway",
          "layer": "1"
        }
      }
    },
    {
      "type": "Feature",
      "geometry": {
        "type": "LineString",
        "coordinates": [
          [
            -71.1069557,
            42.337
          ],
          [
            -71.1071893,
            42.3367835
          ]
        ]
      },
      "properties": {
        "osm_id": 1006562652,
        "name": "",
        "highway": "footway",
        "bridge": "yes",
        "sidewalk": "",
        "foot": "",
        "bicycle": "",
        "tags": {
          "bridge": "yes",
          "highway": "footway",
          "layer": "1"
        }
      }
    },
    {
      "type": "Feature",
      "geometry": {
        "type": "LineString",
        "coordinates": [
          [
            -71.0485319,
            42.3599139
          ],
          [
            -71.0483976,
            42.3599218
          ]
        ]
      },
      "properties": {
        "osm_id": 1024565669,
        "name": "",
        "highway": "footway",
        "bridge": "yes",
        "sidewalk": "",
        "foot": "",
        "bicycle": "",
        "tags": {
          "bridge": "yes",
          "highway": "footway",
          "layer": "1"
        }
      }
    },
    {
      "type": "Feature",
      "geometry": {
        "type": "LineString",
        "coordinates": [
          [
            -71.049909,
            42.3608147
          ],
          [
            -71.0497335,
            42.3608472
          ]
        ]
      },
      "properties": {
        "osm_id": 1024772969,
        "name": "",
        "highway": "footway",
        "bridge": "yes",
        "sidewalk": "",
        "foot": "",
        "bicycle": "",
        "tags": {
          "bridge": "yes",
          "highway": "footway",
          "layer": "1",
          "surface": "metal"
        }
      }
    },
    {
      "type": "Feature",
      "geometry": {
        "type": "LineString",
        "coordinates": [
          [
            -71.1182348,
            42.3319695
          ],
          [
            -71.1182997,
            42.3320338
          ]
        ]
      },
      "properties": {
        "osm_id": 1084263803,
        "name": "",
        "highway": "footway",
        "bridge": "yes",
        "sidewalk": "",
        "foot": "",
        "bicycle": "",
        "tags": {
          "bridge": "yes",
          "footway": "sidewalk",
          "highway": "footway",
          "layer": "1",
          "surface": "paved"
        }
      }
    },
    {
      "type": "Feature",
      "geometry": {
        "type": "LineString",
        "coordinates": [
          [
            -71.0491793,
            42.3496211
          ],
          [
            -71.0489565,
            42.3495238
          ]
        ]
      },
      "properties": {
        "osm_id": 1086987628,
        "name": "Summer Street",
        "highway": "cycleway",
        "bridge": "yes",
        "sidewalk": "",
        "foot": "",
        "bicycle": "",
        "tags": {
          "bridge": "yes",
          "highway": "cycleway",
          "layer": "1",
          "lit": "yes",
          "name": "Summer Street",
          "oneway": "yes"
        }
      }
    },
    {
      "type": "Feature",
      "geometry": {
        "type": "LineString",
        "coordinates": [
          [
            -71.0488295,
            42.3496864
          ],
          [
            -71.0490423,
            42.349788
          ]
        ]
      },
      "properties": {
        "osm_id": 1086987635,
        "name": "Summer Street",
        "highway": "cycleway",
        "bridge": "yes",
        "sidewalk": "",
        "foot": "",
        "bicycle": "",
        "tags": {
          "bridge": "yes",
          "highway": "cycleway",
          "layer": "1",
          "lit": "yes",
          "name": "Summer Street",
          "oneway": "yes",
          "surface": "concrete"
        }
      }
    },
    {
      "type": "Feature",
      "geometry": {
        "type": "LineString",
        "coordinates": [
          [
            -71.1068066,
            42.3486688
          ],
          [
            -71.106804,
            42.3486803
          ],
          [
            -71.1067039,
            42.3491335
          ]
        ]
      },
      "properties": {
        "osm_id": 1096156728,
        "name": "",
        "highway": "footway",
        "bridge": "yes",
        "sidewalk": "",
        "foot": "",
        "bicycle": "",
        "tags": {
          "bridge": "yes",
          "footway": "sidewalk",
          "highway": "footway",
          "layer": "1",
          "surface": "concrete"
        }
      }
    },
    {
      "type": "Feature",
      "geometry": {
        "type": "LineString",
        "coordinates": [
          [
            -71.0408032,
            42.3497628
          ],
          [
            -71.0403796,
            42.3502964
          ],
          [
            -71.040363,
            42.3502903
          ]
        ]
      },
      "properties": {
        "osm_id": 1112448841,
        "name": "",
        "highway": "path",
        "bridge": "yes",
        "sidewalk": "",
        "foot": "",
        "bicycle": "",
        "tags": {
          "bridge": "yes",
          "highway": "path",
          "layer": "1"
        }
      }
    },
    {
      "type": "Feature",
      "geometry": {
        "type": "LineString",
        "coordinates": [
          [
            -71.0899544,
            42.3520566
          ],
          [
            -71.0923901,
            42.3570214
          ]
        ]
      },
      "properties": {
        "osm_id": 1115532803,
        "name": "",
        "highway": "footway",
        "bridge": "yes",
        "sidewalk": "",
        "foot": "",
        "bicycle": "dismount",
        "tags": {
          "bicycle": "dismount",
          "bridge": "yes",
          "covered": "no",
          "footway": "sidewalk",
          "highway": "footway",
          "horse": "no",
          "incline": "0%",
          "layer": "1",
          "lit": "yes",
          "motor_vehicle": "no",
          "stroller": "yes",
          "surface": "concrete",
          "wheelchair": "limited",
          "width": "2.7"
        }
      }
    },
    {
      "type": "Feature",
      "geometry": {
        "type": "LineString",
        "coordinates": [
          [
            -71.0587442,
            42.3648725
          ],
          [
            -71.0586459,
            42.3647627
          ],
          [
            -71.0585994,
            42.3647457
          ],
          [
            -71.0585383,
            42.3647546
          ]
        ]
      },
      "properties": {
        "osm_id": 1122519166,
        "name": "",
        "highway": "path",
        "bridge": "boardwalk",
        "sidewalk": "",
        "foot": "",
        "bicycle": "",
        "tags": {
          "bridge": "boardwalk",
          "highway": "path",
          "layer": "1",
          "surface": "wood"
        }
      }
    },
    {
      "type": "Feature",
      "geometry": {
        "type": "LineString",
        "coordinates": [
          [
            -71.0539086,
            42.3728805
          ],
          [
            -71.0538098,
            42.3727939
          ]
        ]
      },
      "properties": {
        "osm_id": 1126016609,
        "name": "",
        "highway": "footway",
        "bridge": "yes",
        "sidewalk": "",
        "foot": "",
        "bicycle": "",
        "tags": {
          "bridge": "yes",
          "highway": "footway",
          "layer": "1"
        }
      }
    },
    {
      "type": "Feature",
      "geometry": {
        "type": "LineString",
        "coordinates": [
          [
            -71.0529296,
            42.372486
          ],
          [
            -71.0528133,
            42.372386
          ],
          [
            -71.0527708,
            42.3723495
          ]
        ]
      },
      "properties": {
        "osm_id": 1126024382,
        "name": "",
        "highway": "footway",
        "bridge": "yes",
        "sidewalk": "",
        "foot": "",
        "bicycle": "",
        "tags": {
          "bridge": "yes",
          "highway": "footway",
          "layer": "1"
        }
      }
    },
    {
      "type": "Feature",
      "geometry": {
        "type": "LineString",
        "coordinates": [
          [
            -71.0501876,
            42.3734769
          ],
          [
            -71.0503136,
            42.3735839
          ]
        ]
      },
      "properties": {
        "osm_id": 1126034203,
        "name": "",
        "highway": "footway",
        "bridge": "yes",
        "sidewalk": "",
        "foot": "",
        "bicycle": "",
        "tags": {
          "bridge": "yes",
          "highway": "footway",
          "layer": "1"
        }
      }
    },
    {
      "type": "Feature",
      "geometry": {
        "type": "LineString",
        "coordinates": [
          [
            -71.0507054,
            42.3735267
          ],
          [
            -71.0509447,
            42.3733864
          ]
        ]
      },
      "properties": {
        "osm_id": 1126034204,
        "name": "",
        "highway": "footway",
        "bridge": "yes",
        "sidewalk": "",
        "foot": "",
        "bicycle": "",
        "tags": {
          "bridge": "yes",
          "highway": "footway",
          "layer": "1"
        }
      }
    },
    {
      "type": "Feature",
      "geometry": {
        "type": "LineString",
        "coordinates": [
          [
            -71.0506356,
            42.3734913
          ],
          [
            -71.0505186,
            42.3733805
          ]
        ]
      },
      "properties": {
        "osm_id": 1126034205,
        "name": "",
        "highway": "footway",
        "bridge": "yes",
        "sidewalk": "",
        "foot": "",
        "bicycle": "",
        "tags": {
          "bridge": "yes",
          "highway": "footway",
          "layer": "1"
        }
      }
    },
    {
      "type": "Feature",
      "geometry": {
        "type": "LineString",
        "coordinates": [
          [
            -71.0498168,
            42.3727711
          ],
          [
            -71.0499302,
            42.3728678
          ]
        ]
      },
      "properties": {
        "osm_id": 1126034206,
        "name": "",
        "highway": "footway",
        "bridge": "yes",
        "sidewalk": "",
        "foot": "",
        "bicycle": "",
        "tags": {
          "bridge": "yes",
          "highway": "footway",
          "layer": "1"
        }
      }
    },
    {
      "type": "Feature",
      "geometry": {
        "type": "LineString",
        "coordinates": [
          [
            -71.0497729,
            42.3727395
          ],
          [
            -71.0495798,
            42.3725784
          ]
        ]
      },
      "properties": {
        "osm_id": 1126034207,
        "name": "",
        "highway": "footway",
        "bridge": "yes",
        "sidewalk": "",
        "foot": "",
        "bicycle": "",
        "tags": {
          "bridge": "yes",
          "highway": "footway",
          "layer": "1"
        }
      }
    },
    {
      "type": "Feature",
      "geometry": {
        "type": "LineString",
        "coordinates": [
          [
            -71.0501418,
            42.373441
          ],
          [
            -71.0500344,
            42.373339
          ]
        ]
      },
      "properties": {
        "osm_id": 1126034208,
        "name": "",
        "highway": "footway",
        "bridge": "yes",
        "sidewalk": "",
        "foot": "",
        "bicycle": "",
        "tags": {
          "bridge": "yes",
          "highway": "footway",
          "layer": "1"
        }
      }
    },
    {
      "type": "Feature",
      "geometry": {
        "type": "LineString",
        "coordinates": [
          [
            -71.0486464,
            42.3752344
          ],
          [
            -71.0488731,
            42.3753867
          ]
        ]
      },
      "properties": {
        "osm_id": 1126038369,
        "name": "",
        "highway": "footway",
        "bridge": "yes",
        "sidewalk": "",
        "foot": "",
        "bicycle": "",
        "tags": {
          "bridge": "yes",
          "highway": "footway",
          "layer": "1"
        }
      }
    },
    {
      "type": "Feature",
      "geometry": {
        "type": "LineString",
        "coordinates": [
          [
            -71.0491453,
            42.3773704
          ],
          [
            -71.0489343,
            42.3771743
          ]
        ]
      },
      "properties": {
        "osm_id": 1126044064,
        "name": "",
        "highway": "footway",
        "bridge": "yes",
        "sidewalk": "",
        "foot": "",
        "bicycle": "",
        "tags": {
          "bridge": "yes",
          "highway": "footway",
          "layer": "1"
        }
      }
    },
    {
      "type": "Feature",
      "geometry": {
        "type": "LineString",
        "coordinates": [
          [
            -71.051715,
            42.3797563
          ],
          [
            -71.051589,
            42.3797365
          ],
          [
            -71.0514522,
            42.3797018
          ],
          [
            -71.0513114,
            42.3796716
          ],
          [
            -71.0508809,
            42.3795993
          ],
          [
            -71.0508688,
            42.3796424
          ]
        ]
      },
      "properties": {
        "osm_id": 1126044069,
        "name": "",
        "highway": "footway",
        "bridge": "yes",
        "sidewalk": "",
        "foot": "",
        "bicycle": "",
        "tags": {
          "bridge": "yes",
          "highway": "footway",
          "layer": "1",
          "surface": "wood"
        }
      }
    },
    {
      "type": "Feature",
      "geometry": {
        "type": "LineString",
        "coordinates": [
          [
            -71.0509379,
            42.3795812
          ],
          [
            -71.0513187,
            42.3796429
          ],
          [
            -71.0513114,
            42.3796716
          ]
        ]
      },
      "properties": {
        "osm_id": 1126044070,
        "name": "",
        "highway": "footway",
        "bridge": "yes",
        "sidewalk": "",
        "foot": "",
        "bicycle": "",
        "tags": {
          "bridge": "yes",
          "highway": "footway",
          "layer": "1",
          "surface": "wood"
        }
      }
    },
    {
      "type": "Feature",
      "geometry": {
        "type": "LineString",
        "coordinates": [
          [
            -71.056576,
            42.3723859
          ],
          [
            -71.0566187,
            42.3723285
          ]
        ]
      },
      "properties": {
        "osm_id": 1126046165,
        "name": "",
        "highway": "footway",
        "bridge": "yes",
        "sidewalk": "",
        "foot": "",
        "bicycle": "",
        "tags": {
          "bridge": "yes",
          "highway": "footway",
          "incline": "down",
          "layer": "1",
          "surface": "metal"
        }
      }
    },
    {
      "type": "Feature",
      "geometry": {
        "type": "LineString",
        "coordinates": [
          [
            -71.0571305,
            42.372571
          ],
          [
            -71.0571208,
            42.3725751
          ],
          [
            -71.0569736,
            42.3726416
          ]
        ]
      },
      "properties": {
        "osm_id": 1126046169,
        "name": "",
        "highway": "footway",
        "bridge": "yes",
        "sidewalk": "",
        "foot": "",
        "bicycle": "",
        "tags": {
          "bridge": "yes",
          "highway": "footway",
          "layer": "1"
        }
      }
    },
    {
      "type": "Feature",
      "geometry": {
        "type": "LineString",
        "coordinates": [
          [
            -71.0571445,
            42.3725777
          ],
          [
            -71.0571514,
            42.3725688
          ],
          [
            -71.0571647,
            42.3725527
          ],
          [
            -71.0570087,
            42.3724825
          ]
        ]
      },
      "properties": {
        "osm_id": 1126046170,
        "name": "",
        "highway": "footway",
        "bridge": "yes",
        "sidewalk": "",
        "foot": "",
        "bicycle": "",
        "tags": {
          "bridge": "yes",
          "highway": "footway",
          "layer": "1"
        }
      }
    },
    {
      "type": "Feature",
      "geometry": {
        "type": "LineString",
        "coordinates": [
          [
            -71.0585393,
            42.3678859
          ],
          [
            -71.0585401,
            42.3679244
          ]
        ]
      },
      "properties": {
        "osm_id": 1126461251,
        "name": "",
        "highway": "footway",
        "bridge": "yes",
        "sidewalk": "",
        "foot": "",
        "bicycle": "",
        "tags": {
          "bridge": "yes",
          "highway": "footway",
          "layer": "1"
        }
      }
    },
    {
      "type": "Feature",
      "geometry": {
        "type": "LineString",
        "coordinates": [
          [
            -71.0542895,
            42.3718281
          ],
          [
            -71.0542185,
            42.3718576
          ],
          [
            -71.05415,
            42.3718961
          ]
        ]
      },
      "properties": {
        "osm_id": 1126468149,
        "name": "",
        "highway": "footway",
        "bridge": "yes",
        "sidewalk": "",
        "foot": "",
        "bicycle": "",
        "tags": {
          "bridge": "yes",
          "highway": "footway",
          "layer": "1",
          "surface": "metal"
        }
      }
    },
    {
      "type": "Feature",
      "geometry": {
        "type": "LineString",
        "coordinates": [
          [
            -71.0423828,
            42.3475215
          ],
          [
            -71.0423992,
            42.3475051
          ],
          [
            -71.0426765,
            42.3472276
          ]
        ]
      },
      "properties": {
        "osm_id": 1162137840,
        "name": "",
        "highway": "footway",
        "bridge": "yes",
        "sidewalk": "",
        "foot": "",
        "bicycle": "",
        "tags": {
          "bridge": "yes",
          "highway": "footway",
          "layer": "1"
        }
      }
    },
    {
      "type": "Feature",
      "geometry": {
        "type": "LineString",
        "coordinates": [
          [
            -71.1045585,
            42.339188
          ],
          [
            -71.1046414,
            42.3392103
          ]
        ]
      },
      "properties": {
        "osm_id": 1169235365,
        "name": "",
        "highway": "footway",
        "bridge": "yes",
        "sidewalk": "",
        "foot": "designated",
        "bicycle": "no",
        "tags": {
          "bicycle": "no",
          "bridge": "yes",
          "fixme": "rough location of footbridge between CFLS and BIDMC based on memory and aerial photography - may need addition check",
          "foot": "designated",
          "highway": "footway",
          "horse": "no",
          "layer": "1",
          "motor_vehicle": "no"
        }
      }
    },
    {
      "type": "Feature",
      "geometry": {
        "type": "LineString",
        "coordinates": [
          [
            -71.1058295,
            42.339287
          ],
          [
            -71.1059032,
            42.3392164
          ]
        ]
      },
      "properties": {
        "osm_id": 1169236086,
        "name": "",
        "highway": "footway",
        "bridge": "yes",
        "sidewalk": "",
        "foot": "designated",
        "bicycle": "no",
        "tags": {
          "bicycle": "no",
          "bridge": "yes",
          "foot": "designated",
          "highway": "footway",
          "horse": "no",
          "layer": "1",
          "motor_vehicle": "no"
        }
      }
    },
    {
      "type": "Feature",
      "geometry": {
        "type": "LineString",
        "coordinates": [
          [
            -71.1111592,
            42.3459165
          ],
          [
            -71.1112874,
            42.3460281
          ]
        ]
      },
      "properties": {
        "osm_id": 1176608877,
        "name": "",
        "highway": "path",
        "bridge": "boardwalk",
        "sidewalk": "",
        "foot": "",
        "bicycle": "",
        "tags": {
          "bridge": "boardwalk",
          "highway": "path",
          "layer": "1",
          "surface": "wood",
          "width": "1.2"
        }
      }
    },
    {
      "type": "Feature",
      "geometry": {
        "type": "LineString",
        "coordinates": [
          [
            -71.1111592,
            42.3459165
          ],
          [
            -71.1110688,
            42.3459616
          ],
          [
            -71.1110047,
            42.346008
          ],
          [
            -71.1109876,
            42.3461095
          ],
          [
            -71.1111335,
            42.3461856
          ],
          [
            -71.1111897,
            42.3462782
          ],
          [
            -71.1112209,
            42.3463429
          ],
          [
            -71.111259,
            42.3464252
          ],
          [
            -71.1113519,
            42.3465232
          ],
          [
            -71.1114064,
            42.3465859
          ],
          [
            -71.1115467,
            42.3466297
          ],
          [
            -71.1116508,
            42.3466536
          ],
          [
            -71.1117429,
            42.3466423
          ],
          [
            -71.1118363,
            42.3466789
          ],
          [
            -71.1119091,
            42.3466994
          ],
          [
            -71.1119956,
            42.3466695
          ]
        ]
      },
      "properties": {
        "osm_id": 1176608878,
        "name": "",
        "highway": "path",
        "bridge": "boardwalk",
        "sidewalk": "",
        "foot": "yes",
        "bicycle": "no",
        "tags": {
          "bicycle": "no",
          "bridge": "boardwalk",
          "foot": "yes",
          "highway": "path",
          "layer": "1",
          "lit": "no",
          "surface": "wood",
          "width": "1.2"
        }
      }
    },
    {
      "type": "Feature",
      "geometry": {
        "type": "LineString",
        "coordinates": [
          [
            -71.1138868,
            42.3470617
          ],
          [
            -71.1137378,
            42.3470438
          ],
          [
            -71.1136613,
            42.3470869
          ]
        ]
      },
      "properties": {
        "osm_id": 1181006747,
        "name": "",
        "highway": "path",
        "bridge": "boardwalk",
        "sidewalk": "",
        "foot": "",
        "bicycle": "",
        "tags": {
          "bridge": "boardwalk",
          "highway": "path",
          "surface": "wood",
          "width": "1"
        }
      }
    },
    {
      "type": "Feature",
      "geometry": {
        "type": "LineString",
        "coordinates": [
          [
            -71.0710971,
            42.3718399
          ],
          [
            -71.071329,
            42.371918
          ],
          [
            -71.0714853,
            42.3719706
          ],
          [
            -71.0715618,
            42.3719964
          ],
          [
            -71.0715429,
            42.3720277
          ]
        ]
      },
      "properties": {
        "osm_id": 1182513559,
        "name": "Public Access Path",
        "highway": "footway",
        "bridge": "yes",
        "sidewalk": "",
        "foot": "",
        "bicycle": "",
        "tags": {
          "bridge": "yes",
          "highway": "footway",
          "horse": "no",
          "layer": "1",
          "name": "Public Access Path",
          "surface": "concrete",
          "wheelchair": "yes"
        }
      }
    },
    {
      "type": "Feature",
      "geometry": {
        "type": "LineString",
        "coordinates": [
          [
            -71.1130212,
            42.3355197
          ],
          [
            -71.1131342,
            42.3355654
          ]
        ]
      },
      "properties": {
        "osm_id": 1188204478,
        "name": "",
        "highway": "footway",
        "bridge": "yes",
        "sidewalk": "",
        "foot": "",
        "bicycle": "",
        "tags": {
          "bridge": "yes",
          "footway": "sidewalk",
          "highway": "footway",
          "layer": "1",
          "surface": "concrete"
        }
      }
    },
    {
      "type": "Feature",
      "geometry": {
        "type": "LineString",
        "coordinates": [
          [
            -71.1131342,
            42.3355654
          ],
          [
            -71.1131438,
            42.3355693
          ],
          [
            -71.1131733,
            42.3355845
          ],
          [
            -71.1131878,
            42.3355911
          ]
        ]
      },
      "properties": {
        "osm_id": 1188215461,
        "name": "",
        "highway": "footway",
        "bridge": "yes",
        "sidewalk": "",
        "foot": "",
        "bicycle": "",
        "tags": {
          "bridge": "yes",
          "footway": "sidewalk",
          "highway": "footway",
          "layer": "1",
          "surface": "concrete"
        }
      }
    },
    {
      "type": "Feature",
      "geometry": {
        "type": "LineString",
        "coordinates": [
          [
            -71.1132713,
            42.3354908
          ],
          [
            -71.1130901,
            42.3354161
          ]
        ]
      },
      "properties": {
        "osm_id": 1188215463,
        "name": "",
        "highway": "footway",
        "bridge": "yes",
        "sidewalk": "",
        "foot": "",
        "bicycle": "",
        "tags": {
          "bridge": "yes",
          "footway": "sidewalk",
          "highway": "footway",
          "layer": "1",
          "surface": "concrete"
        }
      }
    },
    {
      "type": "Feature",
      "geometry": {
        "type": "LineString",
        "coordinates": [
          [
            -71.1068284,
            42.3491567
          ],
          [
            -71.1069211,
            42.3487335
          ],
          [
            -71.106922,
            42.3487302
          ],
          [
            -71.1069237,
            42.3487257
          ],
          [
            -71.1069258,
            42.3487219
          ],
          [
            -71.1069287,
            42.3487185
          ],
          [
            -71.1069339,
            42.348714
          ],
          [
            -71.1069404,
            42.34871
          ],
          [
            -71.1069449,
            42.348708
          ],
          [
            -71.1069507,
            42.3487054
          ],
          [
            -71.1069596,
            42.348702
          ],
          [
            -71.1069645,
            42.3487006
          ]
        ]
      },
      "properties": {
        "osm_id": 1188385704,
        "name": "",
        "highway": "footway",
        "bridge": "yes",
        "sidewalk": "",
        "foot": "",
        "bicycle": "",
        "tags": {
          "bridge": "yes",
          "footway": "sidewalk",
          "highway": "footway",
          "layer": "1",
          "surface": "concrete"
        }
      }
    },
    {
      "type": "Feature",
      "geometry": {
        "type": "LineString",
        "coordinates": [
          [
            -71.0847372,
            42.340423
          ],
          [
            -71.0847858,
            42.3403842
          ]
        ]
      },
      "properties": {
        "osm_id": 1189193187,
        "name": "",
        "highway": "footway",
        "bridge": "yes",
        "sidewalk": "",
        "foot": "",
        "bicycle": "",
        "tags": {
          "bridge": "yes",
          "footway": "sidewalk",
          "highway": "footway",
          "layer": "1",
          "oneway": "yes",
          "surface": "concrete"
        }
      }
    },
    {
      "type": "Feature",
      "geometry": {
        "type": "LineString",
        "coordinates": [
          [
            -71.0953928,
            42.3773858
          ],
          [
            -71.0952628,
            42.3775679
          ]
        ]
      },
      "properties": {
        "osm_id": 1189920071,
        "name": "",
        "highway": "footway",
        "bridge": "yes",
        "sidewalk": "",
        "foot": "",
        "bicycle": "",
        "tags": {
          "bridge": "yes",
          "footway": "sidewalk",
          "highway": "footway",
          "layer": "1",
          "surface": "concrete"
        }
      }
    },
    {
      "type": "Feature",
      "geometry": {
        "type": "LineString",
        "coordinates": [
          [
            -71.0951251,
            42.377518
          ],
          [
            -71.0952686,
            42.3773152
          ]
        ]
      },
      "properties": {
        "osm_id": 1189920073,
        "name": "",
        "highway": "footway",
        "bridge": "yes",
        "sidewalk": "",
        "foot": "",
        "bicycle": "",
        "tags": {
          "bridge": "yes",
          "footway": "sidewalk",
          "highway": "footway",
          "layer": "1",
          "surface": "concrete"
        }
      }
    },
    {
      "type": "Feature",
      "geometry": {
        "type": "LineString",
        "coordinates": [
          [
            -71.081167,
            42.3740548
          ],
          [
            -71.0811346,
            42.3740399
          ],
          [
            -71.0811045,
            42.3740267
          ],
          [
            -71.0810779,
            42.3740157
          ],
          [
            -71.0810493,
            42.3740042
          ],
          [
            -71.0810361,
            42.374
          ],
          [
            -71.0810205,
            42.3739954
          ],
          [
            -71.0809995,
            42.3739898
          ],
          [
            -71.0809032,
            42.373968
          ],
          [
            -71.0807764,
            42.3739391
          ],
          [
            -71.0807423,
            42.3739294
          ],
          [
            -71.080717,
            42.3739209
          ],
          [
            -71.0806916,
            42.3739105
          ],
          [
            -71.0806555,
            42.3738931
          ],
          [
            -71.0806215,
            42.3738759
          ],
          [
            -71.0805788,
            42.3738539
          ],
          [
            -71.0805445,
            42.3738344
          ],
          [
            -71.0804828,
            42.3738008
          ],
          [
            -71.0804417,
            42.37378
          ],
          [
            -71.0804124,
            42.3737658
          ],
          [
            -71.0803721,
            42.373748
          ],
          [
            -71.0803249,
            42.3737314
          ],
          [
            -71.0803109,
            42.3737275
          ]
        ]
      },
      "properties": {
        "osm_id": 1190718562,
        "name": "",
        "highway": "cycleway",
        "bridge": "yes",
        "sidewalk": "",
        "foot": "designated",
        "bicycle": "designated",
        "tags": {
          "attribution": "Office of Geographic and Environmental Information (MassGIS)",
          "bicycle": "designated",
          "bridge": "yes",
          "foot": "designated",
          "highway": "cycleway",
          "incline": "yes",
          "layer": "1",
          "lit": "yes",
          "not:name": "Somerville Community Path",
          "oneway": "no",
          "segregated": "no",
          "smoothness": "excellent",
          "source": "massgis_import_v0.1_20071010205040",
          "start_date": "2023-06-10",
          "surface": "concrete",
          "website": "http://pathfriends.org/",
          "wheelchair": "yes",
          "width": "3"
        }
      }
    },
    {
      "type": "Feature",
      "geometry": {
        "type": "LineString",
        "coordinates": [
          [
            -71.1079553,
            42.3433254
          ],
          [
            -71.1079398,
            42.3433079
          ],
          [
            -71.1078618,
            42.3432228
          ],
          [
            -71.1077844,
            42.3431339
          ]
        ]
      },
      "properties": {
        "osm_id": 1200828622,
        "name": "Carlton Street Footbridge",
        "highway": "cycleway",
        "bridge": "yes",
        "sidewalk": "",
        "foot": "designated",
        "bicycle": "designated",
        "tags": {
          "bicycle": "designated",
          "bridge": "yes",
          "foot": "designated",
          "highway": "cycleway",
          "layer": "1",
          "name": "Carlton Street Footbridge",
          "segregated": "no",
          "surface": "wood"
        }
      }
    },
    {
      "type": "Feature",
      "geometry": {
        "type": "LineString",
        "coordinates": [
          [
            -71.1080083,
            42.343385
          ],
          [
            -71.1079683,
            42.34334
          ],
          [
            -71.1079553,
            42.3433254
          ]
        ]
      },
      "properties": {
        "osm_id": 1200828624,
        "name": "Carlton Street Footbridge",
        "highway": "steps",
        "bridge": "yes",
        "sidewalk": "",
        "foot": "",
        "bicycle": "designated",
        "tags": {
          "bicycle": "designated",
          "bridge": "yes",
          "handrail": "yes",
          "highway": "steps",
          "incline": "up",
          "layer": "1",
          "name": "Carlton Street Footbridge",
          "ramp": "yes",
          "ramp:bicycle": "yes",
          "step_count": "12",
          "surface": "wood",
          "tactile_paving": "no"
        }
      }
    },
    {
      "type": "Feature",
      "geometry": {
        "type": "LineString",
        "coordinates": [
          [
            -71.0431074,
            42.3478413
          ],
          [
            -71.0430406,
            42.3478444
          ],
          [
            -71.0430081,
            42.3478872
          ],
          [
            -71.0429324,
            42.3479659
          ],
          [
            -71.0428871,
            42.3480161
          ],
          [
            -71.0427273,
            42.3481365
          ],
          [
            -71.0425132,
            42.3484073
          ],
          [
            -71.0424328,
            42.3484577
          ]
        ]
      },
      "properties": {
        "osm_id": 1201211712,
        "name": "",
        "highway": "path",
        "bridge": "yes",
        "sidewalk": "",
        "foot": "",
        "bicycle": "",
        "tags": {
          "bridge": "yes",
          "highway": "path",
          "layer": "1"
        }
      }
    },
    {
      "type": "Feature",
      "geometry": {
        "type": "LineString",
        "coordinates": [
          [
            -71.0425132,
            42.3484073
          ],
          [
            -71.0424364,
            42.3486051
          ]
        ]
      },
      "properties": {
        "osm_id": 1201211713,
        "name": "",
        "highway": "path",
        "bridge": "yes",
        "sidewalk": "",
        "foot": "",
        "bicycle": "",
        "tags": {
          "bridge": "yes",
          "highway": "path",
          "layer": "1"
        }
      }
    },
    {
      "type": "Feature",
      "geometry": {
        "type": "LineString",
        "coordinates": [
          [
            -71.0423338,
            42.348661
          ],
          [
            -71.0424364,
            42.3486051
          ]
        ]
      },
      "properties": {
        "osm_id": 1201211717,
        "name": "",
        "highway": "path",
        "bridge": "yes",
        "sidewalk": "",
        "foot": "",
        "bicycle": "",
        "tags": {
          "bridge": "yes",
          "highway": "path",
          "layer": "1"
        }
      }
    },
    {
      "type": "Feature",
      "geometry": {
        "type": "LineString",
        "coordinates": [
          [
            -71.0719879,
            42.361231
          ],
          [
            -71.0719914,
            42.3612072
          ],
          [
            -71.0721831,
            42.3612216
          ],
          [
            -71.0724282,
            42.3612468
          ],
          [
            -71.0724253,
            42.3612619
          ],
          [
            -71.0719879,
            42.361231
          ]
        ]
      },
      "properties": {
        "osm_id": 1207052820,
        "name": "Charles/MGH - Red Line - Ashmont/Braintree",
        "highway": "",
        "bridge": "yes",
        "sidewalk": "",
        "foot": "designated",
        "bicycle": "dismount",
        "tags": {
          "area": "yes",
          "bench": "yes",
          "bicycle": "dismount",
          "bridge": "yes",
          "covered": "no",
          "departures_board": "realtime",
          "foot": "designated",
          "gtfs:stop_id": "70073",
          "horse": "no",
          "indoor": "no",
          "layer": "1",
          "level": "1",
          "lit": "yes",
          "location": "outdoor",
          "motor_vehicle": "no",
          "name": "Charles/MGH - Red Line - Ashmont/Braintree",
          "network": "MBTA",
          "network:guid": "US-MA-MBTA",
          "network:short": "MBTA",
          "network:wikidata": "Q171985",
          "network:wikipedia": "en:Massachusetts Bay Transportation Authority",
          "operator": "Massachusetts Bay Transportation Authority",
          "operator:short": "MBTA",
          "operator:wikidata": "Q171985",
          "public_transport": "platform",
          "railway": "platform",
          "ref": "70073",
          "subway": "yes",
          "surface": "concrete",
          "wheelchair": "yes"
        }
      }
    },
    {
      "type": "Feature",
      "geometry": {
        "type": "LineString",
        "coordinates": [
          [
            -71.0792675,
            42.3617488
          ],
          [
            -71.0788091,
            42.3617119
          ],
          [
            -71.0785891,
            42.3616944
          ],
          [
            -71.0785324,
            42.3616905
          ],
          [
            -71.0784084,
            42.361682
          ],
          [
            -71.0779955,
            42.3616557
          ],
          [
            -71.0775319,
            42.3616211
          ],
          [
            -71.0767813,
            42.3615625
          ],
          [
            -71.0757833,
            42.3614858
          ],
          [
            -71.0753909,
            42.3614483
          ]
        ]
      },
      "properties": {
        "osm_id": 1228698551,
        "name": "Longfellow Bridge",
        "highway": "trunk",
        "bridge": "yes",
        "sidewalk": "",
        "foot": "yes",
        "bicycle": "yes",
        "tags": {
          "access": "yes",
          "attribution": "Office of Geographic and Environmental Information (MassGIS)",
          "bicycle": "yes",
          "bridge": "yes",
          "cycleway:right": "track",
          "cycleway:right:oneway": "yes",
          "cycleway:right:separation": "flex_post",
          "foot": "yes",
          "highway": "trunk",
          "horse": "no",
          "lanes": "1",
          "layer": "1",
          "lit": "yes",
          "massgis:way_id": "144604",
          "maxspeed": "25 mph",
          "maxweight:signed": "no",
          "motor_vehicle": "yes",
          "name": "Longfellow Bridge",
          "oneway": "yes",
          "parking:both": "no",
          "ref": "MA 3",
          "sidewalk:left": "no",
          "sidewalk:right": "separate",
          "source": "massgis_import_v0.1_20071008165629",
          "surface": "asphalt",
          "width": "30.5"
        }
      }
    },
    {
      "type": "Feature",
      "geometry": {
        "type": "LineString",
        "coordinates": [
          [
            -71.0417302,
            42.3472068
          ],
          [
            -71.0423828,
            42.3475215
          ],
          [
            -71.0427164,
            42.3476855
          ],
          [
            -71.0430406,
            42.3478444
          ]
        ]
      },
      "properties": {
        "osm_id": 1241983357,
        "name": "",
        "highway": "footway",
        "bridge": "yes",
        "sidewalk": "",
        "foot": "",
        "bicycle": "",
        "tags": {
          "bridge": "yes",
          "highway": "footway",
          "layer": "1"
        }
      }
    },
    {
      "type": "Feature",
      "geometry": {
        "type": "LineString",
        "coordinates": [
          [
            -71.0425674,
            42.367647
          ],
          [
            -71.0426543,
            42.3676918
          ]
        ]
      },
      "properties": {
        "osm_id": 1246617764,
        "name": "",
        "highway": "footway",
        "bridge": "yes",
        "sidewalk": "",
        "foot": "",
        "bicycle": "yes",
        "tags": {
          "bicycle": "yes",
          "bridge": "yes",
          "highway": "footway",
          "layer": "1",
          "surface": "concrete"
        }
      }
    },
    {
      "type": "Feature",
      "geometry": {
        "type": "LineString",
        "coordinates": [
          [
            -71.0883419,
            42.3597289
          ],
          [
            -71.0883036,
            42.359669
          ]
        ]
      },
      "properties": {
        "osm_id": 1246879053,
        "name": "",
        "highway": "steps",
        "bridge": "yes",
        "sidewalk": "",
        "foot": "",
        "bicycle": "",
        "tags": {
          "bridge": "yes",
          "handrail": "no",
          "highway": "steps",
          "incline": "up",
          "layer": "1",
          "ramp": "no",
          "step_count": "11",
          "surface": "concrete",
          "tactile_paving": "no"
        }
      }
    },
    {
      "type": "Feature",
      "geometry": {
        "type": "LineString",
        "coordinates": [
          [
            -71.1077844,
            42.3431339
          ],
          [
            -71.1077583,
            42.3431071
          ]
        ]
      },
      "properties": {
        "osm_id": 1248729203,
        "name": "Carlton Street Footbridge",
        "highway": "steps",
        "bridge": "yes",
        "sidewalk": "",
        "foot": "",
        "bicycle": "designated",
        "tags": {
          "bicycle": "designated",
          "bridge": "yes",
          "handrail": "yes",
          "highway": "steps",
          "incline": "up",
          "layer": "1",
          "name": "Carlton Street Footbridge",
          "ramp": "yes",
          "ramp:bicycle": "yes",
          "step_count": "20",
          "surface": "wood",
          "tactile_paving": "no"
        }
      }
    },
    {
      "type": "Feature",
      "geometry": {
        "type": "LineString",
        "coordinates": [
          [
            -71.0587178,
            42.3673998
          ],
          [
            -71.0591364,
            42.367994
          ],
          [
            -71.0603624,
            42.3697342
          ],
          [
            -71.0605959,
            42.3700685
          ],
          [
            -71.060759,
            42.3702975
          ],
          [
            -71.0607812,
            42.3703288
          ],
          [
            -71.0608056,
            42.3703624
          ],
          [
            -71.0608237,
            42.3703877
          ],
          [
            -71.060835,
            42.3704038
          ],
          [
            -71.0608961,
            42.3704905
          ],
          [
            -71.0609086,
            42.3705076
          ],
          [
            -71.0609158,
            42.3705175
          ],
          [
            -71.0609262,
            42.3705311
          ],
          [
            -71.0609294,
            42.3705353
          ],
          [
            -71.060939,
            42.3705473
          ],
          [
            -71.060953,
            42.3705643
          ],
          [
            -71.060967,
            42.3705809
          ],
          [
            -71.0609937,
            42.370612
          ],
          [
            -71.0610189,
            42.3706392
          ],
          [
            -71.0610445,
            42.3706653
          ],
          [
            -71.0610705,
            42.3706905
          ],
          [
            -71.0610994,
            42.3707178
          ],
          [
            -71.0611235,
            42.3707395
          ],
          [
            -71.0611451,
            42.3707584
          ]
        ]
      },
      "properties": {
        "osm_id": 1262331183,
        "name": "North Washington Street",
        "highway": "cycleway",
        "bridge": "yes",
        "sidewalk": "",
        "foot": "",
        "bicycle": "",
        "tags": {
          "bridge": "yes",
          "highway": "cycleway",
          "layer": "1",
          "name": "North Washington Street",
          "oneway": "yes",
          "surface": "asphalt"
        }
      }
    },
    {
      "type": "Feature",
      "geometry": {
        "type": "LineString",
        "coordinates": [
          [
            -71.0727449,
            42.3612381
          ],
          [
            -71.0726848,
            42.3612315
          ],
          [
            -71.0726136,
            42.361223
          ],
          [
            -71.0724808,
            42.3612082
          ],
          [
            -71.0721869,
            42.3611794
          ],
          [
            -71.0721071,
            42.3611716
          ],
          [
            -71.0720373,
            42.3611648
          ],
          [
            -71.0719687,
            42.3611548
          ],
          [
            -71.0718974,
            42.3611428
          ],
          [
            -71.0718278,
            42.3611303
          ],
          [
            -71.0717575,
            42.3611185
          ],
          [
            -71.0716795,
            42.3611047
          ],
          [
            -71.071623,
            42.3610964
          ],
          [
            -71.0715903,
            42.3610926
          ],
          [
            -71.0715618,
            42.36109
          ]
        ]
      },
      "properties": {
        "osm_id": 1269161480,
        "name": "Longfellow Bridge",
        "highway": "trunk",
        "bridge": "yes",
        "sidewalk": "",
        "foot": "yes",
        "bicycle": "yes",
        "tags": {
          "access": "yes",
          "attribution": "Office of Geographic and Environmental Information (MassGIS)",
          "bicycle": "yes",
          "bridge": "yes",
          "cycleway:left": "no",
          "cycleway:right": "lane",
          "foot": "yes",
          "highway": "trunk",
          "horse": "no",
          "lanes": "2",
          "layer": "1",
          "lit": "yes",
          "massgis:way_id": "144604",
          "maxspeed": "25 mph",
          "maxweight:signed": "no",
          "motor_vehicle": "yes",
          "name": "Longfellow Bridge",
          "oneway": "yes",
          "parking:both": "no",
          "ref": "MA 3",
          "sidewalk:left": "no",
          "sidewalk:right": "separate",
          "source": "massgis_import_v0.1_20071008165629",
          "surface": "asphalt",
          "width": "30.5"
        }
      }
    },
    {
      "type": "Feature",
      "geometry": {
        "type": "LineString",
        "coordinates": [
          [
            -71.1076565,
            42.3358238
          ],
          [
            -71.1074788,
            42.3359792
          ]
        ]
      },
      "properties": {
        "osm_id": 1275284161,
        "name": "",
        "highway": "footway",
        "bridge": "yes",
        "sidewalk": "",
        "foot": "",
        "bicycle": "",
        "tags": {
          "bridge": "yes",
          "highway": "footway",
          "layer": "1"
        }
      }
    },
    {
      "type": "Feature",
      "geometry": {
        "type": "LineString",
        "coordinates": [
          [
            -71.0581264,
            42.350537
          ],
          [
            -71.0581935,
            42.350536
          ]
        ]
      },
      "properties": {
        "osm_id": 1280445595,
        "name": "",
        "highway": "footway",
        "bridge": "yes",
        "sidewalk": "",
        "foot": "",
        "bicycle": "",
        "tags": {
          "bridge": "yes",
          "highway": "footway",
          "layer": "1"
        }
      }
    },
    {
      "type": "Feature",
      "geometry": {
        "type": "LineString",
        "coordinates": [
          [
            -71.0624464,
            42.3514418
          ],
          [
            -71.0624169,
            42.3514381
          ]
        ]
      },
      "properties": {
        "osm_id": 1280641278,
        "name": "",
        "highway": "footway",
        "bridge": "yes",
        "sidewalk": "",
        "foot": "",
        "bicycle": "",
        "tags": {
          "bridge": "yes",
          "highway": "footway",
          "layer": "1"
        }
      }
    },
    {
      "type": "Feature",
      "geometry": {
        "type": "LineString",
        "coordinates": [
          [
            -71.0552991,
            42.3405317
          ],
          [
            -71.0551128,
            42.3404134
          ]
        ]
      },
      "properties": {
        "osm_id": 1281283203,
        "name": "",
        "highway": "footway",
        "bridge": "yes",
        "sidewalk": "",
        "foot": "",
        "bicycle": "",
        "tags": {
          "bridge": "yes",
          "footway": "sidewalk",
          "highway": "footway",
          "layer": "1"
        }
      }
    },
    {
      "type": "Feature",
      "geometry": {
        "type": "LineString",
        "coordinates": [
          [
            -71.0566187,
            42.3723285
          ],
          [
            -71.0567277,
            42.3723767
          ],
          [
            -71.0571305,
            42.372571
          ],
          [
            -71.0571445,
            42.3725777
          ],
          [
            -71.057173,
            42.3725929
          ]
        ]
      },
      "properties": {
        "osm_id": 1281356931,
        "name": "",
        "highway": "footway",
        "bridge": "yes",
        "sidewalk": "",
        "foot": "customers",
        "bicycle": "",
        "tags": {
          "bridge": "yes",
          "foot": "customers",
          "highway": "footway"
        }
      }
    },
    {
      "type": "Feature",
      "geometry": {
        "type": "LineString",
        "coordinates": [
          [
            -71.0563546,
            42.3609668
          ],
          [
            -71.0563322,
            42.3609746
          ]
        ]
      },
      "properties": {
        "osm_id": 1281777221,
        "name": "",
        "highway": "footway",
        "bridge": "yes",
        "sidewalk": "",
        "foot": "",
        "bicycle": "",
        "tags": {
          "bridge": "yes",
          "highway": "footway",
          "layer": "1"
        }
      }
    },
    {
      "type": "Feature",
      "geometry": {
        "type": "LineString",
        "coordinates": [
          [
            -71.051349,
            42.3545843
          ],
          [
            -71.051191,
            42.3544597
          ],
          [
            -71.051101,
            42.3543884
          ],
          [
            -71.0510226,
            42.3543346
          ],
          [
            -71.0509232,
            42.3542756
          ],
          [
            -71.0507261,
            42.3541727
          ],
          [
            -71.0501559,
            42.3538854
          ],
          [
            -71.0496796,
            42.3536445
          ],
          [
            -71.049265,
            42.3534315
          ],
          [
            -71.0489383,
            42.353266
          ]
        ]
      },
      "properties": {
        "osm_id": 1281809750,
        "name": "Seaport Boulevard",
        "highway": "cycleway",
        "bridge": "yes",
        "sidewalk": "",
        "foot": "",
        "bicycle": "",
        "tags": {
          "bridge": "yes",
          "highway": "cycleway",
          "layer": "1",
          "name": "Seaport Boulevard",
          "oneway": "yes",
          "surface": "asphalt"
        }
      }
    },
    {
      "type": "Feature",
      "geometry": {
        "type": "LineString",
        "coordinates": [
          [
            -71.0488179,
            42.3534227
          ],
          [
            -71.0491867,
            42.3536014
          ],
          [
            -71.0494813,
            42.3537508
          ],
          [
            -71.0498031,
            42.353915
          ],
          [
            -71.0501986,
            42.3541158
          ],
          [
            -71.0506631,
            42.3543494
          ],
          [
            -71.0508688,
            42.3543475
          ]
        ]
      },
      "properties": {
        "osm_id": 1281809754,
        "name": "Seaport Boulevard",
        "highway": "cycleway",
        "bridge": "yes",
        "sidewalk": "",
        "foot": "",
        "bicycle": "",
        "tags": {
          "bridge": "yes",
          "highway": "cycleway",
          "layer": "1",
          "name": "Seaport Boulevard",
          "oneway": "yes",
          "smoothness": "good",
          "surface": "asphalt"
        }
      }
    },
    {
      "type": "Feature",
      "geometry": {
        "type": "LineString",
        "coordinates": [
          [
            -71.0695051,
            42.3736992
          ],
          [
            -71.0694994,
            42.373697
          ]
        ]
      },
      "properties": {
        "osm_id": 1282654940,
        "name": "",
        "highway": "footway",
        "bridge": "yes",
        "sidewalk": "",
        "foot": "",
        "bicycle": "",
        "tags": {
          "bridge": "yes",
          "footway": "sidewalk",
          "highway": "footway",
          "layer": "1",
          "surface": "concrete:plates"
        }
      }
    },
    {
      "type": "Feature",
      "geometry": {
        "type": "LineString",
        "coordinates": [
          [
            -71.0695051,
            42.3736992
          ],
          [
            -71.0696134,
            42.3737477
          ]
        ]
      },
      "properties": {
        "osm_id": 1282654941,
        "name": "",
        "highway": "footway",
        "bridge": "yes",
        "sidewalk": "",
        "foot": "",
        "bicycle": "",
        "tags": {
          "bridge": "yes",
          "footway": "sidewalk",
          "highway": "footway",
          "layer": "1"
        }
      }
    },
    {
      "type": "Feature",
      "geometry": {
        "type": "LineString",
        "coordinates": [
          [
            -71.0697427,
            42.3735868
          ],
          [
            -71.0696966,
            42.3736441
          ],
          [
            -71.0696134,
            42.3737477
          ],
          [
            -71.0696014,
            42.3737656
          ]
        ]
      },
      "properties": {
        "osm_id": 1282654943,
        "name": "",
        "highway": "footway",
        "bridge": "yes",
        "sidewalk": "",
        "foot": "",
        "bicycle": "",
        "tags": {
          "bridge": "yes",
          "covered": "yes",
          "highway": "footway",
          "layer": "1",
          "lit": "yes"
        }
      }
    },
    {
      "type": "Feature",
      "geometry": {
        "type": "LineString",
        "coordinates": [
          [
            -71.0698908,
            42.3736539
          ],
          [
            -71.0697427,
            42.3735868
          ]
        ]
      },
      "properties": {
        "osm_id": 1282654946,
        "name": "",
        "highway": "footway",
        "bridge": "yes",
        "sidewalk": "",
        "foot": "",
        "bicycle": "",
        "tags": {
          "bridge": "yes",
          "covered": "yes",
          "highway": "footway",
          "layer": "1",
          "lit": "yes",
          "surface": "concrete"
        }
      }
    },
    {
      "type": "Feature",
      "geometry": {
        "type": "LineString",
        "coordinates": [
          [
            -71.0686731,
            42.3476252
          ],
          [
            -71.0686796,
            42.3476519
          ]
        ]
      },
      "properties": {
        "osm_id": 1283036466,
        "name": "",
        "highway": "footway",
        "bridge": "yes",
        "sidewalk": "",
        "foot": "",
        "bicycle": "",
        "tags": {
          "bridge": "yes",
          "footway": "sidewalk",
          "highway": "footway",
          "layer": "1"
        }
      }
    },
    {
      "type": "Feature",
      "geometry": {
        "type": "LineString",
        "coordinates": [
          [
            -71.0690074,
            42.3480078
          ],
          [
            -71.068999,
            42.347992
          ]
        ]
      },
      "properties": {
        "osm_id": 1283752936,
        "name": "",
        "highway": "footway",
        "bridge": "yes",
        "sidewalk": "",
        "foot": "",
        "bicycle": "",
        "tags": {
          "bridge": "yes",
          "crossing": "traffic_signals",
          "footway": "crossing",
          "highway": "footway"
        }
      }
    },
    {
      "type": "Feature",
      "geometry": {
        "type": "LineString",
        "coordinates": [
          [
            -71.0683212,
            42.3479181
          ],
          [
            -71.0682841,
            42.3479442
          ]
        ]
      },
      "properties": {
        "osm_id": 1283752944,
        "name": "",
        "highway": "footway",
        "bridge": "yes",
        "sidewalk": "",
        "foot": "",
        "bicycle": "",
        "tags": {
          "bridge": "yes",
          "crossing": "traffic_signals",
          "footway": "crossing",
          "highway": "footway"
        }
      }
    },
    {
      "type": "Feature",
      "geometry": {
        "type": "LineString",
        "coordinates": [
          [
            -71.0586124,
            42.3420538
          ],
          [
            -71.059483,
            42.342274
          ],
          [
            -71.0603154,
            42.3424833
          ]
        ]
      },
      "properties": {
        "osm_id": 1286115831,
        "name": "West Fourth Street",
        "highway": "cycleway",
        "bridge": "yes",
        "sidewalk": "",
        "foot": "",
        "bicycle": "",
        "tags": {
          "bridge": "yes",
          "highway": "cycleway",
          "layer": "1",
          "name": "West Fourth Street",
          "oneway": "yes"
        }
      }
    },
    {
      "type": "Feature",
      "geometry": {
        "type": "LineString",
        "coordinates": [
          [
            -71.0607022,
            42.3436795
          ],
          [
            -71.0606708,
            42.3436751
          ],
          [
            -71.0603967,
            42.3436377
          ],
          [
            -71.0598687,
            42.3435764
          ],
          [
            -71.0591658,
            42.3434947
          ],
          [
            -71.0586983,
            42.343443
          ],
          [
            -71.0584009,
            42.3434082
          ],
          [
            -71.0582715,
            42.3433928
          ],
          [
            -71.0581836,
            42.3433833
          ],
          [
            -71.0581103,
            42.3433674
          ],
          [
            -71.0580553,
            42.3433545
          ],
          [
            -71.0580217,
            42.3433457
          ]
        ]
      },
      "properties": {
        "osm_id": 1290383169,
        "name": "West Broadway",
        "highway": "cycleway",
        "bridge": "yes",
        "sidewalk": "",
        "foot": "",
        "bicycle": "",
        "tags": {
          "bridge": "yes",
          "highway": "cycleway",
          "layer": "1",
          "name": "West Broadway",
          "oneway": "yes"
        }
      }
    },
    {
      "type": "Feature",
      "geometry": {
        "type": "LineString",
        "coordinates": [
          [
            -71.0616288,
            42.3706978
          ],
          [
            -71.061578,
            42.3706684
          ],
          [
            -71.0615443,
            42.3706477
          ],
          [
            -71.0614973,
            42.3706166
          ],
          [
            -71.061452,
            42.3705857
          ],
          [
            -71.0614135,
            42.3705592
          ],
          [
            -71.0613807,
            42.3705361
          ],
          [
            -71.0613462,
            42.3705104
          ],
          [
            -71.061285,
            42.3704632
          ],
          [
            -71.0612281,
            42.3704175
          ],
          [
            -71.0611762,
            42.3703715
          ],
          [
            -71.061137,
            42.370335
          ],
          [
            -71.0611102,
            42.3703087
          ],
          [
            -71.0610737,
            42.3702719
          ],
          [
            -71.0610461,
            42.3702422
          ],
          [
            -71.0610156,
            42.3702094
          ],
          [
            -71.06098,
            42.3701684
          ],
          [
            -71.060953,
            42.3701359
          ],
          [
            -71.0609289,
            42.3701058
          ],
          [
            -71.0608887,
            42.3700528
          ],
          [
            -71.0608525,
            42.3700034
          ],
          [
            -71.0605424,
            42.369564
          ],
          [
            -71.0602937,
            42.3692111
          ],
          [
            -71.0599496,
            42.3687263
          ],
          [
            -71.0597713,
            42.368473
          ],
          [
            -71.0589483,
            42.3673014
          ]
        ]
      },
      "properties": {
        "osm_id": 1291968604,
        "name": "North Washington Street",
        "highway": "cycleway",
        "bridge": "yes",
        "sidewalk": "",
        "foot": "",
        "bicycle": "",
        "tags": {
          "bridge": "yes",
          "highway": "cycleway",
          "layer": "1",
          "name": "North Washington Street",
          "oneway": "yes",
          "surface": "asphalt"
        }
      }
    },
    {
      "type": "Feature",
      "geometry": {
        "type": "LineString",
        "coordinates": [
          [
            -71.0586893,
            42.3674111
          ],
          [
            -71.0587262,
            42.3674764
          ],
          [
            -71.0595666,
            42.3686654
          ],
          [
            -71.059588,
            42.36871
          ],
          [
            -71.0596078,
            42.3687519
          ],
          [
            -71.059627,
            42.3687905
          ],
          [
            -71.0596543,
            42.3688428
          ],
          [
            -71.0596902,
            42.3688984
          ],
          [
            -71.0597439,
            42.3689736
          ],
          [
            -71.0597821,
            42.3690221
          ],
          [
            -71.0598104,
            42.369056
          ],
          [
            -71.059834,
            42.3690819
          ],
          [
            -71.0598686,
            42.3691196
          ],
          [
            -71.0599147,
            42.3691675
          ],
          [
            -71.0599435,
            42.3691987
          ],
          [
            -71.0599655,
            42.3692251
          ],
          [
            -71.0605989,
            42.3701219
          ],
          [
            -71.0607533,
            42.3703434
          ],
          [
            -71.0607752,
            42.3703742
          ],
          [
            -71.060799,
            42.3704078
          ],
          [
            -71.0608537,
            42.3704866
          ],
          [
            -71.0608786,
            42.3705221
          ],
          [
            -71.0608929,
            42.3705415
          ],
          [
            -71.0609108,
            42.3705657
          ],
          [
            -71.0609291,
            42.3705892
          ],
          [
            -71.0609421,
            42.3706054
          ],
          [
            -71.0609669,
            42.3706356
          ],
          [
            -71.0609905,
            42.3706633
          ],
          [
            -71.0610107,
            42.3706852
          ],
          [
            -71.0610334,
            42.3707084
          ],
          [
            -71.0610588,
            42.3707337
          ],
          [
            -71.0610884,
            42.3707618
          ],
          [
            -71.0611236,
            42.3707947
          ],
          [
            -71.0611551,
            42.3708239
          ],
          [
            -71.0611771,
            42.3708444
          ],
          [
            -71.0612019,
            42.3708666
          ],
          [
            -71.0612384,
            42.3708956
          ]
        ]
      },
      "properties": {
        "osm_id": 1291968605,
        "name": "North Washington Street",
        "highway": "footway",
        "bridge": "yes",
        "sidewalk": "",
        "foot": "",
        "bicycle": "dismount",
        "tags": {
          "bicycle": "dismount",
          "bridge": "yes",
          "footway": "sidewalk",
          "highway": "footway",
          "layer": "1",
          "name": "North Washington Street",
          "surface": "concrete"
        }
      }
    },
    {
      "type": "Feature",
      "geometry": {
        "type": "LineString",
        "coordinates": [
          [
            -71.0589775,
            42.3672898
          ],
          [
            -71.0592866,
            42.3677248
          ],
          [
            -71.0598726,
            42.3685548
          ],
          [
            -71.0599153,
            42.3686027
          ],
          [
            -71.05995,
            42.368639
          ],
          [
            -71.0599813,
            42.368673
          ],
          [
            -71.060023,
            42.3687198
          ],
          [
            -71.0600423,
            42.3687455
          ],
          [
            -71.0600634,
            42.3687737
          ],
          [
            -71.060115,
            42.3688497
          ],
          [
            -71.0601503,
            42.3689045
          ],
          [
            -71.0601839,
            42.3689713
          ],
          [
            -71.0602297,
            42.3690604
          ],
          [
            -71.0608336,
            42.3699319
          ],
          [
            -71.0608646,
            42.3699765
          ],
          [
            -71.0608937,
            42.3700178
          ],
          [
            -71.0609151,
            42.3700463
          ],
          [
            -71.0609339,
            42.3700708
          ],
          [
            -71.0609546,
            42.3700978
          ],
          [
            -71.0609719,
            42.3701188
          ],
          [
            -71.0610043,
            42.3701573
          ],
          [
            -71.0610355,
            42.3701926
          ],
          [
            -71.0610614,
            42.3702216
          ],
          [
            -71.0610895,
            42.3702515
          ],
          [
            -71.0611155,
            42.3702786
          ],
          [
            -71.0611513,
            42.3703127
          ],
          [
            -71.0611859,
            42.3703448
          ],
          [
            -71.0612206,
            42.3703755
          ],
          [
            -71.0612454,
            42.3703972
          ],
          [
            -71.0612801,
            42.3704268
          ],
          [
            -71.0613192,
            42.3704588
          ],
          [
            -71.0613515,
            42.3704843
          ],
          [
            -71.0613761,
            42.3705032
          ],
          [
            -71.0614008,
            42.370522
          ],
          [
            -71.0614328,
            42.3705457
          ],
          [
            -71.0614599,
            42.3705643
          ],
          [
            -71.0614934,
            42.370587
          ],
          [
            -71.0615462,
            42.3706208
          ],
          [
            -71.0616027,
            42.3706545
          ],
          [
            -71.061648,
            42.3706806
          ]
        ]
      },
      "properties": {
        "osm_id": 1291968608,
        "name": "North Washington Street",
        "highway": "footway",
        "bridge": "yes",
        "sidewalk": "",
        "foot": "",
        "bicycle": "",
        "tags": {
          "bridge": "yes",
          "construction": "footway",
          "footway": "sidewalk",
          "highway": "footway",
          "layer": "1",
          "name": "North Washington Street",
          "surface": "concrete"
        }
      }
    },
    {
      "type": "Feature",
      "geometry": {
        "type": "LineString",
        "coordinates": [
          [
            -71.1180998,
            42.3640704
          ],
          [
            -71.1178857,
            42.3640887
          ]
        ]
      },
      "properties": {
        "osm_id": 1292989825,
        "name": "",
        "highway": "footway",
        "bridge": "yes",
        "sidewalk": "",
        "foot": "",
        "bicycle": "",
        "tags": {
          "bridge": "yes",
          "footway": "sidewalk",
          "highway": "footway",
          "layer": "1",
          "surface": "asphalt"
        }
      }
    },
    {
      "type": "Feature",
      "geometry": {
        "type": "LineString",
        "coordinates": [
          [
            -71.0960336,
            42.3777965
          ],
          [
            -71.0959599,
            42.3779863
          ]
        ]
      },
      "properties": {
        "osm_id": 1295102718,
        "name": "",
        "highway": "footway",
        "bridge": "yes",
        "sidewalk": "",
        "foot": "",
        "bicycle": "",
        "tags": {
          "bridge": "yes",
          "highway": "footway",
          "layer": "1"
        }
      }
    },
    {
      "type": "Feature",
      "geometry": {
        "type": "LineString",
        "coordinates": [
          [
            -71.067762,
            42.3747962
          ],
          [
            -71.0677941,
            42.3748476
          ],
          [
            -71.0677655,
            42.3748573
          ],
          [
            -71.0677317,
            42.3748023
          ]
        ]
      },
      "properties": {
        "osm_id": 1299860656,
        "name": "",
        "highway": "steps",
        "bridge": "yes",
        "sidewalk": "",
        "foot": "",
        "bicycle": "",
        "tags": {
          "access": "yes",
          "bridge": "yes",
          "handrail": "yes",
          "highway": "steps",
          "incline": "up",
          "layer": "1",
          "ramp": "separate"
        }
      }
    },
    {
      "type": "Feature",
      "geometry": {
        "type": "LineString",
        "coordinates": [
          [
            -71.0677317,
            42.3748023
          ],
          [
            -71.0675871,
            42.3745553
          ],
          [
            -71.0676138,
            42.3745465
          ]
        ]
      },
      "properties": {
        "osm_id": 1299860658,
        "name": "",
        "highway": "footway",
        "bridge": "yes",
        "sidewalk": "",
        "foot": "",
        "bicycle": "",
        "tags": {
          "bridge": "yes",
          "highway": "footway",
          "incline": "down",
          "layer": "1",
          "lit": "yes",
          "surface": "concrete"
        }
      }
    },
    {
      "type": "Feature",
      "geometry": {
        "type": "LineString",
        "coordinates": [
          [
            -71.0714973,
            42.3719519
          ],
          [
            -71.0714853,
            42.3719706
          ]
        ]
      },
      "properties": {
        "osm_id": 1300652698,
        "name": "",
        "highway": "footway",
        "bridge": "yes",
        "sidewalk": "",
        "foot": "",
        "bicycle": "",
        "tags": {
          "bridge": "yes",
          "highway": "footway",
          "layer": "1",
          "surface": "concrete"
        }
      }
    },
    {
      "type": "Feature",
      "geometry": {
        "type": "LineString",
        "coordinates": [
          [
            -71.0713415,
            42.3718986
          ],
          [
            -71.071329,
            42.371918
          ]
        ]
      },
      "properties": {
        "osm_id": 1300652699,
        "name": "",
        "highway": "footway",
        "bridge": "yes",
        "sidewalk": "",
        "foot": "",
        "bicycle": "",
        "tags": {
          "bridge": "yes",
          "highway": "footway",
          "layer": "1"
        }
      }
    },
    {
      "type": "Feature",
      "geometry": {
        "type": "LineString",
        "coordinates": [
          [
            -71.0719904,
            42.3706783
          ],
          [
            -71.0720727,
            42.370707
          ]
        ]
      },
      "properties": {
        "osm_id": 1300652739,
        "name": "",
        "highway": "footway",
        "bridge": "yes",
        "sidewalk": "",
        "foot": "",
        "bicycle": "",
        "tags": {
          "bridge": "yes",
          "highway": "footway",
          "layer": "1",
          "surface": "concrete:plates"
        }
      }
    },
    {
      "type": "Feature",
      "geometry": {
        "type": "LineString",
        "coordinates": [
          [
            -71.05437,
            42.3720794
          ],
          [
            -71.0543959,
            42.3720642
          ],
          [
            -71.0544373,
            42.3720398
          ]
        ]
      },
      "properties": {
        "osm_id": 1301646875,
        "name": "",
        "highway": "footway",
        "bridge": "yes",
        "sidewalk": "",
        "foot": "",
        "bicycle": "",
        "tags": {
          "bridge": "yes",
          "highway": "footway",
          "surface": "wood"
        }
      }
    },
    {
      "type": "Feature",
      "geometry": {
        "type": "LineString",
        "coordinates": [
          [
            -71.0430163,
            42.3482474
          ],
          [
            -71.0431554,
            42.3483775
          ],
          [
            -71.0434373,
            42.3485252
          ],
          [
            -71.0437349,
            42.348603
          ]
        ]
      },
      "properties": {
        "osm_id": 1306651754,
        "name": "",
        "highway": "path",
        "bridge": "yes",
        "sidewalk": "",
        "foot": "",
        "bicycle": "",
        "tags": {
          "bridge": "yes",
          "highway": "path",
          "layer": "1"
        }
      }
    },
    {
      "type": "Feature",
      "geometry": {
        "type": "LineString",
        "coordinates": [
          [
            -71.0887063,
            42.3477058
          ],
          [
            -71.0886973,
            42.3477127
          ],
          [
            -71.0886827,
            42.3477234
          ],
          [
            -71.0886759,
            42.3477279
          ],
          [
            -71.088669,
            42.3477316
          ],
          [
            -71.0886518,
            42.3477382
          ],
          [
            -71.0886365,
            42.347743
          ],
          [
            -71.0886266,
            42.3477455
          ],
          [
            -71.0886177,
            42.3477469
          ],
          [
            -71.0886078,
            42.3477479
          ],
          [
            -71.0885984,
            42.3477479
          ],
          [
            -71.0885892,
            42.3477478
          ],
          [
            -71.0885809,
            42.347747
          ],
          [
            -71.0885728,
            42.3477455
          ],
          [
            -71.088557,
            42.3477416
          ],
          [
            -71.0885448,
            42.3477367
          ],
          [
            -71.088535,
            42.3477323
          ],
          [
            -71.0885308,
            42.3477288
          ],
          [
            -71.0885273,
            42.3477251
          ],
          [
            -71.0885265,
            42.3477211
          ],
          [
            -71.0885263,
            42.3477162
          ],
          [
            -71.0885281,
            42.3477128
          ],
          [
            -71.0885309,
            42.3477093
          ],
          [
            -71.0885357,
            42.3477057
          ],
          [
            -71.0885454,
            42.3477023
          ],
          [
            -71.0885539,
            42.3477008
          ],
          [
            -71.0885641,
            42.3477
          ],
          [
            -71.0885756,
            42.3477
          ],
          [
            -71.0885847,
            42.3477003
          ],
          [
            -71.0885954,
            42.3477012
          ],
          [
            -71.0886043,
            42.3477026
          ],
          [
            -71.0886139,
            42.3477045
          ],
          [
            -71.088621,
            42.3477065
          ],
          [
            -71.0886281,
            42.3477072
          ],
          [
            -71.0886358,
            42.3477075
          ],
          [
            -71.088641,
            42.3477072
          ],
          [
            -71.0886453,
            42.3477059
          ],
          [
            -71.0886526,
            42.3477028
          ],
          [
            -71.0886622,
            42.3476977
          ],
          [
            -71.0886691,
            42.3476923
          ],
          [
            -71.0886717,
            42.3476895
          ],
          [
            -71.088676,
            42.3476849
          ],
          [
            -71.0886741,
            42.3476898
          ],
          [
            -71.088674,
            42.3476924
          ],
          [
            -71.0886745,
            42.347695
          ],
          [
            -71.0886769,
            42.3476997
          ],
          [
            -71.0886804,
            42.3477031
          ],
          [
            -71.0886835,
            42.347705
          ],
          [
            -71.088687,
            42.3477064
          ],
          [
            -71.0886936,
            42.3477077
          ],
          [
            -71.0887005,
            42.3477074
          ],
          [
            -71.0887063,
            42.3477058
          ]
        ]
      },
      "properties": {
        "osm_id": 1312512695,
        "name": "",
        "highway": "pedestrian",
        "bridge": "yes",
        "sidewalk": "",
        "foot": "",
        "bicycle": "",
        "tags": {
          "area": "yes",
          "bridge": "yes",
          "highway": "pedestrian",
          "layer": "4",
          "surface": "paved"
        }
      }
    },
    {
      "type": "Feature",
      "geometry": {
        "type": "LineString",
        "coordinates": [
          [
            -71.0887154,
            42.3477399
          ],
          [
            -71.088719,
            42.3477332
          ],
          [
            -71.0887202,
            42.3477286
          ],
          [
            -71.0887215,
            42.3477175
          ],
          [
            -71.0887205,
            42.3477066
          ],
          [
            -71.088719,
            42.3476991
          ],
          [
            -71.0887176,
            42.3476906
          ],
          [
            -71.0887172,
            42.347695
          ],
          [
            -71.088715,
            42.3476994
          ],
          [
            -71.0887112,
            42.3477031
          ],
          [
            -71.0887063,
            42.3477058
          ],
          [
            -71.0886973,
            42.3477127
          ],
          [
            -71.0886827,
            42.3477234
          ],
          [
            -71.0886759,
            42.3477279
          ],
          [
            -71.088669,
            42.3477316
          ],
          [
            -71.0886518,
            42.3477382
          ],
          [
            -71.0886365,
            42.347743
          ],
          [
            -71.0886266,
            42.3477455
          ],
          [
            -71.0886177,
            42.3477469
          ],
          [
            -71.0886078,
            42.3477479
          ],
          [
            -71.0885984,
            42.3477479
          ],
          [
            -71.0885892,
            42.3477478
          ],
          [
            -71.0885848,
            42.3477474
          ],
          [
            -71.0885809,
            42.347747
          ],
          [
            -71.0885737,
            42.3477457
          ],
          [
            -71.0885637,
            42.3477433
          ],
          [
            -71.088557,
            42.3477416
          ],
          [
            -71.0885501,
            42.3477388
          ],
          [
            -71.0885448,
            42.3477367
          ],
          [
            -71.0885407,
            42.3477349
          ],
          [
            -71.088535,
            42.3477323
          ],
          [
            -71.0885329,
            42.3477305
          ],
          [
            -71.0885308,
            42.3477288
          ],
          [
            -71.0885291,
            42.347727
          ],
          [
            -71.0885273,
            42.3477251
          ],
          [
            -71.0885269,
            42.347723
          ],
          [
            -71.0885265,
            42.3477211
          ],
          [
            -71.0885264,
            42.3477185
          ],
          [
            -71.0885263,
            42.3477162
          ],
          [
            -71.088527,
            42.3477149
          ],
          [
            -71.0885281,
            42.3477128
          ],
          [
            -71.0885292,
            42.3477114
          ],
          [
            -71.0885309,
            42.3477093
          ],
          [
            -71.088533,
            42.3477077
          ],
          [
            -71.0885357,
            42.3477057
          ],
          [
            -71.0885288,
            42.347708
          ],
          [
            -71.0885213,
            42.3477112
          ],
          [
            -71.0885166,
            42.3477141
          ],
          [
            -71.0885129,
            42.347717
          ],
          [
            -71.0885097,
            42.3477207
          ],
          [
            -71.0885049,
            42.3477273
          ],
          [
            -71.0885037,
            42.3477294
          ],
          [
            -71.0885009,
            42.3477345
          ],
          [
            -71.0884994,
            42.3477383
          ],
          [
            -71.088498,
            42.3477416
          ],
          [
            -71.0884973,
            42.3477442
          ],
          [
            -71.0884966,
            42.3477466
          ],
          [
            -71.0884953,
            42.3477511
          ],
          [
            -71.0884945,
            42.3477564
          ],
          [
            -71.088494,
            42.3477614
          ],
          [
            -71.0884939,
            42.3477662
          ],
          [
            -71.0884938,
            42.3477723
          ],
          [
            -71.0885034,
            42.3477694
          ],
          [
            -71.0885122,
            42.3477684
          ],
          [
            -71.088527,
            42.3477688
          ],
          [
            -71.0885487,
            42.347772
          ],
          [
            -71.0885799,
            42.3477766
          ],
          [
            -71.0885988,
            42.3477781
          ],
          [
            -71.0886191,
            42.3477775
          ],
          [
            -71.0886353,
            42.3477749
          ],
          [
            -71.0886581,
            42.3477697
          ],
          [
            -71.088687,
            42.3477585
          ],
          [
            -71.0887016,
            42.3477507
          ],
          [
            -71.0887092,
            42.3477455
          ],
          [
            -71.0887154,
            42.3477399
          ]
        ]
      },
      "properties": {
        "osm_id": 1312525787,
        "name": "",
        "highway": "pedestrian",
        "bridge": "yes",
        "sidewalk": "",
        "foot": "",
        "bicycle": "",
        "tags": {
          "area": "yes",
          "bridge": "yes",
          "highway": "pedestrian",
          "layer": "2",
          "surface": "paved"
        }
      }
    },
    {
      "type": "Feature",
      "geometry": {
        "type": "LineString",
        "coordinates": [
          [
            -71.0617898,
            42.3693042
          ],
          [
            -71.061801,
            42.3693452
          ]
        ]
      },
      "properties": {
        "osm_id": 1316061571,
        "name": "",
        "highway": "footway",
        "bridge": "yes",
        "sidewalk": "",
        "foot": "",
        "bicycle": "",
        "tags": {
          "access": "yes",
          "bridge": "yes",
          "covered": "no",
          "highway": "footway",
          "incline": "0%",
          "layer": "1",
          "lit": "yes",
          "motor_vehicle": "no",
          "smoothness": "good",
          "stroller": "limited",
          "surface": "metal",
          "tactile_paving": "no",
          "wheelchair": "limited",
          "width": "6"
        }
      }
    },
    {
      "type": "Feature",
      "geometry": {
        "type": "LineString",
        "coordinates": [
          [
            -71.0915534,
            42.3550603
          ],
          [
            -71.092405,
            42.3567963
          ]
        ]
      },
      "properties": {
        "osm_id": 1329523286,
        "name": "Massachusetts Avenue",
        "highway": "primary",
        "bridge": "yes",
        "sidewalk": "",
        "foot": "yes",
        "bicycle": "yes",
        "tags": {
          "attribution": "Office of Geographic and Environmental Information (MassGIS)",
          "bicycle": "yes",
          "bridge": "yes",
          "bridge:name": "Harvard Bridge",
          "busway:right": "lane",
          "condition": "fair",
          "covered": "no",
          "cycleway:left": "track",
          "cycleway:left:buffer": "yes",
          "cycleway:left:separation": "flex_post",
          "cycleway:right": "track",
          "cycleway:right:buffer": "yes",
          "cycleway:right:oneway": "yes",
          "cycleway:right:separation": "flex_post",
          "foot": "yes",
          "highway": "primary",
          "horse": "no",
          "incline": "0%",
          "lanes": "3",
          "lanes:backward": "1",
          "lanes:forward": "1",
          "layer": "1",
          "lit": "yes",
          "maxheight": "none",
          "maxspeed": "25 mph",
          "maxweight": "86.4",
          "name": "Massachusetts Avenue",
          "oneway": "no",
          "parking:both": "no",
          "ref": "MA 2A",
          "sidewalk:both": "separate",
          "source": "MASSGIS",
          "surface": "asphalt",
          "toll": "no",
          "width": "16.1",
          "wikidata": "Q1587840",
          "wikipedia": "en:Harvard Bridge"
        }
      }
    },
    {
      "type": "Feature",
      "geometry": {
        "type": "LineString",
        "coordinates": [
          [
            -71.1145885,
            42.3735668
          ],
          [
            -71.1145394,
            42.3735755
          ],
          [
            -71.1144545,
            42.3735907
          ]
        ]
      },
      "properties": {
        "osm_id": 1331902085,
        "name": "",
        "highway": "footway",
        "bridge": "yes",
        "sidewalk": "",
        "foot": "",
        "bicycle": "",
        "tags": {
          "bridge": "yes",
          "highway": "footway",
          "layer": "1",
          "surface": "concrete"
        }
      }
    },
    {
      "type": "Feature",
      "geometry": {
        "type": "LineString",
        "coordinates": [
          [
            -71.0987392,
            42.3794496
          ],
          [
            -71.0989578,
            42.379424
          ]
        ]
      },
      "properties": {
        "osm_id": 1334647675,
        "name": "Washington Street",
        "highway": "cycleway",
        "bridge": "yes",
        "sidewalk": "",
        "foot": "",
        "bicycle": "",
        "tags": {
          "bridge": "yes",
          "highway": "cycleway",
          "layer": "1",
          "name": "Washington Street",
          "oneway": "yes",
          "surface": "asphalt"
        }
      }
    },
    {
      "type": "Feature",
      "geometry": {
        "type": "LineString",
        "coordinates": [
          [
            -71.0727685,
            42.3480313
          ],
          [
            -71.0727219,
            42.3480652
          ]
        ]
      },
      "properties": {
        "osm_id": 1346770232,
        "name": "",
        "highway": "footway",
        "bridge": "yes",
        "sidewalk": "",
        "foot": "",
        "bicycle": "",
        "tags": {
          "bridge": "yes",
          "crossing": "unmarked",
          "crossing:markings": "no",
          "footway": "crossing",
          "highway": "footway",
          "layer": "1"
        }
      }
    },
    {
      "type": "Feature",
      "geometry": {
        "type": "LineString",
        "coordinates": [
          [
            -71.1110356,
            42.3404055
          ],
          [
            -71.1110002,
            42.3404023
          ],
          [
            -71.1109502,
            42.3403959
          ],
          [
            -71.1107682,
            42.3403703
          ],
          [
            -71.1102138,
            42.3402933
          ]
        ]
      },
      "properties": {
        "osm_id": 1374297288,
        "name": "",
        "highway": "footway",
        "bridge": "yes",
        "sidewalk": "",
        "foot": "",
        "bicycle": "",
        "tags": {
          "bridge": "yes",
          "footway": "sidewalk",
          "highway": "footway",
          "layer": "1",
          "surface": "concrete"
        }
      }
    },
    {
      "type": "Feature",
      "geometry": {
        "type": "LineString",
        "coordinates": [
          [
            -71.110193,
            42.3404161
          ],
          [
            -71.1103087,
            42.3404322
          ],
          [
            -71.1104077,
            42.3404462
          ],
          [
            -71.1105396,
            42.340464
          ],
          [
            -71.1108103,
            42.3405009
          ],
          [
            -71.1109588,
            42.3405215
          ],
          [
            -71.1109779,
            42.3405248
          ],
          [
            -71.1109887,
            42.340528
          ],
          [
            -71.1110042,
            42.3405368
          ]
        ]
      },
      "properties": {
        "osm_id": 1374297290,
        "name": "",
        "highway": "footway",
        "bridge": "yes",
        "sidewalk": "",
        "foot": "",
        "bicycle": "",
        "tags": {
          "bridge": "yes",
          "footway": "sidewalk",
          "highway": "footway",
          "layer": "1",
          "surface": "concrete"
        }
      }
    },
    {
      "type": "Feature",
      "geometry": {
        "type": "LineString",
        "coordinates": [
          [
            -71.1108806,
            42.3507991
          ],
          [
            -71.1109194,
            42.350625
          ]
        ]
      },
      "properties": {
        "osm_id": 1388647114,
        "name": "Boston University Bridge",
        "highway": "trunk",
        "bridge": "yes",
        "sidewalk": "",
        "foot": "",
        "bicycle": "yes",
        "tags": {
          "attribution": "Office of Geographic and Environmental Information (MassGIS)",
          "bicycle": "yes",
          "bridge": "yes",
          "condition": "good",
          "cycleway:both": "track",
          "cycleway:both:buffer": "no",
          "cycleway:both:lane": "exclusive",
          "highway": "trunk",
          "lanes": "4",
          "layer": "1",
          "massgis:way_id": "155374",
          "maxspeed": "25 mph",
          "maxweight:signed": "no",
          "name": "Boston University Bridge",
          "name:etymology:wikidata": "Q49110",
          "oneway": "no",
          "ref": "MA 2",
          "short_name": "BU Bridge",
          "sidewalk:both": "separate",
          "source": "massgis_import_v0.1_20071008193615",
          "surface": "asphalt",
          "width": "19.5"
        }
      }
    },
    {
      "type": "Feature",
      "geometry": {
        "type": "LineString",
        "coordinates": [
          [
            -71.1107401,
            42.350712
          ],
          [
            -71.1107632,
            42.3506052
          ],
          [
            -71.1107732,
            42.3505589
          ]
        ]
      },
      "properties": {
        "osm_id": 1388664130,
        "name": "",
        "highway": "footway",
        "bridge": "yes",
        "sidewalk": "",
        "foot": "",
        "bicycle": "",
        "tags": {
          "bridge": "yes",
          "button_operated": "yes",
          "crossing": "traffic_signals",
          "crossing:markings": "ladder",
          "crossing:signals": "yes",
          "footway": "crossing",
          "highway": "footway",
          "layer": "1",
          "surface": "asphalt",
          "traffic_signals:sound": "yes",
          "traffic_signals:vibration": "yes"
        }
      }
    },
    {
      "type": "Feature",
      "geometry": {
        "type": "LineString",
        "coordinates": [
          [
            -71.1108554,
            42.3501834
          ],
          [
            -71.1108556,
            42.3501943
          ],
          [
            -71.1108545,
            42.3502209
          ],
          [
            -71.1108529,
            42.3502446
          ],
          [
            -71.1108481,
            42.3502782
          ],
          [
            -71.1108415,
            42.3503157
          ],
          [
            -71.1108403,
            42.3503216
          ],
          [
            -71.1108367,
            42.3503402
          ],
          [
            -71.1108054,
            42.350336
          ],
          [
            -71.110052,
            42.3502345
          ],
          [
            -71.1099429,
            42.3502208
          ],
          [
            -71.1098465,
            42.3502087
          ]
        ]
      },
      "properties": {
        "osm_id": 1388664131,
        "name": "",
        "highway": "footway",
        "bridge": "yes",
        "sidewalk": "",
        "foot": "",
        "bicycle": "",
        "tags": {
          "bridge": "yes",
          "footway": "sidewalk",
          "highway": "footway",
          "layer": "1",
          "surface": "concrete"
        }
      }
    },
    {
      "type": "Feature",
      "geometry": {
        "type": "LineString",
        "coordinates": [
          [
            -71.1111509,
            42.350341
          ],
          [
            -71.1110179,
            42.3503327
          ],
          [
            -71.1109234,
            42.3503268
          ],
          [
            -71.1108403,
            42.3503216
          ]
        ]
      },
      "properties": {
        "osm_id": 1388664132,
        "name": "",
        "highway": "footway",
        "bridge": "yes",
        "sidewalk": "",
        "foot": "",
        "bicycle": "",
        "tags": {
          "bridge": "yes",
          "button_operated": "yes",
          "crossing": "traffic_signals",
          "crossing:island": "no",
          "crossing:markings": "ladder",
          "crossing:signals": "yes",
          "footway": "crossing",
          "highway": "footway",
          "layer": "1",
          "surface": "asphalt",
          "traffic_signals:sound": "yes",
          "traffic_signals:vibration": "yes"
        }
      }
    },
    {
      "type": "Feature",
      "geometry": {
        "type": "LineString",
        "coordinates": [
          [
            -71.1111812,
            42.3503566
          ],
          [
            -71.111175,
            42.3503557
          ],
          [
            -71.1111684,
            42.3503543
          ],
          [
            -71.1111629,
            42.3503521
          ],
          [
            -71.1111599,
            42.3503502
          ],
          [
            -71.1111589,
            42.3503496
          ],
          [
            -71.1111564,
            42.3503475
          ],
          [
            -71.1111539,
            42.3503449
          ],
          [
            -71.1111509,
            42.350341
          ]
        ]
      },
      "properties": {
        "osm_id": 1388664135,
        "name": "",
        "highway": "footway",
        "bridge": "yes",
        "sidewalk": "",
        "foot": "",
        "bicycle": "",
        "tags": {
          "bridge": "yes",
          "footway": "sidewalk",
          "highway": "footway",
          "layer": "1",
          "surface": "concrete"
        }
      }
    },
    {
      "type": "Feature",
      "geometry": {
        "type": "LineString",
        "coordinates": [
          [
            -71.1111466,
            42.3507286
          ],
          [
            -71.1111486,
            42.3507172
          ],
          [
            -71.1111592,
            42.350657
          ],
          [
            -71.1111681,
            42.3506059
          ]
        ]
      },
      "properties": {
        "osm_id": 1388664136,
        "name": "",
        "highway": "footway",
        "bridge": "yes",
        "sidewalk": "",
        "foot": "",
        "bicycle": "",
        "tags": {
          "bridge": "yes",
          "button_operated": "yes",
          "crossing": "traffic_signals",
          "crossing:markings": "ladder",
          "crossing:signals": "yes",
          "footway": "crossing",
          "highway": "footway",
          "layer": "1",
          "surface": "asphalt",
          "traffic_signals:sound": "yes",
          "traffic_signals:vibration": "yes"
        }
      }
    },
    {
      "type": "Feature",
      "geometry": {
        "type": "LineString",
        "coordinates": [
          [
            -71.1122411,
            42.3509109
          ],
          [
            -71.1111914,
            42.3507848
          ],
          [
            -71.1111747,
            42.350783
          ],
          [
            -71.1111614,
            42.3507824
          ],
          [
            -71.1111518,
            42.3507821
          ],
          [
            -71.111141,
            42.3507827
          ],
          [
            -71.1111391,
            42.3507831
          ],
          [
            -71.1111369,
            42.3507835
          ],
          [
            -71.1111306,
            42.3507847
          ],
          [
            -71.1111192,
            42.3507874
          ],
          [
            -71.1111111,
            42.3507899
          ],
          [
            -71.1111041,
            42.3507927
          ],
          [
            -71.1110972,
            42.3507963
          ],
          [
            -71.1110906,
            42.3507997
          ],
          [
            -71.1110841,
            42.3508036
          ],
          [
            -71.1110769,
            42.3508096
          ],
          [
            -71.1110697,
            42.3508162
          ],
          [
            -71.1110654,
            42.3508215
          ],
          [
            -71.1110604,
            42.3508283
          ],
          [
            -71.1110553,
            42.3508358
          ],
          [
            -71.1110516,
            42.3508429
          ],
          [
            -71.111049,
            42.3508494
          ],
          [
            -71.111047,
            42.3508553
          ],
          [
            -71.1110449,
            42.3508615
          ],
          [
            -71.1110433,
            42.3508676
          ],
          [
            -71.1110417,
            42.3508754
          ]
        ]
      },
      "properties": {
        "osm_id": 1388664139,
        "name": "",
        "highway": "footway",
        "bridge": "yes",
        "sidewalk": "",
        "foot": "",
        "bicycle": "",
        "tags": {
          "bridge": "yes",
          "footway": "sidewalk",
          "highway": "footway",
          "layer": "1",
          "lit": "yes",
          "smoothness": "good",
          "surface": "concrete"
        }
      }
    },
    {
      "type": "Feature",
      "geometry": {
        "type": "LineString",
        "coordinates": [
          [
            -71.1094828,
            42.3500176
          ],
          [
            -71.1094229,
            42.3495574
          ],
          [
            -71.1094208,
            42.3495385
          ],
          [
            -71.10942,
            42.3495268
          ],
          [
            -71.10942,
            42.3495097
          ],
          [
            -71.1094225,
            42.3494984
          ],
          [
            -71.109426,
            42.349487
          ],
          [
            -71.1094311,
            42.3494742
          ]
        ]
      },
      "properties": {
        "osm_id": 1388667804,
        "name": "",
        "highway": "footway",
        "bridge": "yes",
        "sidewalk": "",
        "foot": "",
        "bicycle": "",
        "tags": {
          "bridge": "yes",
          "footway": "sidewalk",
          "highway": "footway",
          "layer": "1",
          "surface": "concrete"
        }
      }
    },
    {
      "type": "Feature",
      "geometry": {
        "type": "LineString",
        "coordinates": [
          [
            -71.1108806,
            42.3507991
          ],
          [
            -71.1110443,
            42.3507891
          ]
        ]
      },
      "properties": {
        "osm_id": 1388667807,
        "name": "",
        "highway": "footway",
        "bridge": "yes",
        "sidewalk": "",
        "foot": "",
        "bicycle": "",
        "tags": {
          "bridge": "yes",
          "button_operated": "yes",
          "crossing": "traffic_signals",
          "crossing:island": "no",
          "crossing:markings": "ladder",
          "crossing:signals": "yes",
          "footway": "crossing",
          "highway": "footway",
          "lit": "yes",
          "smoothness": "good",
          "surface": "asphalt",
          "traffic_signals:sound": "yes",
          "traffic_signals:vibration": "yes"
        }
      }
    },
    {
      "type": "Feature",
      "geometry": {
        "type": "LineString",
        "coordinates": [
          [
            -71.1091854,
            42.3493652
          ],
          [
            -71.1092441,
            42.3498585
          ],
          [
            -71.1092472,
            42.3499013
          ],
          [
            -71.1092476,
            42.3499117
          ]
        ]
      },
      "properties": {
        "osm_id": 1388667809,
        "name": "",
        "highway": "footway",
        "bridge": "yes",
        "sidewalk": "",
        "foot": "",
        "bicycle": "",
        "tags": {
          "bridge": "yes",
          "footway": "sidewalk",
          "highway": "footway",
          "layer": "1",
          "surface": "concrete"
        }
      }
    },
    {
      "type": "Feature",
      "geometry": {
        "type": "LineString",
        "coordinates": [
          [
            -71.1093152,
            42.3495286
          ],
          [
            -71.1093659,
            42.3499604
          ]
        ]
      },
      "properties": {
        "osm_id": 1388687878,
        "name": "Carlton Street",
        "highway": "trunk",
        "bridge": "yes",
        "sidewalk": "",
        "foot": "",
        "bicycle": "yes",
        "tags": {
          "attribution": "Office of Geographic and Environmental Information (MassGIS)",
          "bicycle": "yes",
          "bridge": "yes",
          "condition": "fair",
          "cycleway:left": "no",
          "cycleway:right": "lane",
          "cycleway:right:buffer": "no",
          "highway": "trunk",
          "lanes": "4",
          "lanes:backward": "1",
          "lanes:forward": "3",
          "layer": "1",
          "massgis:way_id": "176518",
          "maxspeed": "25 mph",
          "maxweight:signed": "no",
          "name": "Carlton Street",
          "oneway": "no",
          "rcn_ref": "1",
          "ref": "MA 2",
          "sidewalk:both": "separate",
          "source": "massgis_import_v0.1_20071009101959",
          "surface": "asphalt",
          "turn:lanes": "left|left|through;right",
          "width": "15.2"
        }
      }
    },
    {
      "type": "Feature",
      "geometry": {
        "type": "LineString",
        "coordinates": [
          [
            -71.0419058,
            42.3659364
          ],
          [
            -71.041676,
            42.3662976
          ]
        ]
      },
      "properties": {
        "osm_id": 1390555029,
        "name": "",
        "highway": "path",
        "bridge": "boardwalk",
        "sidewalk": "",
        "foot": "yes",
        "bicycle": "yes",
        "tags": {
          "bicycle": "yes",
          "bridge": "boardwalk",
          "foot": "yes",
          "highway": "path",
          "layer": "1",
          "surface": "wood"
        }
      }
    },
    {
      "type": "Feature",
      "geometry": {
        "type": "LineString",
        "coordinates": [
          [
            -71.0592866,
            42.3677248
          ],
          [
            -71.0595001,
            42.3676313
          ]
        ]
      },
      "properties": {
        "osm_id": 1409247006,
        "name": "",
        "highway": "steps",
        "bridge": "yes",
        "sidewalk": "",
        "foot": "",
        "bicycle": "",
        "tags": {
          "bridge": "yes",
          "highway": "steps",
          "layer": "1"
        }
      }
    },
    {
      "type": "Feature",
      "geometry": {
        "type": "LineString",
        "coordinates": [
          [
            -71.110792,
            42.3504774
          ],
          [
            -71.1107956,
            42.3504397
          ],
          [
            -71.1108054,
            42.350336
          ]
        ]
      },
      "properties": {
        "osm_id": 1413322318,
        "name": "",
        "highway": "footway",
        "bridge": "yes",
        "sidewalk": "",
        "foot": "",
        "bicycle": "",
        "tags": {
          "bridge": "yes",
          "button_operated": "yes",
          "crossing": "traffic_signals",
          "crossing:markings": "ladder",
          "crossing:signals": "yes",
          "footway": "crossing",
          "highway": "footway",
          "layer": "1",
          "surface": "asphalt",
          "traffic_signals:sound": "yes",
          "traffic_signals:vibration": "yes"
        }
      }
    },
    {
      "type": "Feature",
      "geometry": {
        "type": "LineString",
        "coordinates": [
          [
            -71.11079,
            42.3504849
          ],
          [
            -71.110792,
            42.3504774
          ]
        ]
      },
      "properties": {
        "osm_id": 1413322319,
        "name": "",
        "highway": "footway",
        "bridge": "yes",
        "sidewalk": "",
        "foot": "",
        "bicycle": "",
        "tags": {
          "bridge": "yes",
          "footway": "traffic_island",
          "highway": "footway",
          "layer": "1",
          "surface": "concrete"
        }
      }
    },
    {
      "type": "Feature",
      "geometry": {
        "type": "LineString",
        "coordinates": [
          [
            -71.1107751,
            42.3505503
          ],
          [
            -71.1107797,
            42.3505288
          ],
          [
            -71.1107856,
            42.3505015
          ],
          [
            -71.11079,
            42.3504849
          ]
        ]
      },
      "properties": {
        "osm_id": 1413322320,
        "name": "",
        "highway": "footway",
        "bridge": "yes",
        "sidewalk": "",
        "foot": "",
        "bicycle": "",
        "tags": {
          "bridge": "yes",
          "button_operated": "yes",
          "crossing": "traffic_signals",
          "crossing:markings": "ladder",
          "crossing:signals": "yes",
          "footway": "crossing",
          "highway": "footway",
          "layer": "1",
          "surface": "asphalt",
          "traffic_signals:sound": "yes",
          "traffic_signals:vibration": "yes"
        }
      }
    },
    {
      "type": "Feature",
      "geometry": {
        "type": "LineString",
        "coordinates": [
          [
            -71.1107732,
            42.3505589
          ],
          [
            -71.1107751,
            42.3505503
          ]
        ]
      },
      "properties": {
        "osm_id": 1413322321,
        "name": "",
        "highway": "footway",
        "bridge": "yes",
        "sidewalk": "",
        "foot": "",
        "bicycle": "",
        "tags": {
          "bridge": "yes",
          "footway": "traffic_island",
          "highway": "footway",
          "layer": "1",
          "surface": "concrete"
        }
      }
    },
    {
      "type": "Feature",
      "geometry": {
        "type": "LineString",
        "coordinates": [
          [
            -71.1111829,
            42.3505222
          ],
          [
            -71.1111905,
            42.3504929
          ],
          [
            -71.1112147,
            42.3503998
          ],
          [
            -71.1112204,
            42.3503781
          ]
        ]
      },
      "properties": {
        "osm_id": 1413322322,
        "name": "",
        "highway": "footway",
        "bridge": "yes",
        "sidewalk": "",
        "foot": "",
        "bicycle": "",
        "tags": {
          "bridge": "yes",
          "button_operated": "yes",
          "crossing": "traffic_signals",
          "crossing:markings": "ladder",
          "crossing:signals": "yes",
          "footway": "crossing",
          "highway": "footway",
          "layer": "1",
          "surface": "asphalt",
          "traffic_signals:sound": "yes",
          "traffic_signals:vibration": "yes"
        }
      }
    },
    {
      "type": "Feature",
      "geometry": {
        "type": "LineString",
        "coordinates": [
          [
            -71.1111696,
            42.3505976
          ],
          [
            -71.1111733,
            42.3505767
          ],
          [
            -71.1111786,
            42.3505469
          ],
          [
            -71.1111814,
            42.3505309
          ]
        ]
      },
      "properties": {
        "osm_id": 1413322323,
        "name": "",
        "highway": "footway",
        "bridge": "yes",
        "sidewalk": "",
        "foot": "",
        "bicycle": "",
        "tags": {
          "bridge": "yes",
          "button_operated": "yes",
          "crossing": "traffic_signals",
          "crossing:markings": "ladder",
          "crossing:signals": "yes",
          "footway": "crossing",
          "highway": "footway",
          "layer": "1",
          "surface": "asphalt",
          "traffic_signals:sound": "yes",
          "traffic_signals:vibration": "yes"
        }
      }
    },
    {
      "type": "Feature",
      "geometry": {
        "type": "LineString",
        "coordinates": [
          [
            -71.1111681,
            42.3506059
          ],
          [
            -71.1111696,
            42.3505976
          ]
        ]
      },
      "properties": {
        "osm_id": 1413322324,
        "name": "",
        "highway": "footway",
        "bridge": "yes",
        "sidewalk": "",
        "foot": "",
        "bicycle": "",
        "tags": {
          "bridge": "yes",
          "footway": "traffic_island",
          "highway": "footway",
          "layer": "1",
          "surface": "concrete"
        }
      }
    },
    {
      "type": "Feature",
      "geometry": {
        "type": "LineString",
        "coordinates": [
          [
            -71.1111814,
            42.3505309
          ],
          [
            -71.1111829,
            42.3505222
          ]
        ]
      },
      "properties": {
        "osm_id": 1413322325,
        "name": "",
        "highway": "footway",
        "bridge": "yes",
        "sidewalk": "",
        "foot": "",
        "bicycle": "",
        "tags": {
          "bridge": "yes",
          "footway": "traffic_island",
          "highway": "footway",
          "layer": "1",
          "surface": "concrete"
        }
      }
    },
    {
      "type": "Feature",
      "geometry": {
        "type": "LineString",
        "coordinates": [
          [
            -71.1110443,
            42.3507891
          ],
          [
            -71.1111369,
            42.3507835
          ]
        ]
      },
      "properties": {
        "osm_id": 1413322326,
        "name": "",
        "highway": "footway",
        "bridge": "yes",
        "sidewalk": "",
        "foot": "",
        "bicycle": "",
        "tags": {
          "bridge": "yes",
          "footway": "sidewalk",
          "highway": "footway",
          "layer": "1",
          "lit": "yes",
          "smoothness": "good",
          "surface": "concrete"
        }
      }
    },
    {
      "type": "Feature",
      "geometry": {
        "type": "LineString",
        "coordinates": [
          [
            -71.1111369,
            42.3507835
          ],
          [
            -71.1111466,
            42.3507286
          ]
        ]
      },
      "properties": {
        "osm_id": 1413322327,
        "name": "",
        "highway": "footway",
        "bridge": "yes",
        "sidewalk": "",
        "foot": "",
        "bicycle": "",
        "tags": {
          "bridge": "yes",
          "footway": "sidewalk",
          "highway": "footway",
          "layer": "1",
          "surface": "concrete"
        }
      }
    },
    {
      "type": "Feature",
      "geometry": {
        "type": "LineString",
        "coordinates": [
          [
            -71.0618684,
            42.3305569
          ],
          [
            -71.0609912,
            42.3303832
          ]
        ]
      },
      "properties": {
        "osm_id": 1413350385,
        "name": "",
        "highway": "footway",
        "bridge": "yes",
        "sidewalk": "",
        "foot": "",
        "bicycle": "",
        "tags": {
          "bridge": "yes",
          "footway": "sidewalk",
          "highway": "footway",
          "layer": "1"
        }
      }
    },
    {
      "type": "Feature",
      "geometry": {
        "type": "LineString",
        "coordinates": [
          [
            -71.0616685,
            42.3303432
          ],
          [
            -71.0608028,
            42.3301711
          ]
        ]
      },
      "properties": {
        "osm_id": 1413350388,
        "name": "",
        "highway": "footway",
        "bridge": "yes",
        "sidewalk": "",
        "foot": "",
        "bicycle": "",
        "tags": {
          "bridge": "yes",
          "footway": "sidewalk",
          "highway": "footway",
          "layer": "1"
        }
      }
    },
    {
      "type": "Feature",
      "geometry": {
        "type": "LineString",
        "coordinates": [
          [
            -71.0591865,
            42.3300146
          ],
          [
            -71.0594799,
            42.330073
          ]
        ]
      },
      "properties": {
        "osm_id": 1413354171,
        "name": "",
        "highway": "footway",
        "bridge": "yes",
        "sidewalk": "",
        "foot": "",
        "bicycle": "",
        "tags": {
          "bridge": "yes",
          "footway": "sidewalk",
          "highway": "footway",
          "layer": "1"
        }
      }
    },
    {
      "type": "Feature",
      "geometry": {
        "type": "LineString",
        "coordinates": [
          [
            -71.0570399,
            42.3387022
          ],
          [
            -71.057031,
            42.3387968
          ],
          [
            -71.057033,
            42.3390596
          ]
        ]
      },
      "properties": {
        "osm_id": 1413366465,
        "name": "",
        "highway": "footway",
        "bridge": "yes",
        "sidewalk": "",
        "foot": "",
        "bicycle": "",
        "tags": {
          "bridge": "yes",
          "footway": "sidewalk",
          "highway": "footway",
          "layer": "1"
        }
      }
    },
    {
      "type": "Feature",
      "geometry": {
        "type": "LineString",
        "coordinates": [
          [
            -71.0572309,
            42.3389044
          ],
          [
            -71.0572269,
            42.3386337
          ]
        ]
      },
      "properties": {
        "osm_id": 1413366468,
        "name": "",
        "highway": "footway",
        "bridge": "yes",
        "sidewalk": "",
        "foot": "",
        "bicycle": "",
        "tags": {
          "bridge": "yes",
          "footway": "sidewalk",
          "highway": "footway",
          "layer": "1"
        }
      }
    },
    {
      "type": "Feature",
      "geometry": {
        "type": "LineString",
        "coordinates": [
          [
            -71.043787,
            42.3468909
          ],
          [
            -71.0438146,
            42.3469068
          ]
        ]
      },
      "properties": {
        "osm_id": 1415469451,
        "name": "",
        "highway": "footway",
        "bridge": "yes",
        "sidewalk": "",
        "foot": "",
        "bicycle": "",
        "tags": {
          "bridge": "yes",
          "footway": "sidewalk",
          "highway": "footway",
          "layer": "1"
        }
      }
    },
    {
      "type": "Feature",
      "geometry": {
        "type": "LineString",
        "coordinates": [
          [
            -71.0436104,
            42.3472528
          ],
          [
            -71.0435722,
            42.3472332
          ]
        ]
      },
      "properties": {
        "osm_id": 1415469452,
        "name": "",
        "highway": "footway",
        "bridge": "yes",
        "sidewalk": "",
        "foot": "",
        "bicycle": "",
        "tags": {
          "bridge": "yes",
          "footway": "sidewalk",
          "highway": "footway",
          "layer": "1"
        }
      }
    },
    {
      "type": "Feature",
      "geometry": {
        "type": "LineString",
        "coordinates": [
          [
            -71.043753,
            42.3473332
          ],
          [
            -71.0437284,
            42.3473196
          ]
        ]
      },
      "properties": {
        "osm_id": 1415469453,
        "name": "",
        "highway": "footway",
        "bridge": "yes",
        "sidewalk": "",
        "foot": "",
        "bicycle": "",
        "tags": {
          "bridge": "yes",
          "footway": "sidewalk",
          "highway": "footway",
          "layer": "1"
        }
      }
    },
    {
      "type": "Feature",
      "geometry": {
        "type": "LineString",
        "coordinates": [
          [
            -71.0439126,
            42.3472293
          ],
          [
            -71.0438941,
            42.3472467
          ],
          [
            -71.0438441,
            42.3472938
          ],
          [
            -71.0438333,
            42.347304
          ]
        ]
      },
      "properties": {
        "osm_id": 1415469454,
        "name": "",
        "highway": "footway",
        "bridge": "yes",
        "sidewalk": "",
        "foot": "",
        "bicycle": "",
        "tags": {
          "bridge": "yes",
          "crossing": "traffic_signals",
          "crossing:markings": "ladder",
          "crossing:signals": "yes",
          "footway": "crossing",
          "highway": "footway",
          "layer": "1"
        }
      }
    },
    {
      "type": "Feature",
      "geometry": {
        "type": "LineString",
        "coordinates": [
          [
            -71.0440778,
            42.3470585
          ],
          [
            -71.0440563,
            42.3471018
          ]
        ]
      },
      "properties": {
        "osm_id": 1415469455,
        "name": "",
        "highway": "footway",
        "bridge": "yes",
        "sidewalk": "",
        "foot": "",
        "bicycle": "",
        "tags": {
          "bridge": "yes",
          "footway": "sidewalk",
          "highway": "footway",
          "layer": "1"
        }
      }
    },
    {
      "type": "Feature",
      "geometry": {
        "type": "LineString",
        "coordinates": [
          [
            -71.0439315,
            42.3472133
          ],
          [
            -71.0439126,
            42.3472293
          ]
        ]
      },
      "properties": {
        "osm_id": 1415469456,
        "name": "",
        "highway": "footway",
        "bridge": "yes",
        "sidewalk": "",
        "foot": "",
        "bicycle": "",
        "tags": {
          "bridge": "yes",
          "footway": "traffic_island",
          "highway": "footway",
          "layer": "1"
        }
      }
    },
    {
      "type": "Feature",
      "geometry": {
        "type": "LineString",
        "coordinates": [
          [
            -71.0438333,
            42.347304
          ],
          [
            -71.0438225,
            42.3473141
          ]
        ]
      },
      "properties": {
        "osm_id": 1415469457,
        "name": "",
        "highway": "footway",
        "bridge": "yes",
        "sidewalk": "",
        "foot": "",
        "bicycle": "",
        "tags": {
          "bridge": "yes",
          "footway": "sidewalk",
          "highway": "footway",
          "layer": "1"
        }
      }
    },
    {
      "type": "Feature",
      "geometry": {
        "type": "LineString",
        "coordinates": [
          [
            -71.0456165,
            42.3479725
          ],
          [
            -71.0456474,
            42.3479355
          ]
        ]
      },
      "properties": {
        "osm_id": 1415469458,
        "name": "",
        "highway": "footway",
        "bridge": "yes",
        "sidewalk": "",
        "foot": "",
        "bicycle": "",
        "tags": {
          "bridge": "yes",
          "footway": "sidewalk",
          "highway": "footway",
          "layer": "1"
        }
      }
    },
    {
      "type": "Feature",
      "geometry": {
        "type": "LineString",
        "coordinates": [
          [
            -71.106919,
            42.3487034
          ],
          [
            -71.1068652,
            42.348693
          ],
          [
            -71.1068116,
            42.3486826
          ]
        ]
      },
      "properties": {
        "osm_id": 1426077033,
        "name": "",
        "highway": "footway",
        "bridge": "yes",
        "sidewalk": "",
        "foot": "",
        "bicycle": "",
        "tags": {
          "bridge": "yes",
          "button_operated": "yes",
          "crossing": "traffic_signals",
          "crossing:island": "no",
          "crossing:markings": "lines",
          "footway": "crossing",
          "highway": "footway",
          "layer": "1",
          "surface": "concrete",
          "traffic_signals:countdown": "yes",
          "traffic_signals:sound": "yes",
          "traffic_signals:vibration": "yes"
        }
      }
    },
    {
      "type": "Feature",
      "geometry": {
        "type": "LineString",
        "coordinates": [
          [
            -71.0587887,
            42.3679374
          ],
          [
            -71.0588378,
            42.3679504
          ],
          [
            -71.058887,
            42.3679635
          ],
          [
            -71.0589282,
            42.3679708
          ],
          [
            -71.0589817,
            42.3679774
          ],
          [
            -71.0590263,
            42.3679801
          ],
          [
            -71.0590614,
            42.3679816
          ],
          [
            -71.0591081,
            42.3679802
          ],
          [
            -71.0591459,
            42.3679765
          ],
          [
            -71.0591699,
            42.3679723
          ],
          [
            -71.059193,
            42.3679669
          ],
          [
            -71.0592308,
            42.3679543
          ],
          [
            -71.0592759,
            42.3679366
          ],
          [
            -71.059318,
            42.3679129
          ],
          [
            -71.0593496,
            42.3678896
          ],
          [
            -71.05938,
            42.3678645
          ],
          [
            -71.0593989,
            42.3678465
          ],
          [
            -71.0594328,
            42.3678085
          ],
          [
            -71.0594575,
            42.3677744
          ],
          [
            -71.05948,
            42.3677267
          ],
          [
            -71.0594921,
            42.3676818
          ],
          [
            -71.0595001,
            42.3676313
          ]
        ]
      },
      "properties": {
        "osm_id": 1430760534,
        "name": "Boston HarborWalk North End",
        "highway": "path",
        "bridge": "boardwalk",
        "sidewalk": "",
        "foot": "designated",
        "bicycle": "yes",
        "tags": {
          "access": "yes",
          "bicycle": "yes",
          "bridge": "boardwalk",
          "covered": "no",
          "dog": "leashed",
          "foot": "designated",
          "highway": "path",
          "lit": "yes",
          "man_made": "pier",
          "motor_vehicle": "no",
          "name": "Boston HarborWalk North End",
          "note": "An extremely rough outline, created for routing purposes",
          "oneway": "no",
          "smoothness": "intermediate",
          "stroller": "yes",
          "surface": "wood",
          "wheelchair": "yes",
          "width": "4"
        }
      }
    },
    {
      "type": "Feature",
      "geometry": {
        "type": "LineString",
        "coordinates": [
          [
            -71.0535581,
            42.3420218
          ],
          [
            -71.0533778,
            42.3419083
          ]
        ]
      },
      "properties": {
        "osm_id": 1446729474,
        "name": "",
        "highway": "footway",
        "bridge": "yes",
        "sidewalk": "",
        "foot": "",
        "bicycle": "",
        "tags": {
          "bridge": "yes",
          "footway": "sidewalk",
          "highway": "footway",
          "layer": "1"
        }
      }
    },
    {
      "type": "Feature",
      "geometry": {
        "type": "LineString",
        "coordinates": [
          [
            -71.0611451,
            42.3707584
          ],
          [
            -71.0611698,
            42.3707783
          ],
          [
            -71.061224,
            42.3708212
          ],
          [
            -71.0612464,
            42.370839
          ],
          [
            -71.0612793,
            42.3708638
          ]
        ]
      },
      "properties": {
        "osm_id": 1449458899,
        "name": "North Washington Street",
        "highway": "cycleway",
        "bridge": "yes",
        "sidewalk": "",
        "foot": "",
        "bicycle": "",
        "tags": {
          "bridge": "yes",
          "highway": "cycleway",
          "layer": "1",
          "name": "North Washington Street",
          "oneway": "yes",
          "surface": "asphalt"
        }
      }
    },
    {
      "type": "Feature",
      "geometry": {
        "type": "LineString",
        "coordinates": [
          [
            -71.087332,
            42.3799791
          ],
          [
            -71.0874302,
            42.3800678
          ],
          [
            -71.0874904,
            42.3801228
          ],
          [
            -71.0875296,
            42.3801588
          ],
          [
            -71.0875667,
            42.3801938
          ],
          [
            -71.0876014,
            42.380227
          ],
          [
            -71.087637,
            42.380262
          ],
          [
            -71.0876971,
            42.3803225
          ],
          [
            -71.0877022,
            42.3803276
          ]
        ]
      },
      "properties": {
        "osm_id": 1460187713,
        "name": "Somerville Community Path",
        "highway": "cycleway",
        "bridge": "yes",
        "sidewalk": "",
        "foot": "designated",
        "bicycle": "designated",
        "tags": {
          "attribution": "Office of Geographic and Environmental Information (MassGIS)",
          "bicycle": "designated",
          "bridge": "yes",
          "foot": "designated",
          "highway": "cycleway",
          "layer": "1",
          "lit": "yes",
          "name": "Somerville Community Path",
          "oneway": "no",
          "segregated": "no",
          "smoothness": "excellent",
          "source": "massgis_import_v0.1_20071010205040",
          "surface": "asphalt"
        }
      }
    },
    {
      "type": "Feature",
      "geometry": {
        "type": "LineString",
        "coordinates": [
          [
            -71.1112764,
            42.3504066
          ],
          [
            -71.1112147,
            42.3503998
          ],
          [
            -71.1110092,
            42.3503898
          ],
          [
            -71.1109226,
            42.3503856
          ],
          [
            -71.1107956,
            42.3504397
          ]
        ]
      },
      "properties": {
        "osm_id": 1460593096,
        "name": "Commonwealth Avenue",
        "highway": "cycleway",
        "bridge": "yes",
        "sidewalk": "",
        "foot": "",
        "bicycle": "",
        "tags": {
          "bridge": "yes",
          "highway": "cycleway",
          "layer": "1",
          "lit": "yes",
          "name": "Commonwealth Avenue",
          "oneway": "yes",
          "source:width": "ARCore",
          "surface": "asphalt",
          "width": "6'4\""
        }
      }
    },
    {
      "type": "Feature",
      "geometry": {
        "type": "LineString",
        "coordinates": [
          [
            -71.0738949,
            42.3797529
          ],
          [
            -71.0739365,
            42.3797168
          ]
        ]
      },
      "properties": {
        "osm_id": 1462729944,
        "name": "",
        "highway": "path",
        "bridge": "yes",
        "sidewalk": "",
        "foot": "",
        "bicycle": "",
        "tags": {
          "bridge": "yes",
          "highway": "path",
          "layer": "1"
        }
      }
    },
    {
      "type": "Feature",
      "geometry": {
        "type": "LineString",
        "coordinates": [
          [
            -71.0739365,
            42.3797168
          ],
          [
            -71.0740199,
            42.3796474
          ],
          [
            -71.0738985,
            42.3795688
          ]
        ]
      },
      "properties": {
        "osm_id": 1462729945,
        "name": "",
        "highway": "path",
        "bridge": "yes",
        "sidewalk": "",
        "foot": "",
        "bicycle": "",
        "tags": {
          "bridge": "yes",
          "highway": "path",
          "layer": "1"
        }
      }
    },
    {
      "type": "Feature",
      "geometry": {
        "type": "LineString",
        "coordinates": [
          [
            -71.0561292,
            42.3398078
          ],
          [
            -71.0559728,
            42.3397059
          ]
        ]
      },
      "properties": {
        "osm_id": 1466697818,
        "name": "",
        "highway": "footway",
        "bridge": "yes",
        "sidewalk": "",
        "foot": "",
        "bicycle": "",
        "tags": {
          "bridge": "yes",
          "footway": "sidewalk",
          "highway": "footway",
          "layer": "1",
          "surface": "concrete"
        }
      }
    },
    {
      "type": "Feature",
      "geometry": {
        "type": "LineString",
        "coordinates": [
          [
            -71.0558687,
            42.3397947
          ],
          [
            -71.0560255,
            42.3398963
          ]
        ]
      },
      "properties": {
        "osm_id": 1466697820,
        "name": "",
        "highway": "footway",
        "bridge": "yes",
        "sidewalk": "",
        "foot": "",
        "bicycle": "",
        "tags": {
          "bridge": "yes",
          "footway": "sidewalk",
          "highway": "footway",
          "layer": "1",
          "surface": "concrete"
        }
      }
    },
    {
      "type": "Feature",
      "geometry": {
        "type": "LineString",
        "coordinates": [
          [
            -71.1068116,
            42.3486826
          ],
          [
            -71.106804,
            42.3486803
          ]
        ]
      },
      "properties": {
        "osm_id": 1482116274,
        "name": "",
        "highway": "footway",
        "bridge": "yes",
        "sidewalk": "",
        "foot": "",
        "bicycle": "",
        "tags": {
          "bridge": "yes",
          "footway": "sidewalk",
          "highway": "footway",
          "layer": "1",
          "surface": "concrete"
        }
      }
    },
    {
      "type": "Feature",
      "geometry": {
        "type": "LineString",
        "coordinates": [
          [
            -71.1069449,
            42.348708
          ],
          [
            -71.106919,
            42.3487034
          ]
        ]
      },
      "properties": {
        "osm_id": 1482116275,
        "name": "",
        "highway": "footway",
        "bridge": "yes",
        "sidewalk": "",
        "foot": "",
        "bicycle": "",
        "tags": {
          "bridge": "yes",
          "footway": "sidewalk",
          "highway": "footway",
          "layer": "1",
          "surface": "concrete"
        }
      }
    },
    {
      "type": "Feature",
      "geometry": {
        "type": "LineString",
        "coordinates": [
          [
            -71.0866556,
            42.3476342
          ],
          [
            -71.0867789,
            42.3476004
          ],
          [
            -71.0870421,
            42.3475283
          ]
        ]
      },
      "properties": {
        "osm_id": 1483681470,
        "name": "Boylston Street",
        "highway": "primary",
        "bridge": "yes",
        "sidewalk": "",
        "foot": "yes",
        "bicycle": "yes",
        "tags": {
          "attribution": "Office of Geographic and Environmental Information (MassGIS)",
          "bicycle": "yes",
          "bridge": "yes",
          "condition": "fair",
          "cycleway:right": "shared_lane",
          "foot": "yes",
          "highway": "primary",
          "horse": "no",
          "lanes": "2",
          "layer": "1",
          "maxspeed": "25 mph",
          "name": "Boylston Street",
          "oneway": "yes",
          "sidewalk:left": "no",
          "sidewalk:right": "separate",
          "source": "Bing;Local Knowledge;massgis_import_v0.1_20071008193615",
          "surface": "asphalt",
          "width": "6.5"
        }
      }
    },
    {
      "type": "Feature",
      "geometry": {
        "type": "LineString",
        "coordinates": [
          [
            -71.0873993,
            42.3474913
          ],
          [
            -71.0868924,
            42.3476275
          ]
        ]
      },
      "properties": {
        "osm_id": 1483681471,
        "name": "Boylston Street",
        "highway": "footway",
        "bridge": "yes",
        "sidewalk": "",
        "foot": "",
        "bicycle": "no",
        "tags": {
          "bicycle": "no",
          "bridge": "yes",
          "covered": "no",
          "dog": "yes",
          "footway": "sidewalk",
          "highway": "footway",
          "horse": "no",
          "incline": "0%",
          "layer": "1",
          "lit": "yes",
          "motor_vehicle": "no",
          "name": "Boylston Street",
          "stroller": "yes",
          "surface": "concrete",
          "wheelchair": "yes",
          "width": "3.6"
        }
      }
    },
    {
      "type": "Feature",
      "geometry": {
        "type": "LineString",
        "coordinates": [
          [
            -71.0870421,
            42.3475283
          ],
          [
            -71.0871643,
            42.3474949
          ]
        ]
      },
      "properties": {
        "osm_id": 1484199352,
        "name": "Boylston Street",
        "highway": "primary",
        "bridge": "yes",
        "sidewalk": "",
        "foot": "yes",
        "bicycle": "yes",
        "tags": {
          "attribution": "Office of Geographic and Environmental Information (MassGIS)",
          "bicycle": "yes",
          "bridge": "yes",
          "condition": "fair",
          "cycleway:right": "shared_lane",
          "foot": "yes",
          "highway": "primary",
          "horse": "no",
          "lanes": "2",
          "layer": "1",
          "maxspeed": "25 mph",
          "name": "Boylston Street",
          "oneway": "yes",
          "sidewalk:left": "no",
          "sidewalk:right": "separate",
          "source": "Bing;Local Knowledge;massgis_import_v0.1_20071008193615",
          "surface": "asphalt",
          "turn:lanes": "through|right",
          "width": "6.5"
        }
      }
    },
    {
      "type": "Feature",
      "geometry": {
        "type": "LineString",
        "coordinates": [
          [
            -71.1042305,
            42.3453005
          ],
          [
            -71.1042497,
            42.3452898
          ]
        ]
      },
      "properties": {
        "osm_id": 1486230125,
        "name": "",
        "highway": "footway",
        "bridge": "yes",
        "sidewalk": "",
        "foot": "",
        "bicycle": "",
        "tags": {
          "bridge": "yes",
          "highway": "footway",
          "layer": "1",
          "smoothness": "intermediate",
          "surface": "concrete"
        }
      }
    },
    {
      "type": "Feature",
      "geometry": {
        "type": "LineString",
        "coordinates": [
          [
            -71.0874611,
            42.3377292
          ],
          [
            -71.0874681,
            42.3377383
          ],
          [
            -71.0874803,
            42.3377515
          ],
          [
            -71.0874964,
            42.3377681
          ]
        ]
      },
      "properties": {
        "osm_id": 1486430874,
        "name": "",
        "highway": "footway",
        "bridge": "yes",
        "sidewalk": "",
        "foot": "",
        "bicycle": "",
        "tags": {
          "bridge": "yes",
          "highway": "footway",
          "layer": "1"
        }
      }
    },
    {
      "type": "Feature",
      "geometry": {
        "type": "LineString",
        "coordinates": [
          [
            -71.047591,
            42.3490629
          ],
          [
            -71.0476756,
            42.3491693
          ]
        ]
      },
      "properties": {
        "osm_id": 1487510241,
        "name": "Summer Street",
        "highway": "cycleway",
        "bridge": "yes",
        "sidewalk": "",
        "foot": "",
        "bicycle": "",
        "tags": {
          "bridge": "yes",
          "highway": "cycleway",
          "layer": "1",
          "lit": "yes",
          "name": "Summer Street",
          "oneway": "yes",
          "surface": "asphalt"
        }
      }
    },
    {
      "type": "Feature",
      "geometry": {
        "type": "LineString",
        "coordinates": [
          [
            -71.0478228,
            42.3489975
          ],
          [
            -71.0475835,
            42.3489554
          ]
        ]
      },
      "properties": {
        "osm_id": 1487510242,
        "name": "Summer Street",
        "highway": "cycleway",
        "bridge": "yes",
        "sidewalk": "",
        "foot": "",
        "bicycle": "",
        "tags": {
          "bridge": "yes",
          "highway": "cycleway",
          "layer": "1",
          "lit": "yes",
          "name": "Summer Street",
          "oneway": "yes",
          "surface": "asphalt"
        }
      }
    },
    {
      "type": "Feature",
      "geometry": {
        "type": "LineString",
        "coordinates": [
          [
            -71.0689765,
            42.3476487
          ],
          [
            -71.0691953,
            42.3479048
          ],
          [
            -71.0692651,
            42.3480253
          ]
        ]
      },
      "properties": {
        "osm_id": 1487821185,
        "name": "",
        "highway": "footway",
        "bridge": "yes",
        "sidewalk": "",
        "foot": "",
        "bicycle": "",
        "tags": {
          "bridge": "yes",
          "footway": "sidewalk",
          "highway": "footway",
          "layer": "1",
          "surface": "concrete"
        }
      }
    },
    {
      "type": "Feature",
      "geometry": {
        "type": "LineString",
        "coordinates": [
          [
            -71.0594436,
            42.3489379
          ],
          [
            -71.0593876,
            42.3489275
          ]
        ]
      },
      "properties": {
        "osm_id": 1489645936,
        "name": "",
        "highway": "footway",
        "bridge": "yes",
        "sidewalk": "",
        "foot": "",
        "bicycle": "",
        "tags": {
          "bridge": "yes",
          "crossing": "traffic_signals",
          "crossing:island": "no",
          "crossing:markings": "lines",
          "footway": "crossing",
          "highway": "footway",
          "layer": "2",
          "surface": "concrete"
        }
      }
    },
    {
      "type": "Feature",
      "geometry": {
        "type": "LineString",
        "coordinates": [
          [
            -71.0592789,
            42.348904
          ],
          [
            -71.0592375,
            42.3488944
          ]
        ]
      },
      "properties": {
        "osm_id": 1489645938,
        "name": "",
        "highway": "footway",
        "bridge": "yes",
        "sidewalk": "",
        "foot": "",
        "bicycle": "",
        "tags": {
          "bridge": "yes",
          "crossing": "traffic_signals",
          "crossing:island": "no",
          "crossing:markings": "lines",
          "footway": "crossing",
          "highway": "footway",
          "layer": "2",
          "surface": "concrete"
        }
      }
    },
    {
      "type": "Feature",
      "geometry": {
        "type": "LineString",
        "coordinates": [
          [
            -71.075664,
            42.3615968
          ],
          [
            -71.0764852,
            42.3616597
          ],
          [
            -71.0775051,
            42.361738
          ],
          [
            -71.0783783,
            42.3618053
          ],
          [
            -71.0785861,
            42.3618194
          ],
          [
            -71.0788216,
            42.3618346
          ],
          [
            -71.0792538,
            42.3618663
          ]
        ]
      },
      "properties": {
        "osm_id": 1501638153,
        "name": "Longfellow Bridge",
        "highway": "trunk",
        "bridge": "yes",
        "sidewalk": "",
        "foot": "yes",
        "bicycle": "",
        "tags": {
          "attribution": "Office of Geographic and Environmental Information (MassGIS)",
          "bridge": "yes",
          "condition": "fair",
          "cycleway:left": "no",
          "cycleway:right": "track",
          "cycleway:right:oneway": "yes",
          "cycleway:right:separation": "flex_post",
          "foot": "yes",
          "highway": "trunk",
          "horse": "no",
          "lanes": "1",
          "layer": "1",
          "lit": "yes",
          "maxspeed": "25 mph",
          "maxweight:signed": "no",
          "name": "Longfellow Bridge",
          "oneway": "yes",
          "parking:both": "no",
          "ref": "MA 3",
          "sidewalk:left": "no",
          "sidewalk:right": "separate",
          "surface": "asphalt"
        }
      }
    },
    {
      "type": "Feature",
      "geometry": {
        "type": "LineString",
        "coordinates": [
          [
            -71.0988058,
            42.3793414
          ],
          [
            -71.0985734,
            42.3793674
          ]
        ]
      },
      "properties": {
        "osm_id": 1510800736,
        "name": "Washington Street",
        "highway": "cycleway",
        "bridge": "yes",
        "sidewalk": "",
        "foot": "",
        "bicycle": "",
        "tags": {
          "bridge": "yes",
          "highway": "cycleway",
          "layer": "1",
          "name": "Washington Street",
          "oneway": "yes",
          "source:width": "ARCore",
          "surface": "asphalt",
          "width": "5'0\""
        }
      }
    },
    {
      "type": "Feature",
      "geometry": {
        "type": "LineString",
        "coordinates": [
          [
            -71.0987676,
            42.3794639
          ],
          [
            -71.0989849,
            42.3794384
          ]
        ]
      },
      "properties": {
        "osm_id": 1510800755,
        "name": "",
        "highway": "footway",
        "bridge": "yes",
        "sidewalk": "",
        "foot": "",
        "bicycle": "",
        "tags": {
          "bridge": "yes",
          "footway": "sidewalk",
          "highway": "footway",
          "layer": "1",
          "surface": "concrete"
        }
      }
    },
    {
      "type": "Feature",
      "geometry": {
        "type": "LineString",
        "coordinates": [
          [
            -71.0438382,
            42.3473223
          ],
          [
            -71.0438225,
            42.3473141
          ],
          [
            -71.0438074,
            42.3473116
          ],
          [
            -71.0437888,
            42.3473111
          ],
          [
            -71.0437715,
            42.347316
          ],
          [
            -71.043753,
            42.3473332
          ]
        ]
      },
      "properties": {
        "osm_id": 1529177364,
        "name": "",
        "highway": "footway",
        "bridge": "yes",
        "sidewalk": "",
        "foot": "",
        "bicycle": "",
        "tags": {
          "bridge": "yes",
          "footway": "sidewalk",
          "highway": "footway",
          "layer": "1",
          "surface": "concrete"
        }
      }
    },
    {
      "type": "Feature",
      "geometry": {
        "type": "LineString",
        "coordinates": [
          [
            -71.0435982,
            42.3471794
          ],
          [
            -71.0435996,
            42.347189
          ],
          [
            -71.0435961,
            42.3472002
          ],
          [
            -71.0435722,
            42.3472332
          ]
        ]
      },
      "properties": {
        "osm_id": 1529177365,
        "name": "",
        "highway": "footway",
        "bridge": "yes",
        "sidewalk": "",
        "foot": "",
        "bicycle": "",
        "tags": {
          "bridge": "yes",
          "footway": "sidewalk",
          "highway": "footway",
          "layer": "1",
          "surface": "concrete"
        }
      }
    },
    {
      "type": "Feature",
      "geometry": {
        "type": "LineString",
        "coordinates": [
          [
            -71.0413445,
            42.365122
          ],
          [
            -71.0410746,
            42.3652435
          ],
          [
            -71.0410553,
            42.3652344
          ],
          [
            -71.0411743,
            42.3651005
          ]
        ]
      },
      "properties": {
        "osm_id": 1537297369,
        "name": "",
        "highway": "footway",
        "bridge": "yes",
        "sidewalk": "",
        "foot": "",
        "bicycle": "",
        "tags": {
          "bridge": "yes",
          "highway": "footway",
          "layer": "1"
        }
      }
    },
    {
      "type": "Feature",
      "geometry": {
        "type": "LineString",
        "coordinates": [
          [
            -71.0450426,
            42.3711318
          ],
          [
            -71.0452342,
            42.3711729
          ]
        ]
      },
      "properties": {
        "osm_id": 1545574154,
        "name": "",
        "highway": "footway",
        "bridge": "yes",
        "sidewalk": "",
        "foot": "",
        "bicycle": "",
        "tags": {
          "bridge": "yes",
          "highway": "footway",
          "layer": "1"
        }
      }
    }
  ]
}