{"type": "FeatureCollection", "features": [{"type": "Feature", "geometry": {"type": "Polygon", "coordinates": [[[-71.1980166, 42.2245977], [-71.1980447, 42.2245202], [-71.1981788, 42.2244298], [-71.1981802, 42.2243226], [-71.1984712, 42.2242431], [-71.1985208, 42.2243087], [-71.1985382, 42.2245431], [-71.1985651, 42.2246414], [-71.1984578, 42.2246791], [-71.1982942, 42.2247149], [-71.1981668, 42.2247059], [-71.1980528, 42.2246811], [-71.1980166, 42.2245977]]]}, "properties": {"name": "Boston Water"}}, {"type": "Feature", "geometry": {"type": "Polygon", "coordinates": [[[-71.1494861, 42.2446206], [-71.1495687, 42.2446826], [-71.1496175, 42.2447457], [-71.1496685, 42.2448053], [-71.1497082, 42.2448395], [-71.1497913, 42.2448792], [-71.1498905, 42.244907], [-71.1499844, 42.2449109], [-71.1500649, 42.2449109], [-71.1502398, 42.2449741], [-71.1503492, 42.2450241], [-71.1504222, 42.2450339], [-71.1504826, 42.2450347], [-71.1505448, 42.245045], [-71.1507387, 42.2451156], [-71.1508454, 42.245177], [-71.15106, 42.2453478], [-71.1511142, 42.2453652], [-71.1511818, 42.2454212], [-71.1511429, 42.2454429], [-71.1511072, 42.2454628], [-71.1510491, 42.245421], [-71.1509728, 42.2453767], [-71.1506689, 42.2451647], [-71.1504678, 42.2451528], [-71.1504007, 42.2451905], [-71.1503685, 42.2452203], [-71.1504001, 42.2452446], [-71.1504409, 42.2452759], [-71.1504892, 42.2453176], [-71.1506362, 42.2454431], [-71.1507515, 42.2455384], [-71.1508379, 42.2455916], [-71.1510096, 42.2456988], [-71.1510642, 42.2457664], [-71.1509438, 42.2458164], [-71.1508628, 42.2458501], [-71.1508167, 42.2458143], [-71.1506907, 42.2457269], [-71.1505642, 42.2456081], [-71.1505452, 42.2455903], [-71.1505389, 42.2455596], [-71.1505209, 42.2454709], [-71.1504892, 42.2454427], [-71.1504055, 42.2453895], [-71.1503492, 42.2453458], [-71.1502569, 42.2453043], [-71.1501837, 42.2452511], [-71.1500979, 42.245204], [-71.1500228, 42.2451649], [-71.1499467, 42.2451452], [-71.1498808, 42.2451254], [-71.1497242, 42.2450747], [-71.1496474, 42.24505], [-71.149593, 42.2450113], [-71.149518, 42.2449764], [-71.1494537, 42.244958], [-71.1494095, 42.2449269], [-71.1493735, 42.2448812], [-71.1493333, 42.2448294], [-71.1492756, 42.2447933], [-71.1492038, 42.2447393], [-71.149073, 42.2446365], [-71.1489952, 42.244573], [-71.148933, 42.2445357], [-71.1488847, 42.2445138], [-71.1488102, 42.2444717], [-71.1487694, 42.2444324], [-71.1487109, 42.2443962], [-71.1485876, 42.244319], [-71.1485473, 42.2442731], [-71.1485072, 42.2442237], [-71.1484078, 42.2441798], [-71.1483166, 42.2441381], [-71.148247, 42.2440767], [-71.1481771, 42.2440189], [-71.1480914, 42.2439695], [-71.148019, 42.2439437], [-71.1479572, 42.2439395], [-71.1479062, 42.2439494], [-71.1478903, 42.2439814], [-71.1479035, 42.2440328], [-71.1479331, 42.2440825], [-71.1479652, 42.2441579], [-71.1479466, 42.2442078], [-71.1479144, 42.2442614], [-71.1478445, 42.2443088], [-71.147748, 42.2443386], [-71.1476596, 42.2443686], [-71.1475523, 42.2443805], [-71.1474503, 42.2443704], [-71.1473324, 42.2443468], [-71.1472331, 42.2443368], [-71.147099, 42.2442971], [-71.1469461, 42.2442475], [-71.1467986, 42.2441919], [-71.1466858, 42.2441321], [-71.1465787, 42.2440608], [-71.1464767, 42.2440013], [-71.1463881, 42.2439455], [-71.1463104, 42.2439159], [-71.1462406, 42.2438978], [-71.1462005, 42.2439179], [-71.1461843, 42.2439554], [-71.1461817, 42.2440132], [-71.1461817, 42.2440628], [-71.1461494, 42.2440944], [-71.1460877, 42.2441262], [-71.1460395, 42.2441899], [-71.1459938, 42.2442751], [-71.1459966, 42.2443329], [-71.1460342, 42.2444024], [-71.1460662, 42.2444677], [-71.1460957, 42.2445193], [-71.1460905, 42.2445771], [-71.1460422, 42.2446247], [-71.1459537, 42.2446883], [-71.1458706, 42.2447617], [-71.1458114, 42.2448708], [-71.1457471, 42.2449879], [-71.1457016, 42.2450953], [-71.1456614, 42.2451787], [-71.1455995, 42.245252], [-71.1455459, 42.2452877], [-71.1454761, 42.2453016], [-71.1454037, 42.2453096], [-71.145318, 42.2453018], [-71.1452347, 42.2453056], [-71.1451865, 42.2453334], [-71.1451759, 42.2453892], [-71.1451598, 42.2454229], [-71.1451276, 42.2454666], [-71.1450765, 42.2454764], [-71.1450282, 42.2454644], [-71.144972, 42.2454329], [-71.1449291, 42.2454071], [-71.1448619, 42.245383], [-71.1447521, 42.2453713], [-71.1446823, 42.2453693], [-71.1446314, 42.2453554], [-71.1446017, 42.2453334], [-71.1445429, 42.2453237], [-71.144457, 42.2453137], [-71.1444007, 42.2453038], [-71.1443256, 42.2452701], [-71.144213, 42.2452363], [-71.1440787, 42.2451865], [-71.1439391, 42.2451388], [-71.1437729, 42.2451229], [-71.1436923, 42.245121], [-71.1435744, 42.2451249], [-71.1434913, 42.2450892], [-71.1434107, 42.2450594], [-71.1433651, 42.2450594], [-71.143333, 42.2450793], [-71.143325, 42.2451388], [-71.1433116, 42.2451825], [-71.1433302, 42.2452222], [-71.1432848, 42.2451905], [-71.1432363, 42.2451686], [-71.1432204, 42.2451488], [-71.1432579, 42.245113], [-71.1432873, 42.2450753], [-71.1432794, 42.2450415], [-71.1432472, 42.2450038], [-71.143172, 42.2449859], [-71.1430539, 42.2449601], [-71.1430273, 42.244982], [-71.1430003, 42.2449959], [-71.1429815, 42.244974], [-71.1429467, 42.2449502], [-71.1428663, 42.2449383], [-71.1428154, 42.2449343], [-71.1427535, 42.2448986], [-71.1426838, 42.2448688], [-71.1425792, 42.2448092], [-71.1424826, 42.2447417], [-71.1424075, 42.2446623], [-71.1423192, 42.244563], [-71.1422119, 42.2444657], [-71.1420964, 42.2443565], [-71.1419891, 42.2442751], [-71.1418845, 42.2442274], [-71.1417505, 42.2441778], [-71.1416458, 42.24415], [-71.1415386, 42.2441441], [-71.1414393, 42.24415], [-71.1413266, 42.2441818], [-71.1412059, 42.2442215], [-71.1410772, 42.2442374], [-71.1409565, 42.2442374], [-71.1407848, 42.2442274], [-71.1405945, 42.2442175], [-71.14042, 42.2442135], [-71.140329, 42.2442354], [-71.1402029, 42.244295], [-71.1400686, 42.2443645], [-71.1399587, 42.2444439], [-71.1398702, 42.2444756], [-71.1398944, 42.2444995], [-71.1399695, 42.2445074], [-71.1400607, 42.2445015], [-71.1401358, 42.2444737], [-71.1402968, 42.2443982], [-71.1404094, 42.2443684], [-71.1404979, 42.2443525], [-71.1405623, 42.2443585], [-71.140632, 42.2443645], [-71.1407018, 42.2443664], [-71.1407527, 42.2443982], [-71.1407794, 42.2444459], [-71.1408091, 42.2444538], [-71.1408654, 42.2444399], [-71.1409512, 42.244426], [-71.1410074, 42.2444399], [-71.1410692, 42.2444478], [-71.1411604, 42.2444399], [-71.141231, 42.2444323], [-71.1413274, 42.24442], [-71.1414081, 42.2444044], [-71.1414702, 42.2443849], [-71.1415464, 42.2443812], [-71.1416066, 42.2443965], [-71.1416548, 42.2444205], [-71.1417613, 42.2444756], [-71.1418417, 42.2445114], [-71.1418846, 42.244563], [-71.1419086, 42.2445948], [-71.1418899, 42.2446186], [-71.1418417, 42.2446325], [-71.1417879, 42.2446226], [-71.1417182, 42.2445928], [-71.1416485, 42.2445928], [-71.1415091, 42.2445908], [-71.1413938, 42.2446087], [-71.1413025, 42.2446385], [-71.1412007, 42.2446623], [-71.1411147, 42.2446524], [-71.1410022, 42.2446603], [-71.1408063, 42.2446722], [-71.1406964, 42.244698], [-71.1405918, 42.244698], [-71.1404522, 42.2447099], [-71.1403449, 42.2447199], [-71.1401761, 42.2447358], [-71.1400581, 42.2447397], [-71.1399801, 42.2447318], [-71.1399158, 42.2447238], [-71.1398165, 42.2447358], [-71.1397146, 42.2447675], [-71.1396019, 42.2447993], [-71.1394464, 42.244839], [-71.1393418, 42.2448966], [-71.1392293, 42.2449661], [-71.1391138, 42.2450316], [-71.1390548, 42.2450832], [-71.1390226, 42.245111], [-71.138977, 42.245115], [-71.1389287, 42.245111], [-71.1388724, 42.245117], [-71.138808, 42.2451527], [-71.1387463, 42.2452004], [-71.1386472, 42.2452461], [-71.1384916, 42.2452957], [-71.1383978, 42.2453453], [-71.1382637, 42.2454109], [-71.138159, 42.2454664], [-71.1381026, 42.2455181], [-71.1380168, 42.2455796], [-71.137923, 42.2456154], [-71.1378102, 42.2456769], [-71.1376763, 42.2457266], [-71.1376146, 42.2457802], [-71.1375581, 42.24581], [-71.1374669, 42.2458457], [-71.1373274, 42.2459112], [-71.1372364, 42.2459627], [-71.1371291, 42.2460263], [-71.1369653, 42.2461098], [-71.1368607, 42.2461535], [-71.1367758, 42.2461749], [-71.1366774, 42.2461827], [-71.1366242, 42.2461984], [-71.1365725, 42.2462243], [-71.1365281, 42.2462258], [-71.1364994, 42.2461928], [-71.1364713, 42.2461431], [-71.136451, 42.2460836], [-71.1364532, 42.2459806], [-71.1364585, 42.2458376], [-71.1364827, 42.2458039], [-71.1364827, 42.2457782], [-71.1364584, 42.2457603], [-71.1364345, 42.2457544], [-71.1362519, 42.2457544], [-71.1362197, 42.2457961], [-71.1361634, 42.2458914], [-71.1361312, 42.2459926], [-71.1360937, 42.2461553], [-71.136099, 42.2462527], [-71.136099, 42.2463341], [-71.1360669, 42.2463996], [-71.1360026, 42.2464492], [-71.1359032, 42.2465108], [-71.1358738, 42.2465683], [-71.1358604, 42.2466219], [-71.1358308, 42.2466836], [-71.1357852, 42.2467412], [-71.1357181, 42.2468047], [-71.1356512, 42.2468403], [-71.135592, 42.2468623], [-71.1355464, 42.246898], [-71.1355008, 42.2469119], [-71.1354607, 42.2469356], [-71.1354017, 42.2469416], [-71.1352971, 42.2469317], [-71.1351952, 42.2469198], [-71.1351335, 42.2469218], [-71.1350556, 42.2469357], [-71.1349698, 42.2469457], [-71.1348868, 42.2469575], [-71.134841, 42.2469953], [-71.1347498, 42.2470569], [-71.1346722, 42.2471104], [-71.1346318, 42.2471681], [-71.1346024, 42.2472255], [-71.1345515, 42.2472513], [-71.1344843, 42.2472812], [-71.1344065, 42.2473249], [-71.1343046, 42.2473567], [-71.1341866, 42.2473805], [-71.1340471, 42.2474004], [-71.1339855, 42.2474062], [-71.1339399, 42.2473883], [-71.1339103, 42.2473646], [-71.1338809, 42.2472891], [-71.1338406, 42.2472236], [-71.1338273, 42.2471759], [-71.1338005, 42.2471342], [-71.1337681, 42.2470747], [-71.1337146, 42.2469912], [-71.1336932, 42.2469396], [-71.1336717, 42.2468781], [-71.1336824, 42.2468403], [-71.1336744, 42.2468086], [-71.1336614, 42.2467884], [-71.1334275, 42.2468126], [-71.1334049, 42.2466932], [-71.1333853, 42.24659], [-71.1336047, 42.2465584], [-71.1335778, 42.2464353], [-71.1335698, 42.2463638], [-71.1335725, 42.2462506], [-71.1336072, 42.2461971], [-71.1336368, 42.2461653], [-71.1336984, 42.2461455], [-71.1338246, 42.2461315], [-71.1340365, 42.2461037], [-71.1342564, 42.2460739], [-71.1344254, 42.2460541], [-71.1345542, 42.2460223], [-71.134589, 42.2459925], [-71.1346346, 42.2459429], [-71.1347392, 42.2459032], [-71.1348196, 42.2458457], [-71.1348732, 42.2457722], [-71.1349431, 42.2457087], [-71.1349887, 42.245665], [-71.1350502, 42.2456451], [-71.1350799, 42.2455955], [-71.1350879, 42.245532], [-71.1351092, 42.2454684], [-71.1351201, 42.2454128], [-71.1351657, 42.2453513], [-71.1352354, 42.2452937], [-71.135324, 42.2452679], [-71.1354876, 42.2452361], [-71.1356324, 42.2452103], [-71.1358202, 42.2451984], [-71.1359435, 42.2451984], [-71.1360347, 42.2452183], [-71.1360937, 42.2452639], [-71.1361528, 42.2453235], [-71.1362359, 42.2455201], [-71.1362653, 42.2455578], [-71.1364585, 42.2455538], [-71.1364827, 42.2455359], [-71.1365013, 42.2455121], [-71.1364852, 42.2454863], [-71.1364666, 42.2454605], [-71.1364451, 42.2452341], [-71.1364451, 42.2451587], [-71.1364746, 42.2450773], [-71.1365281, 42.2450038], [-71.1366463, 42.2449224], [-71.1368312, 42.2448231], [-71.1370137, 42.2447655], [-71.1371586, 42.2447199], [-71.1372954, 42.2446702], [-71.1374617, 42.2446127], [-71.1376091, 42.2445789], [-71.137746, 42.2445332], [-71.1379364, 42.2444915], [-71.1380196, 42.2445015], [-71.1381564, 42.2444737], [-71.1384112, 42.2444121], [-71.138631, 42.2443426], [-71.1386982, 42.244293], [-71.1387892, 42.2442592], [-71.1389369, 42.2442116], [-71.1391515, 42.244146], [-71.1392936, 42.2441361], [-71.1394063, 42.2441143], [-71.1395832, 42.2440726], [-71.1396986, 42.2440348], [-71.1397469, 42.2440507], [-71.1397881, 42.2440669], [-71.1398327, 42.2440646], [-71.139932, 42.2440329], [-71.1400527, 42.2439951], [-71.1401653, 42.2439713], [-71.1402968, 42.2439594], [-71.1404577, 42.2439594], [-71.1405596, 42.2439733], [-71.1407474, 42.2439653], [-71.1408922, 42.2439733], [-71.141029, 42.2439812], [-71.1411792, 42.2439912], [-71.1412731, 42.2439832], [-71.1413562, 42.2439634], [-71.1414474, 42.2439256], [-71.1415681, 42.2439018], [-71.1416888, 42.24388], [-71.1418042, 42.2438581], [-71.1418605, 42.2438442], [-71.1419222, 42.2438363], [-71.1419758, 42.2438621], [-71.1420402, 42.2438879], [-71.142126, 42.2438998], [-71.142185, 42.2439316], [-71.1422628, 42.2440011], [-71.1423326, 42.2440785], [-71.142437, 42.2442294], [-71.1424907, 42.2443009], [-71.1425793, 42.2443664], [-71.1426839, 42.2444359], [-71.14281, 42.2444796], [-71.1430004, 42.2445332], [-71.143113, 42.2445868], [-71.1432685, 42.2446444], [-71.1434081, 42.2447159], [-71.1434859, 42.2447794], [-71.1435744, 42.244843], [-71.1436737, 42.2449145], [-71.1437674, 42.2449562], [-71.1438775, 42.244984], [-71.1439766, 42.2449979], [-71.1441162, 42.2450118], [-71.1442717, 42.2450535], [-71.1444031, 42.2450932], [-71.1445266, 42.245111], [-71.1446634, 42.245115], [-71.1447814, 42.2451031], [-71.1448914, 42.2450971], [-71.1449987, 42.2450971], [-71.1451032, 42.2451249], [-71.1451838, 42.2451428], [-71.1452535, 42.2451408], [-71.1453474, 42.245117], [-71.1454091, 42.2450693], [-71.1454627, 42.2450217], [-71.1455271, 42.2449522], [-71.1455566, 42.2448906], [-71.1455888, 42.2448231], [-71.1455915, 42.2447576], [-71.1455861, 42.2447], [-71.1455593, 42.2446484], [-71.1455673, 42.2445829], [-71.145586, 42.2445015], [-71.1455951, 42.244476], [-71.1456263, 42.2443883], [-71.1456826, 42.244295], [-71.1457497, 42.2442453], [-71.1457551, 42.2442135], [-71.1457336, 42.2441599], [-71.1456664, 42.2441182], [-71.1457068, 42.2440626], [-71.145806, 42.2440607], [-71.1458731, 42.2440408], [-71.1458972, 42.2439991], [-71.1459214, 42.2439375], [-71.1459776, 42.2438661], [-71.1460582, 42.2437787], [-71.1461386, 42.2437171], [-71.1461815, 42.2436854], [-71.146254, 42.2436695], [-71.1463156, 42.2436675], [-71.1463666, 42.2436834], [-71.1463961, 42.2437152], [-71.1464203, 42.2437648], [-71.1464443, 42.2437946], [-71.146498, 42.2438184], [-71.1465703, 42.2438383], [-71.1466321, 42.2438681], [-71.1466858, 42.2439177], [-71.1467636, 42.2439614], [-71.1468627, 42.2440011], [-71.14697, 42.2440468], [-71.1470892, 42.2440939], [-71.1471643, 42.2441398], [-71.1472625, 42.2441857], [-71.1473617, 42.2442076], [-71.147469, 42.2442195], [-71.1475495, 42.2442255], [-71.1475897, 42.2442155], [-71.1476165, 42.2441798], [-71.1476566, 42.2441123], [-71.1477022, 42.2439713], [-71.1477265, 42.2439495], [-71.1477158, 42.2439276], [-71.1476808, 42.2439038], [-71.1476782, 42.24387], [-71.1476997, 42.2438244], [-71.1477265, 42.2437807], [-71.147772, 42.2437549], [-71.147866, 42.2437191], [-71.1479625, 42.2437112], [-71.1480537, 42.2437251], [-71.1481369, 42.2437569], [-71.14822, 42.2438085], [-71.1483461, 42.24387], [-71.14844, 42.2439236], [-71.1485446, 42.244011], [-71.1486438, 42.2440289], [-71.1487349, 42.2440587], [-71.1488316, 42.2441262], [-71.1489012, 42.2441838], [-71.149006, 42.244297], [-71.1490703, 42.2443228], [-71.1491503, 42.2443411], [-71.1492146, 42.2443768], [-71.1492763, 42.2444264], [-71.1494861, 42.2446206]]]}, "properties": {"name": "Boston Water"}}, {"type": "Feature", "geometry": {"type": "Polygon", "coordinates": [[[-71.1548024, 42.2510037], [-71.1547298, 42.2510138], [-71.1546737, 42.2510295], [-71.1546226, 42.2510397], [-71.1545823, 42.2510416], [-71.154534, 42.2510277], [-71.1544859, 42.2510315], [-71.154416, 42.2510138], [-71.1543276, 42.2509839], [-71.1542256, 42.2509702], [-71.1541183, 42.2509721], [-71.1540299, 42.2509839], [-71.153928, 42.2509779], [-71.1538447, 42.2509821], [-71.1537483, 42.2509997], [-71.1536812, 42.2510097], [-71.1536169, 42.2509997], [-71.1535659, 42.2509779], [-71.1535336, 42.2509364], [-71.1534987, 42.2508987], [-71.1534585, 42.2508709], [-71.1533996, 42.2508667], [-71.1533297, 42.2508491], [-71.1532655, 42.2508171], [-71.1532038, 42.2507833], [-71.1531448, 42.2507436], [-71.1530831, 42.2506861], [-71.1530427, 42.2506247], [-71.1529971, 42.2505949], [-71.1529757, 42.2505592], [-71.152965, 42.2505036], [-71.1529971, 42.2503944], [-71.1530105, 42.250315], [-71.153024, 42.2501978], [-71.1530293, 42.2500986], [-71.1530615, 42.2500211], [-71.1530722, 42.2499278], [-71.1530481, 42.2498603], [-71.1530347, 42.2497849], [-71.1530563, 42.2497053], [-71.1530409, 42.2496444], [-71.1529903, 42.2495806], [-71.1529247, 42.2495109], [-71.1528469, 42.2494374], [-71.1527827, 42.2493737], [-71.1527237, 42.249334], [-71.1526844, 42.249249], [-71.1526417, 42.2491792], [-71.1525851, 42.2491217], [-71.1525393, 42.2490898], [-71.1525098, 42.2490372], [-71.1524984, 42.2489791], [-71.1524736, 42.2489298], [-71.1524491, 42.248891], [-71.1524109, 42.2488624], [-71.152347, 42.2488382], [-71.1523289, 42.2488126], [-71.1523263, 42.2487726], [-71.1523393, 42.2487167], [-71.1523525, 42.2486472], [-71.1523479, 42.2485693], [-71.1523427, 42.2484937], [-71.1523451, 42.2484417], [-71.152369, 42.2483925], [-71.1523773, 42.2483461], [-71.1524071, 42.2483044], [-71.1524414, 42.248261], [-71.1524678, 42.2481995], [-71.1525014, 42.2481591], [-71.1525396, 42.2481368], [-71.1525887, 42.2481232], [-71.1526621, 42.2481092], [-71.1527589, 42.2480946], [-71.1528517, 42.2480919], [-71.1528781, 42.248081], [-71.1528905, 42.2480598], [-71.1529126, 42.2479844], [-71.1531735, 42.2479302], [-71.1531876, 42.2479861], [-71.153201, 42.2480476], [-71.1531996, 42.2481093], [-71.1532144, 42.2481906], [-71.1532318, 42.2482545], [-71.153251, 42.2483138], [-71.1532832, 42.2483738], [-71.1533513, 42.2484941], [-71.1533895, 42.2485772], [-71.1534507, 42.2486723], [-71.1535123, 42.2487864], [-71.1535308, 42.2488607], [-71.1535363, 42.2489272], [-71.153531, 42.2490481], [-71.1535499, 42.2491269], [-71.1535801, 42.2492129], [-71.1536331, 42.2492898], [-71.1537078, 42.2493511], [-71.1537833, 42.2494089], [-71.1538583, 42.249467], [-71.1538984, 42.249501], [-71.1539547, 42.2495526], [-71.1540083, 42.2495744], [-71.1540807, 42.2495843], [-71.1541988, 42.2495943], [-71.15429, 42.2496141], [-71.1543677, 42.2496419], [-71.1543893, 42.2496715], [-71.1543142, 42.2496953], [-71.1542445, 42.2496993], [-71.1541667, 42.2496874], [-71.1540539, 42.2496459], [-71.1539252, 42.2495903], [-71.1538689, 42.2495704], [-71.15381, 42.2495325], [-71.153759, 42.2494789], [-71.1536865, 42.2494235], [-71.1536221, 42.2493818], [-71.1535364, 42.2493459], [-71.1534853, 42.2493441], [-71.1534343, 42.2493481], [-71.1533887, 42.2493818], [-71.1533594, 42.2494928], [-71.1533594, 42.249598], [-71.1533458, 42.2496896], [-71.1533057, 42.249737], [-71.1532548, 42.2497529], [-71.1532118, 42.2497946], [-71.1531903, 42.2498563], [-71.1532065, 42.2499296], [-71.1532224, 42.2500053], [-71.1532521, 42.2500984], [-71.153319, 42.2501859], [-71.1533433, 42.2502651], [-71.1533567, 42.2503366], [-71.1533458, 42.2503745], [-71.1533163, 42.2503785], [-71.1532815, 42.2503408], [-71.153268, 42.2502792], [-71.1532519, 42.2502098], [-71.1532224, 42.2501879], [-71.1531688, 42.2501839], [-71.1531312, 42.2502117], [-71.1531233, 42.2502771], [-71.1531042, 42.2503655], [-71.1530615, 42.2505294], [-71.1530776, 42.2505651], [-71.1531205, 42.2506068], [-71.15315, 42.2506267], [-71.1532065, 42.2506444], [-71.1532815, 42.2506565], [-71.1533486, 42.250692], [-71.1534236, 42.2507279], [-71.1535014, 42.2507657], [-71.1535927, 42.2507814], [-71.1536812, 42.2507754], [-71.1537617, 42.2507794], [-71.1538313, 42.2508074], [-71.153944, 42.2508312], [-71.1540352, 42.2508411], [-71.1541855, 42.2508409], [-71.1543168, 42.2508411], [-71.1543999, 42.2508491], [-71.1545045, 42.2508332], [-71.1545555, 42.2508232], [-71.1546038, 42.2507954], [-71.1547567, 42.2507577], [-71.1548666, 42.2507279], [-71.1549472, 42.2507119], [-71.1551109, 42.2507198], [-71.1552208, 42.2507317], [-71.1552718, 42.2507476], [-71.155328, 42.2507597], [-71.1553898, 42.2507655], [-71.1554848, 42.2507501], [-71.1555853, 42.2507351], [-71.1555768, 42.2508521], [-71.1553981, 42.2508866], [-71.1550308, 42.2509853], [-71.1549476, 42.2509929], [-71.154872, 42.2510039], [-71.1548024, 42.2510037]]]}, "properties": {"name": "Boston Water"}}, {"type": "Feature", "geometry": {"type": "Polygon", "coordinates": [[[-71.2047086, 42.2483382], [-71.2045691, 42.2483739], [-71.204466, 42.2483961], [-71.2043024, 42.2483912], [-71.2041513, 42.2483143], [-71.2037331, 42.2483357], [-71.2035761, 42.2482363], [-71.2034851, 42.2482496], [-71.2031569, 42.2484648], [-71.2031442, 42.2486043], [-71.2032102, 42.2487395], [-71.2033008, 42.2487848], [-71.203918, 42.2489754], [-71.203948, 42.249025], [-71.2039475, 42.2491465], [-71.203923, 42.2491915], [-71.2037837, 42.2491776], [-71.2036587, 42.2491818], [-71.2036609, 42.2494131], [-71.2036847, 42.2495032], [-71.203757, 42.2495799], [-71.2039433, 42.249662], [-71.204067, 42.2496915], [-71.2041911, 42.2496879], [-71.204281, 42.2496837], [-71.2044105, 42.2497009], [-71.2045175, 42.2496888], [-71.2046695, 42.2496475], [-71.2047869, 42.2496141], [-71.2048958, 42.2496413], [-71.2048711, 42.2497493], [-71.2047005, 42.2499559], [-71.2046575, 42.2500684], [-71.204586, 42.2500986], [-71.204507, 42.2501445], [-71.2044674, 42.2501906], [-71.2044501, 42.2502867], [-71.204433, 42.2503536], [-71.2044214, 42.2504043], [-71.2043988, 42.2504205], [-71.2043537, 42.2504165], [-71.2042919, 42.250387], [-71.2041515, 42.250336], [-71.203831, 42.2502519], [-71.2037843, 42.2502282], [-71.2037665, 42.2501426], [-71.2037062, 42.2500884], [-71.2033613, 42.2499885], [-71.2031316, 42.2498709], [-71.202932, 42.2497983], [-71.2028656, 42.2497396], [-71.2028359, 42.2496135], [-71.2027635, 42.2495458], [-71.2026546, 42.2495185], [-71.202376, 42.2495043], [-71.2023159, 42.2493871], [-71.2022313, 42.2493374], [-71.2021386, 42.2493563], [-71.2021219, 42.2494181], [-71.2021216, 42.2494811], [-71.2021755, 42.2496028], [-71.2021613, 42.2497328], [-71.2021328, 42.2498036], [-71.2020876, 42.249858], [-71.2020705, 42.2498828], [-71.2020256, 42.2498826], [-71.2019917, 42.2498747], [-71.2019243, 42.2498492], [-71.2016837, 42.2498311], [-71.2015504, 42.2498353], [-71.2014835, 42.2498846], [-71.2014711, 42.2499476], [-71.2015604, 42.2502764], [-71.2015476, 42.250416], [-71.2016039, 42.2504836], [-71.2016007, 42.2505658], [-71.2015795, 42.2506158], [-71.2014978, 42.2507], [-71.2014249, 42.2507583], [-71.2013399, 42.2507806], [-71.2012736, 42.2507219], [-71.2011224, 42.2506495], [-71.2010679, 42.2506448], [-71.2008504, 42.2505137], [-71.2007355, 42.2504729], [-71.2005901, 42.2504635], [-71.2005229, 42.2505849], [-71.2005226, 42.2506479], [-71.2006009, 42.2507517], [-71.2006067, 42.2508012], [-71.2006853, 42.2508374], [-71.2007274, 42.2508915], [-71.2007211, 42.25095], [-71.2006604, 42.2509769], [-71.2006599, 42.2510759], [-71.2006233, 42.2511389], [-71.2007076, 42.2512471], [-71.2007194, 42.2513102], [-71.2006933, 42.2517062], [-71.2006748, 42.2517647], [-71.2005836, 42.25185], [-71.2006374, 42.2519897], [-71.2005766, 42.2520345], [-71.200413, 42.2520296], [-71.2001893, 42.25193], [-71.200111, 42.2518353], [-71.2001172, 42.2518083], [-71.2001901, 42.2517679], [-71.2001842, 42.2517319], [-71.2001301, 42.2516507], [-71.2000757, 42.2516236], [-71.2000392, 42.2516415], [-71.200041, 42.2516736], [-71.2000296, 42.2517152], [-71.2000237, 42.2517484], [-71.1999955, 42.2517612], [-71.1999805, 42.2517597], [-71.1999506, 42.2517566], [-71.1999368, 42.2517493], [-71.1999281, 42.2517442], [-71.1998832, 42.2517148], [-71.1998609, 42.251677], [-71.1998722, 42.2516518], [-71.1999182, 42.2516142], [-71.1999245, 42.2515602], [-71.1998285, 42.2513484], [-71.1997621, 42.2512987], [-71.1997015, 42.2513075], [-71.1996592, 42.2512849], [-71.199617, 42.2512263], [-71.1995993, 42.2511272], [-71.199618, 42.2510282], [-71.199594, 42.2509651], [-71.1994183, 42.2509782], [-71.1988431, 42.2508911], [-71.1985868, 42.2508364], [-71.1985306, 42.2508155], [-71.1985194, 42.2507817], [-71.1985254, 42.2507316], [-71.1985264, 42.2507052], [-71.1985257, 42.2506601], [-71.1985485, 42.2506101], [-71.198588, 42.250581], [-71.1986443, 42.2505687], [-71.1989783, 42.2504953], [-71.1993546, 42.2503523], [-71.1994883, 42.2502626], [-71.1995249, 42.2502042], [-71.1995253, 42.2501276], [-71.1994893, 42.2500645], [-71.1991458, 42.249663], [-71.1990679, 42.2494827], [-71.1989961, 42.2494184], [-71.198968, 42.2493761], [-71.1989682, 42.249339], [-71.1989684, 42.2493013], [-71.1989854, 42.249276], [-71.1990362, 42.2492593], [-71.1990869, 42.2492639], [-71.1994017, 42.2493694], [-71.1997667, 42.2495335], [-71.1998961, 42.2495462], [-71.1999807, 42.2495211], [-71.2000374, 42.2494712], [-71.2000208, 42.2494087], [-71.1999703, 42.2493664], [-71.1998297, 42.2493035], [-71.1997372, 42.249215], [-71.1997261, 42.2491941], [-71.1997149, 42.2491479], [-71.1997376, 42.2491272], [-71.1998108, 42.2491274], [-71.1998841, 42.249136], [-71.1999235, 42.2491192], [-71.1999406, 42.2490776], [-71.1999802, 42.2490276], [-71.2000366, 42.248998], [-71.2001436, 42.2489904], [-71.2002448, 42.249007], [-71.2003011, 42.2490448], [-71.2003457, 42.2490871], [-71.2003739, 42.2490872], [-71.200408, 42.249062], [-71.2004305, 42.2490243], [-71.2004707, 42.2489243], [-71.2007113, 42.2488461], [-71.2010871, 42.2484718], [-71.2011761, 42.2483904], [-71.2012188, 42.2483185], [-71.2012256, 42.2481655], [-71.2012711, 42.2480767], [-71.2013128, 42.2479784], [-71.2014239, 42.247888], [-71.2015641, 42.2478372], [-71.2017593, 42.2478101], [-71.202024, 42.2478069], [-71.2022042, 42.247786], [-71.2023169, 42.2477362], [-71.2024014, 42.2477156], [-71.202469, 42.2477073], [-71.2026829, 42.2477332], [-71.2029306, 42.2477169], [-71.2030995, 42.2477005], [-71.2032233, 42.2477177], [-71.2032626, 42.2477431], [-71.2033132, 42.2477725], [-71.2034258, 42.2477807], [-71.2036677, 42.2477942], [-71.2040618, 42.2478161], [-71.2042982, 42.2477874], [-71.2044391, 42.2477355], [-71.2045953, 42.2477482], [-71.204735, 42.2477486], [-71.2047594, 42.2477847], [-71.2048211, 42.247831], [-71.2048996, 42.2479285], [-71.2047457, 42.2481718], [-71.2047451, 42.2483023], [-71.2047086, 42.2483382]]]}, "properties": {"name": "Boston Water"}}, {"type": "Feature", "geometry": {"type": "Polygon", "coordinates": [[[-71.1866626, 42.256221], [-71.1867651, 42.2562831], [-71.1868941, 42.2563527], [-71.1871215, 42.2564473], [-71.1870873, 42.256508], [-71.1869449, 42.2566252], [-71.1867643, 42.2567569], [-71.1867013, 42.2568198], [-71.1866472, 42.2568562], [-71.1865917, 42.256865], [-71.1865211, 42.2568468], [-71.1864584, 42.2567848], [-71.1863669, 42.2565842], [-71.1864004, 42.2563969], [-71.1864272, 42.2562783], [-71.1863052, 42.2560574], [-71.1862314, 42.2558585], [-71.1862741, 42.2558699], [-71.1863647, 42.2559298], [-71.1864781, 42.2560033], [-71.1865743, 42.2561324], [-71.1866626, 42.256221]]]}, "properties": {"name": "Boston Water"}}, {"type": "Feature", "geometry": {"type": "Polygon", "coordinates": [[[-71.1864752, 42.2573526], [-71.1864606, 42.2574392], [-71.186433, 42.2574734], [-71.1862099, 42.2574672], [-71.1860224, 42.2574436], [-71.1859195, 42.2574298], [-71.1857955, 42.2573417], [-71.1858036, 42.2572753], [-71.1858314, 42.2572366], [-71.1859579, 42.2572004], [-71.1860843, 42.2571045], [-71.1862541, 42.2569907], [-71.1864467, 42.2569687], [-71.1865017, 42.2569768], [-71.1864966, 42.2571219], [-71.1864908, 42.2572305], [-71.1864752, 42.2573526]]]}, "properties": {"name": "Boston Water"}}, {"type": "Feature", "geometry": {"type": "Polygon", "coordinates": [[[-71.1450082, 42.2583752], [-71.1450059, 42.2582908], [-71.1450211, 42.2582076], [-71.1450577, 42.2581295], [-71.1450765, 42.2580772], [-71.1450998, 42.2580238], [-71.1451586, 42.2579233], [-71.1452408, 42.2578628], [-71.1453103, 42.2578664], [-71.1453773, 42.2578677], [-71.1454026, 42.2578492], [-71.1454288, 42.2578426], [-71.1455049, 42.2578338], [-71.1455773, 42.2578351], [-71.1456722, 42.2578495], [-71.1457701, 42.257865], [-71.1458454, 42.257863], [-71.1459059, 42.2578491], [-71.1459818, 42.2578257], [-71.1460463, 42.2577972], [-71.1460939, 42.2577546], [-71.1461532, 42.2577261], [-71.1461963, 42.257729], [-71.1462168, 42.2577566], [-71.1462232, 42.2577949], [-71.1461931, 42.2578708], [-71.1461465, 42.2579635], [-71.1461248, 42.2580169], [-71.1460929, 42.2581001], [-71.1460622, 42.2581782], [-71.1460227, 42.2582687], [-71.1459798, 42.2583512], [-71.1459146, 42.2584591], [-71.1458904, 42.2585226], [-71.1458298, 42.2585865], [-71.1457788, 42.2586427], [-71.1457238, 42.2587156], [-71.1456708, 42.2587926], [-71.1456275, 42.2588352], [-71.1455908, 42.25887], [-71.1455301, 42.2588596], [-71.1454895, 42.2588668], [-71.1454504, 42.2588847], [-71.1453878, 42.2588733], [-71.1453342, 42.2588641], [-71.1452922, 42.2588336], [-71.1452396, 42.2587468], [-71.1451914, 42.2586633], [-71.1451211, 42.2585742], [-71.1450473, 42.2584699], [-71.1450082, 42.2583752]]]}, "properties": {"name": "Boston Water"}}, {"type": "Feature", "geometry": {"type": "Polygon", "coordinates": [[[-71.166296, 42.3611365], [-71.1662491, 42.3610544], [-71.1662031, 42.3609847], [-71.1661659, 42.3609144], [-71.1661146, 42.360853], [-71.1660898, 42.3607867], [-71.1660545, 42.3607463], [-71.1660483, 42.3606948], [-71.1660552, 42.3606423], [-71.1660859, 42.3606013], [-71.1661113, 42.3605637], [-71.1661296, 42.3605277], [-71.1661738, 42.3604937], [-71.1662464, 42.3604707], [-71.1663399, 42.360484], [-71.1664113, 42.3605125], [-71.166505, 42.3605324], [-71.1666328, 42.3605392], [-71.166814, 42.3605375], [-71.1669775, 42.3605328], [-71.1670671, 42.3605218], [-71.1671445, 42.3605085], [-71.1671954, 42.3604997], [-71.1672537, 42.360488], [-71.1673453, 42.360486], [-71.1674128, 42.3604915], [-71.1674616, 42.3604974], [-71.1675206, 42.3605005], [-71.1675648, 42.3605204], [-71.1676054, 42.3605419], [-71.1676119, 42.3605836], [-71.1675962, 42.3606239], [-71.1676125, 42.3606809], [-71.1676592, 42.3607514], [-71.1677169, 42.3608056], [-71.1678014, 42.3608379], [-71.1678756, 42.3608589], [-71.167941, 42.3608687], [-71.1680243, 42.3608689], [-71.1680954, 42.3608585], [-71.1681582, 42.3608553], [-71.1682249, 42.3608442], [-71.1682943, 42.3608438], [-71.1683609, 42.3608339], [-71.1683975, 42.3608351], [-71.1684515, 42.3608516], [-71.1684724, 42.3608882], [-71.1684551, 42.3609225], [-71.1682796, 42.3610025], [-71.1680377, 42.3611334], [-71.1678492, 42.3612004], [-71.1676959, 42.3612297], [-71.1675856, 42.3612618], [-71.1674879, 42.3612732], [-71.1673908, 42.3612842], [-71.1673155, 42.3613092], [-71.1672548, 42.3613684], [-71.1671848, 42.3614218], [-71.1671059, 42.3614528], [-71.167026, 42.3614688], [-71.1669399, 42.3614707], [-71.1668469, 42.3614585], [-71.1667344, 42.36142], [-71.1666462, 42.3613924], [-71.1665872, 42.3613724], [-71.1665514, 42.3613504], [-71.1665094, 42.3613225], [-71.1664724, 42.3612836], [-71.1664, 42.3612339], [-71.1663466, 42.361189], [-71.166296, 42.3611365]]]}, "properties": {"name": "Boston Water"}}, {"type": "Feature", "geometry": {"type": "Polygon", "coordinates": [[[-71.1623823, 42.3944456], [-71.1623259, 42.3943818], [-71.1622964, 42.3943294], [-71.1622744, 42.3942174], [-71.1623031, 42.3939107], [-71.1623191, 42.3938445], [-71.1623709, 42.3937337], [-71.1624239, 42.3936279], [-71.1625177, 42.3934617], [-71.1625787, 42.3934205], [-71.1630013, 42.393265], [-71.1631169, 42.3932222], [-71.1632714, 42.3930357], [-71.1637401, 42.3929168], [-71.1649234, 42.3931541], [-71.16635, 42.3935143], [-71.1668061, 42.3935566], [-71.1668107, 42.3935743], [-71.1668151, 42.39359], [-71.1667856, 42.3936009], [-71.1667353, 42.3938196], [-71.1666525, 42.3939705], [-71.1664749, 42.3941991], [-71.1657195, 42.3944584], [-71.165049, 42.3946166], [-71.1638848, 42.3947823], [-71.1632408, 42.3947397], [-71.1629769, 42.3946775], [-71.1627552, 42.3946123], [-71.1625443, 42.3945346], [-71.1623823, 42.3944456]]]}, "properties": {"name": "Boston Water"}}, {"type": "Feature", "geometry": {"type": "Polygon", "coordinates": [[[-71.1829808, 42.3992148], [-71.1830129, 42.3991915], [-71.1830626, 42.3991855], [-71.1831236, 42.399175], [-71.1831652, 42.3991751], [-71.1832041, 42.399185], [-71.1832778, 42.3992103], [-71.1833301, 42.3992078], [-71.1833583, 42.3991865], [-71.1833965, 42.3991722], [-71.1834334, 42.3991791], [-71.1834564, 42.3992009], [-71.1834736, 42.3992162], [-71.1834904, 42.399239], [-71.1834797, 42.3992578], [-71.1834615, 42.3992796], [-71.1834729, 42.399295], [-71.183485, 42.3993232], [-71.1834847, 42.3993484], [-71.1834569, 42.399398], [-71.1834032, 42.3994406], [-71.1833545, 42.3994501], [-71.1833147, 42.3994599], [-71.1832792, 42.3994599], [-71.1832597, 42.3994425], [-71.1832376, 42.3994128], [-71.1832067, 42.3994143], [-71.1832041, 42.3994341], [-71.1832128, 42.3994594], [-71.1832041, 42.3994841], [-71.1831699, 42.3994926], [-71.1831269, 42.399493], [-71.1830934, 42.3994752], [-71.1830559, 42.3994416], [-71.1830129, 42.3994138], [-71.1829566, 42.3993608], [-71.1829432, 42.3993272], [-71.1829499, 42.3992638], [-71.1829605, 42.3992447], [-71.1829808, 42.3992148]]]}, "properties": {"name": "Boston Water"}}, {"type": "Feature", "geometry": {"type": "Polygon", "coordinates": [[[-71.1849412, 42.4044692], [-71.1850011, 42.4045656], [-71.1849535, 42.4047031], [-71.1849166, 42.4047392], [-71.1848553, 42.4047599], [-71.1848352, 42.4047925], [-71.1848114, 42.4048602], [-71.1848169, 42.404918], [-71.1847902, 42.4049392], [-71.1847744, 42.4049471], [-71.1847431, 42.4049549], [-71.1845756, 42.4049086], [-71.1845005, 42.4048699], [-71.1844646, 42.4048171], [-71.1844615, 42.4047733], [-71.1844901, 42.404645], [-71.1845797, 42.4045279], [-71.1846597, 42.4044895], [-71.1847065, 42.4044795], [-71.1847455, 42.4044521], [-71.1847635, 42.4043935], [-71.1847926, 42.4043807], [-71.1848421, 42.4043714], [-71.184925, 42.4044081], [-71.1849394, 42.4044468], [-71.1849412, 42.4044692]]]}, "properties": {"name": "Boston Water"}}, {"type": "Feature", "geometry": {"type": "Polygon", "coordinates": [[[-71.1557458, 42.4088307], [-71.1558861, 42.4089988], [-71.1558949, 42.409135], [-71.1558329, 42.4092924], [-71.1557615, 42.4094458], [-71.155695, 42.4095154], [-71.1556433, 42.4095253], [-71.1555821, 42.409515], [-71.1555445, 42.4095217], [-71.1554926, 42.4095249], [-71.1554175, 42.409483], [-71.1553568, 42.4093607], [-71.1552819, 42.40928], [-71.1552163, 42.4092343], [-71.1550659, 42.4091708], [-71.1548686, 42.4090937], [-71.1547232, 42.4090235], [-71.154681, 42.4089536], [-71.1546581, 42.4088382], [-71.1546493, 42.4087155], [-71.1546407, 42.4085934], [-71.1546551, 42.408527], [-71.1546836, 42.4084854], [-71.1547075, 42.4084329], [-71.1548106, 42.4083884], [-71.1549227, 42.4084252], [-71.1550514, 42.4083954], [-71.1551454, 42.4084131], [-71.1552535, 42.4084624], [-71.155455, 42.4086307], [-71.1556522, 42.4087359], [-71.1557458, 42.4088307]]]}, "properties": {"name": "Boston Water"}}, {"type": "Feature", "geometry": {"type": "Polygon", "coordinates": [[[-71.080536, 42.2692912], [-71.0805503, 42.2692464], [-71.0805935, 42.2692148], [-71.080687, 42.2691542], [-71.0807773, 42.2691068], [-71.0808519, 42.269066], [-71.0809201, 42.2690334], [-71.0809943, 42.2689769], [-71.0810675, 42.2689257], [-71.081168, 42.2688874], [-71.0813354, 42.2688503], [-71.0815024, 42.2688068], [-71.0817751, 42.2687232], [-71.0819769, 42.2686704], [-71.0820856, 42.268642], [-71.0821847, 42.2686288], [-71.0822625, 42.2686336], [-71.0823684, 42.2686506], [-71.0824241, 42.2686673], [-71.0824785, 42.2686842], [-71.0824974, 42.2687143], [-71.0824893, 42.2687575], [-71.082422, 42.2688271], [-71.0823548, 42.2688932], [-71.0822474, 42.2689897], [-71.0821743, 42.2690596], [-71.0820654, 42.2691724], [-71.0819914, 42.26925], [-71.0818973, 42.2693091], [-71.0818269, 42.2693558], [-71.0817342, 42.2694323], [-71.0816571, 42.2694883], [-71.0815792, 42.2695134], [-71.0814528, 42.2695194], [-71.0813315, 42.269508], [-71.0811968, 42.2695107], [-71.0810695, 42.2695526], [-71.0809921, 42.2695583], [-71.0808999, 42.269547], [-71.080809, 42.2695193], [-71.0806856, 42.2694967], [-71.0805939, 42.2694969], [-71.0805201, 42.2694945], [-71.0804599, 42.2694859], [-71.0804657, 42.2694504], [-71.080488, 42.26942], [-71.0805145, 42.2693889], [-71.0805329, 42.2693406], [-71.080536, 42.2692912]]]}, "properties": {"name": "Boston Water"}}, {"type": "Feature", "geometry": {"type": "Polygon", "coordinates": [[[-71.1365211, 42.3000107], [-71.1364568, 42.2999824], [-71.1364013, 42.2999468], [-71.136348, 42.2999213], [-71.136278, 42.2999042], [-71.1362169, 42.2998832], [-71.1361708, 42.2998588], [-71.1361354, 42.2998244], [-71.136094, 42.2997708], [-71.1360637, 42.2997009], [-71.1360514, 42.2996576], [-71.136032, 42.2995759], [-71.1360057, 42.2995066], [-71.1359599, 42.2994344], [-71.135917, 42.2993735], [-71.1359144, 42.2993371], [-71.1359142, 42.2993336], [-71.1359175, 42.2992959], [-71.1359285, 42.2992509], [-71.1359315, 42.2992239], [-71.1359474, 42.2991699], [-71.1359797, 42.2991425], [-71.13602, 42.2991336], [-71.1360569, 42.2991292], [-71.1361092, 42.2991283], [-71.1361568, 42.2991284], [-71.1362092, 42.2991432], [-71.1362453, 42.2991436], [-71.1362831, 42.2991524], [-71.1363302, 42.2991385], [-71.136353, 42.2991121], [-71.1363608, 42.2990663], [-71.1363457, 42.299035], [-71.136404, 42.2990105], [-71.1364453, 42.2990125], [-71.1364845, 42.2990235], [-71.1364768, 42.2990735], [-71.1365128, 42.2991453], [-71.1365602, 42.2991691], [-71.1366281, 42.299189], [-71.1366986, 42.2991892], [-71.1367294, 42.2991719], [-71.1367637, 42.2991343], [-71.1367717, 42.2990932], [-71.1367763, 42.2990499], [-71.1368059, 42.2990134], [-71.1368493, 42.298986], [-71.1369031, 42.2989816], [-71.1369492, 42.2990032], [-71.1369814, 42.2990365], [-71.1370058, 42.2990731], [-71.1370253, 42.2991418], [-71.137042, 42.2992139], [-71.1370405, 42.2992736], [-71.1370202, 42.2993376], [-71.1369922, 42.2993966], [-71.1369562, 42.2994719], [-71.1369407, 42.2995326], [-71.1369403, 42.2996058], [-71.1369356, 42.2996553], [-71.1369247, 42.299711], [-71.1369214, 42.2997475], [-71.1369411, 42.2997926], [-71.1369592, 42.2998416], [-71.1369823, 42.2998771], [-71.137019, 42.2999195], [-71.1370649, 42.2999691], [-71.1370973, 42.300017], [-71.1371063, 42.3000604], [-71.1370799, 42.3000716], [-71.1370522, 42.3000765], [-71.1370016, 42.3000786], [-71.1369645, 42.300101], [-71.1369409, 42.3001308], [-71.1369165, 42.3001436], [-71.1368965, 42.3001402], [-71.1368767, 42.3001193], [-71.1368446, 42.3000669], [-71.1368122, 42.300037], [-71.1367724, 42.3000216], [-71.1367262, 42.3000226], [-71.1366799, 42.3000275], [-71.1366289, 42.3000319], [-71.1365784, 42.3000227], [-71.1365211, 42.3000107]]]}, "properties": {"name": "Boston Water"}}, {"type": "Feature", "geometry": {"type": "Polygon", "coordinates": [[[-71.1196517, 42.3189648], [-71.1195628, 42.3189633], [-71.1194636, 42.3189703], [-71.1193694, 42.3189711], [-71.1193019, 42.3189687], [-71.1192358, 42.3189684], [-71.1190957, 42.3189669], [-71.1189786, 42.3189631], [-71.118866, 42.3189683], [-71.1187425, 42.318982], [-71.1186761, 42.3189908], [-71.1185993, 42.3189849], [-71.1185301, 42.3189723], [-71.1184191, 42.3189545], [-71.1183004, 42.3189327], [-71.118213, 42.3188992], [-71.1181102, 42.3188454], [-71.1180457, 42.318821], [-71.1179637, 42.3187763], [-71.1179071, 42.3187395], [-71.117861, 42.3187129], [-71.1178228, 42.3186948], [-71.1177473, 42.3186394], [-71.1176829, 42.3186071], [-71.1176118, 42.3185737], [-71.1175551, 42.3185465], [-71.1174949, 42.3185322], [-71.1174303, 42.318523], [-71.1173705, 42.3185183], [-71.1173087, 42.3185102], [-71.1172598, 42.3184915], [-71.1172087, 42.3184654], [-71.1171477, 42.3184332], [-71.1171109, 42.3184066], [-71.1170877, 42.3183862], [-71.1170615, 42.3183575], [-71.1170461, 42.3183388], [-71.1170477, 42.3182944], [-71.117076, 42.318227], [-71.1171021, 42.3181618], [-71.1171319, 42.3180977], [-71.1171706, 42.3180292], [-71.1172032, 42.3179629], [-71.1172394, 42.3178787], [-71.1172662, 42.3177943], [-71.1172915, 42.3176273], [-71.1173121, 42.3175458], [-71.1173337, 42.3174451], [-71.1173633, 42.3173462], [-71.1173699, 42.3172714], [-71.1173857, 42.3172191], [-71.1173905, 42.3171426], [-71.1173878, 42.3170694], [-71.1173866, 42.3169788], [-71.1173844, 42.3169046], [-71.1173998, 42.3168073], [-71.1174127, 42.3167122], [-71.1174157, 42.3166464], [-71.1174272, 42.3165671], [-71.1174369, 42.3164703], [-71.1174653, 42.3163534], [-71.1174944, 42.3162646], [-71.1175275, 42.316182], [-71.1174466, 42.3161173], [-71.1174536, 42.3160296], [-71.117497, 42.3159563], [-71.1175402, 42.315924], [-71.117652, 42.3158413], [-71.1176685, 42.3158116], [-71.1176554, 42.3157632], [-71.1177239, 42.3156188], [-71.1177169, 42.3155646], [-71.1176755, 42.31554], [-71.1178447, 42.3154194], [-71.1179203, 42.3153763], [-71.117965, 42.3153446], [-71.1180313, 42.3153054], [-71.1181109, 42.3152701], [-71.1181711, 42.3152253], [-71.1182377, 42.3151732], [-71.1183178, 42.315124], [-71.1183968, 42.3150657], [-71.1184897, 42.3150126], [-71.1185608, 42.3149419], [-71.1186303, 42.3148814], [-71.1187153, 42.3148029], [-71.1187896, 42.3147423], [-71.1188424, 42.3146975], [-71.1189426, 42.3146112], [-71.1189723, 42.3145787], [-71.1190012, 42.3145581], [-71.1190572, 42.3145148], [-71.1191392, 42.3144582], [-71.1192047, 42.314419], [-71.1192547, 42.3143896], [-71.1193124, 42.3143579], [-71.1193507, 42.3143367], [-71.1193954, 42.3143193], [-71.1194431, 42.3143009], [-71.1194962, 42.3142825], [-71.1195486, 42.314268], [-71.1195983, 42.3142594], [-71.1196488, 42.3142507], [-71.1197007, 42.3142445], [-71.1197489, 42.3142407], [-71.1197663, 42.3142335], [-71.1197806, 42.314223], [-71.1197893, 42.3142081], [-71.1198011, 42.314195], [-71.119816, 42.3141921], [-71.1198374, 42.3141992], [-71.1198619, 42.3142068], [-71.1198791, 42.3142097], [-71.1198993, 42.3142046], [-71.1199243, 42.3141979], [-71.1199442, 42.3141968], [-71.1199741, 42.3141995], [-71.1200214, 42.3142112], [-71.1200744, 42.3142327], [-71.1201497, 42.3142731], [-71.1202299, 42.3143185], [-71.1203221, 42.3143604], [-71.1203972, 42.3143886], [-71.1204603, 42.3144073], [-71.1205186, 42.3144238], [-71.1205818, 42.3144329], [-71.1206501, 42.3144369], [-71.120736, 42.3144487], [-71.1208075, 42.3144706], [-71.1208868, 42.3144902], [-71.1209599, 42.3145092], [-71.1210294, 42.3145207], [-71.1210585, 42.3145355], [-71.121083, 42.3145564], [-71.121089, 42.3145896], [-71.1210901, 42.3146363], [-71.12111, 42.3146994], [-71.1211375, 42.3147237], [-71.1212205, 42.3147695], [-71.1213022, 42.3147867], [-71.1214012, 42.3148168], [-71.1215194, 42.3148296], [-71.1215961, 42.3148332], [-71.1216716, 42.3148312], [-71.121795, 42.3148226], [-71.121937, 42.314791], [-71.1220327, 42.3147817], [-71.1221324, 42.3147821], [-71.1222158, 42.3147559], [-71.1223056, 42.3147297], [-71.1223455, 42.314722], [-71.1224535, 42.3147224], [-71.1225228, 42.3147327], [-71.1225871, 42.3147594], [-71.1226407, 42.3147871], [-71.1227137, 42.3148228], [-71.122793, 42.3148776], [-71.1228483, 42.3149076], [-71.1228715, 42.3149387], [-71.1228852, 42.3149832], [-71.1228898, 42.3150406], [-71.1228569, 42.315126], [-71.1228348, 42.3152092], [-71.1228126, 42.315311], [-71.1227832, 42.3154127], [-71.1227613, 42.3155134], [-71.1227422, 42.3156005], [-71.1227079, 42.3156927], [-71.1226876, 42.3157956], [-71.12271, 42.3158885], [-71.1227389, 42.315964], [-71.1227849, 42.3160491], [-71.1228354, 42.3161247], [-71.1228795, 42.3162047], [-71.1229129, 42.3162802], [-71.1229402, 42.3163535], [-71.1229511, 42.3164002], [-71.1229507, 42.316461], [-71.122912, 42.3165261], [-71.1228658, 42.3165856], [-71.1228221, 42.3166344], [-71.122794, 42.316703], [-71.1227863, 42.3167637], [-71.1227877, 42.3167818], [-71.1228185, 42.3168359], [-71.1228717, 42.3168749], [-71.1229165, 42.316924], [-71.1229598, 42.3169438], [-71.1229966, 42.3169715], [-71.1230546, 42.3170375], [-71.1231266, 42.317125], [-71.1231678, 42.317214], [-71.1232075, 42.3172969], [-71.1232484, 42.3174067], [-71.1232837, 42.3175109], [-71.1233077, 42.3176297], [-71.123327, 42.3177204], [-71.1233411, 42.3178183], [-71.123359, 42.317918], [-71.1233631, 42.318003], [-71.1233735, 42.3180677], [-71.1233808, 42.318115], [-71.1234284, 42.3182097], [-71.1234574, 42.3182717], [-71.1234848, 42.3183224], [-71.1234922, 42.3183461], [-71.1235044, 42.3183658], [-71.1235352, 42.3184469], [-71.1235594, 42.3185179], [-71.1235684, 42.3185776], [-71.1235712, 42.3186384], [-71.1235696, 42.3186929], [-71.1235613, 42.3187503], [-71.1235459, 42.3188212], [-71.1235298, 42.3188852], [-71.1235192, 42.3189387], [-71.1235019, 42.3189831], [-71.1234832, 42.3190269], [-71.1234631, 42.3190623], [-71.1234335, 42.3191044], [-71.1233932, 42.3191476], [-71.1233547, 42.3191806], [-71.1233083, 42.3192182], [-71.1232755, 42.31924], [-71.1232495, 42.3192535], [-71.1231677, 42.3192971], [-71.1230935, 42.3193424], [-71.1230303, 42.3193951], [-71.1229968, 42.3194168], [-71.122962, 42.3194393], [-71.1229143, 42.319487], [-71.1228429, 42.3195363], [-71.1227705, 42.3195771], [-71.1227073, 42.3196157], [-71.1226531, 42.3196538], [-71.1225914, 42.3196992], [-71.1225337, 42.3197333], [-71.1224753, 42.3197686], [-71.1224167, 42.3198106], [-71.1223566, 42.3198481], [-71.122293, 42.3198918], [-71.1222202, 42.3199304], [-71.1221431, 42.3199802], [-71.122069, 42.3200193], [-71.1219653, 42.3200792], [-71.1219174, 42.3201241], [-71.1218759, 42.3201684], [-71.1218276, 42.3202222], [-71.1217922, 42.3202756], [-71.1217623, 42.3203272], [-71.1217421, 42.3203784], [-71.1217217, 42.3204256], [-71.1216955, 42.3204654], [-71.1216633, 42.3204963], [-71.1216106, 42.3205327], [-71.1215535, 42.3205691], [-71.1214499, 42.3206098], [-71.1213866, 42.3206383], [-71.1213466, 42.3206759], [-71.1212508, 42.3207166], [-71.1211872, 42.3207682], [-71.1211426, 42.3208136], [-71.1211006, 42.320854], [-71.1210589, 42.3208938], [-71.1210096, 42.3209516], [-71.1209644, 42.3209998], [-71.1208964, 42.3210592], [-71.1208256, 42.3211136], [-71.1207713, 42.3211562], [-71.1207199, 42.3211948], [-71.1206492, 42.3212255], [-71.1205674, 42.3212399], [-71.1204885, 42.3212419], [-71.1204115, 42.3212467], [-71.1203333, 42.3212369], [-71.1202561, 42.321222], [-71.1201945, 42.3212049], [-71.1201389, 42.3211909], [-71.1200949, 42.3211714], [-71.1200483, 42.3211572], [-71.1200084, 42.3211413], [-71.1199531, 42.3210978], [-71.1199101, 42.3210678], [-71.1198813, 42.3210379], [-71.1198644, 42.3210091], [-71.1198448, 42.3209567], [-71.1198507, 42.3208556], [-71.1198498, 42.3207587], [-71.1198564, 42.3206996], [-71.1198658, 42.3206445], [-71.1198693, 42.3206023], [-71.1198358, 42.3205302], [-71.1198111, 42.3204452], [-71.1197715, 42.3203786], [-71.1197612, 42.3203195], [-71.1197583, 42.3202762], [-71.1197724, 42.3202301], [-71.1197958, 42.320188], [-71.1198499, 42.3201437], [-71.1199081, 42.3201107], [-71.1199872, 42.3200569], [-71.1200522, 42.3200104], [-71.1202082, 42.3198793], [-71.1202596, 42.3198417], [-71.1203055, 42.3198048], [-71.1203477, 42.3197458], [-71.1203776, 42.3196643], [-71.1203945, 42.3195946], [-71.1204285, 42.3195148], [-71.1204613, 42.3194243], [-71.1204914, 42.3193367], [-71.1204888, 42.3192337], [-71.1204721, 42.3191503], [-71.1204476, 42.3190906], [-71.1204312, 42.3190388], [-71.1204038, 42.3189988], [-71.1203465, 42.3189783], [-71.1202324, 42.3189447], [-71.1201385, 42.3189456], [-71.1199539, 42.3189494], [-71.1198521, 42.318953], [-71.1197516, 42.3189595], [-71.1196517, 42.3189648]]]}, "properties": {"name": "Boston Water"}}, {"type": "Feature", "geometry": {"type": "Polygon", "coordinates": [[[-71.1106348, 42.3400031], [-71.1106395, 42.339963], [-71.1106497, 42.3399153], [-71.1106596, 42.3398746], [-71.1106971, 42.3398002], [-71.1107188, 42.339749], [-71.1107568, 42.3396648], [-71.1107827, 42.3396092], [-71.1108049, 42.3395302], [-71.110815, 42.3394838], [-71.1108264, 42.3393579], [-71.1108373, 42.3392998], [-71.1108429, 42.339217], [-71.1108387, 42.3390739], [-71.1108341, 42.3390356], [-71.1108275, 42.3389514], [-71.1108503, 42.338854], [-71.11088, 42.3387939], [-71.1109122, 42.3387295], [-71.1109299, 42.3386734], [-71.1109508, 42.3386273], [-71.1109788, 42.3385498], [-71.1110015, 42.3384908], [-71.1110277, 42.3384244], [-71.1110405, 42.3383868], [-71.1110728, 42.3383166], [-71.1111049, 42.3382424], [-71.1111276, 42.3381648], [-71.1111582, 42.3381092], [-71.1111815, 42.3380682], [-71.1112215, 42.3379612], [-71.1112459, 42.3379232], [-71.1112621, 42.3378838], [-71.1112775, 42.3378554], [-71.1112835, 42.3378443], [-71.1112982, 42.3377985], [-71.1113093, 42.3377596], [-71.1113148, 42.3376879], [-71.1113453, 42.3376187], [-71.1113878, 42.3375641], [-71.1114395, 42.3374916], [-71.1114803, 42.3374302], [-71.1114942, 42.3373793], [-71.1115096, 42.3373746], [-71.1115255, 42.3373605], [-71.1115255, 42.3373336], [-71.111511, 42.3373135], [-71.1115145, 42.3373039], [-71.1115282, 42.3372996], [-71.1115497, 42.337293], [-71.111573, 42.3372914], [-71.1116226, 42.3372907], [-71.1116577, 42.3372954], [-71.1116702, 42.3373098], [-71.111693, 42.3373393], [-71.1117096, 42.3373749], [-71.1117095, 42.3374108], [-71.111692, 42.3374462], [-71.1116771, 42.337478], [-71.1116707, 42.3375112], [-71.1116397, 42.337567], [-71.111604, 42.337604], [-71.11158, 42.3376363], [-71.1115662, 42.3376587], [-71.1115549, 42.3376919], [-71.1115129, 42.3377634], [-71.1114897, 42.3378124], [-71.1114636, 42.3378504], [-71.111443, 42.3378744], [-71.1114127, 42.3379257], [-71.1113903, 42.3379636], [-71.1113706, 42.3380181], [-71.1113529, 42.3380687], [-71.1113315, 42.338122], [-71.1112964, 42.3381956], [-71.1112627, 42.3382806], [-71.1112303, 42.3383802], [-71.1112073, 42.338431], [-71.1111692, 42.3384718], [-71.1111631, 42.3385049], [-71.1111359, 42.338557], [-71.1111246, 42.3386178], [-71.1111017, 42.3386636], [-71.1110885, 42.338694], [-71.1110467, 42.3388152], [-71.1110356, 42.3388843], [-71.1110152, 42.3389676], [-71.1109958, 42.3390462], [-71.1109742, 42.339143], [-71.1109639, 42.3391878], [-71.1109724, 42.3392369], [-71.1109925, 42.3392983], [-71.1109743, 42.3393914], [-71.1109567, 42.3394671], [-71.1109453, 42.3395161], [-71.110915, 42.339566], [-71.1108897, 42.3396199], [-71.1108711, 42.3396823], [-71.1108513, 42.3397406], [-71.11084, 42.339785], [-71.110814, 42.3398559], [-71.1107883, 42.3399497], [-71.1107613, 42.3400486], [-71.1107509, 42.3401064], [-71.1107304, 42.3401642], [-71.110713, 42.3402168], [-71.1106934, 42.3402863], [-71.1106734, 42.3403407], [-71.1106553, 42.3403921], [-71.1106471, 42.3404396], [-71.1106289, 42.340486], [-71.1106182, 42.3405093], [-71.1105859, 42.3405404], [-71.1105469, 42.3405863], [-71.1105361, 42.3406305], [-71.1105089, 42.3406771], [-71.1104916, 42.3407278], [-71.1104536, 42.3407686], [-71.1104243, 42.3407936], [-71.1103729, 42.3408452], [-71.1103161, 42.3408887], [-71.1102157, 42.340977], [-71.1101988, 42.3410054], [-71.1101448, 42.3410587], [-71.1101004, 42.3411055], [-71.1100536, 42.3411395], [-71.1099994, 42.3411789], [-71.1099412, 42.3412184], [-71.1099089, 42.3412648], [-71.1098674, 42.3413076], [-71.1098296, 42.341356], [-71.1097856, 42.341397], [-71.1097418, 42.3414303], [-71.109717, 42.3414692], [-71.1096948, 42.3414976], [-71.1096737, 42.3415212], [-71.1096288, 42.3415552], [-71.1095648, 42.3415924], [-71.109533, 42.3416092], [-71.1094998, 42.3416334], [-71.1094703, 42.3416497], [-71.1093841, 42.3416723], [-71.1093304, 42.3416828], [-71.1092647, 42.3416916], [-71.1091577, 42.341715], [-71.1091449, 42.3417415], [-71.1091362, 42.3417783], [-71.1091333, 42.3418021], [-71.109122, 42.3418227], [-71.1091089, 42.3418346], [-71.1090841, 42.3418493], [-71.1090412, 42.341849], [-71.1090139, 42.3418392], [-71.1089819, 42.3418307], [-71.1089469, 42.3418252], [-71.1089032, 42.3418201], [-71.1088413, 42.3418213], [-71.1087661, 42.341826], [-71.1087264, 42.3418257], [-71.1086768, 42.3418388], [-71.1086221, 42.3418581], [-71.1085722, 42.3418726], [-71.1085394, 42.3419048], [-71.108519, 42.3419268], [-71.1084985, 42.3419406], [-71.1084392, 42.3419665], [-71.1084016, 42.3419826], [-71.1083749, 42.3420034], [-71.1083384, 42.3420647], [-71.1083254, 42.3420891], [-71.1083104, 42.342132], [-71.1083424, 42.3421704], [-71.1083764, 42.3422007], [-71.1084005, 42.342217], [-71.1084329, 42.3422371], [-71.1084443, 42.3422674], [-71.1084492, 42.3422899], [-71.1084452, 42.3423202], [-71.1084277, 42.3423468], [-71.1083963, 42.3423787], [-71.1083632, 42.3423975], [-71.1083218, 42.3424178], [-71.1082929, 42.3424446], [-71.108242, 42.3424745], [-71.1082003, 42.3424928], [-71.1081416, 42.3425209], [-71.1080889, 42.3425389], [-71.1080494, 42.3425609], [-71.1080211, 42.3425746], [-71.1079979, 42.3426072], [-71.1079783, 42.3426365], [-71.1078911, 42.342671], [-71.1078287, 42.3427068], [-71.10775, 42.3427358], [-71.1077187, 42.3427503], [-71.1076797, 42.342762], [-71.1076562, 42.342783], [-71.1075648, 42.3428064], [-71.107521, 42.3428071], [-71.1074582, 42.3427849], [-71.1074103, 42.3428136], [-71.1073816, 42.3428463], [-71.1073543, 42.3428795], [-71.1073085, 42.3429165], [-71.1072777, 42.3429404], [-71.1072251, 42.3429276], [-71.1071682, 42.342961], [-71.107155, 42.3430217], [-71.1071242, 42.3430314], [-71.1070834, 42.3430581], [-71.1070425, 42.3430673], [-71.1069997, 42.3430756], [-71.1069438, 42.3430648], [-71.1068768, 42.343091], [-71.1068575, 42.343116], [-71.1068188, 42.3431365], [-71.1067932, 42.34315], [-71.1067695, 42.3431657], [-71.1067468, 42.3431859], [-71.1067278, 42.3432123], [-71.1067026, 42.343237], [-71.1066852, 42.3432701], [-71.1066671, 42.3433089], [-71.1066496, 42.343346], [-71.1066339, 42.3433712], [-71.1066008, 42.3434133], [-71.106574, 42.3434391], [-71.1065563, 42.3434734], [-71.1065265, 42.3435025], [-71.1064951, 42.3435227], [-71.1064579, 42.3435361], [-71.1064176, 42.3435539], [-71.1063621, 42.3435695], [-71.106304, 42.3436076], [-71.1062467, 42.3436276], [-71.1061917, 42.3436551], [-71.1061307, 42.3436812], [-71.1060663, 42.3437187], [-71.1060195, 42.3437456], [-71.1059928, 42.3437725], [-71.1059697, 42.3437882], [-71.1059104, 42.3438161], [-71.1058621, 42.3438373], [-71.1058123, 42.3438551], [-71.1057539, 42.3438594], [-71.1056981, 42.3438564], [-71.1056548, 42.3438653], [-71.1055958, 42.3438763], [-71.1055788, 42.3438892], [-71.1055287, 42.3439324], [-71.1054758, 42.3439558], [-71.1054417, 42.3439816], [-71.1054135, 42.3440113], [-71.1053846, 42.344045], [-71.1053637, 42.3440675], [-71.1053343, 42.344087], [-71.1052246, 42.3441408], [-71.1051421, 42.3441973], [-71.105127, 42.3442225], [-71.1051122, 42.3442579], [-71.1050879, 42.3443023], [-71.1050358, 42.3443278], [-71.1050028, 42.3443379], [-71.1049604, 42.3443289], [-71.1046729, 42.3441765], [-71.1046613, 42.3441166], [-71.1047192, 42.3440627], [-71.1047854, 42.3440284], [-71.104778, 42.3440485], [-71.1048389, 42.3440744], [-71.1049533, 42.3440886], [-71.1049658, 42.3440835], [-71.1050016, 42.3440687], [-71.1050365, 42.3440648], [-71.1050834, 42.3440677], [-71.1051238, 42.3440672], [-71.1051605, 42.3440517], [-71.1051974, 42.3440376], [-71.1052476, 42.3440104], [-71.1052993, 42.3439676], [-71.1053208, 42.3439419], [-71.105353, 42.3439151], [-71.1053785, 42.3438943], [-71.1053999, 42.3438635], [-71.1054039, 42.3438368], [-71.1054106, 42.3438031], [-71.1054187, 42.3437634], [-71.1054294, 42.3437277], [-71.1054495, 42.343705], [-71.1054965, 42.3436911], [-71.1055421, 42.3436712], [-71.1055823, 42.3436584], [-71.1056118, 42.3436366], [-71.1056518, 42.3436237], [-71.1056936, 42.3436197], [-71.1057325, 42.3436118], [-71.1057781, 42.3435989], [-71.105813, 42.34359], [-71.1058425, 42.3435761], [-71.1058693, 42.3435503], [-71.1059068, 42.3435275], [-71.1059498, 42.3435136], [-71.1059806, 42.3434938], [-71.1060074, 42.343469], [-71.1060383, 42.3434254], [-71.1060624, 42.3433947], [-71.1060745, 42.343359], [-71.1060758, 42.3433283], [-71.1060731, 42.3432956], [-71.1060808, 42.3432804], [-71.106111, 42.3432383], [-71.1061393, 42.3432024], [-71.1061753, 42.3431716], [-71.1062237, 42.3431414], [-71.1062781, 42.3431123], [-71.1063294, 42.34309], [-71.1063719, 42.3430597], [-71.1064327, 42.3430132], [-71.1064723, 42.3429774], [-71.1065234, 42.3429443], [-71.1065596, 42.3429175], [-71.1065926, 42.3428754], [-71.1066257, 42.3428288], [-71.1066556, 42.3427856], [-71.1067137, 42.3427441], [-71.1067672, 42.3426998], [-71.1068247, 42.3426663], [-71.1068748, 42.3426259], [-71.1069063, 42.3425872], [-71.1069507, 42.3425362], [-71.1069742, 42.3424997], [-71.1070108, 42.342443], [-71.1070445, 42.3423874], [-71.1070777, 42.3423295], [-71.1071094, 42.3422863], [-71.1071392, 42.3422453], [-71.1071601, 42.3422156], [-71.1071836, 42.3421842], [-71.1072075, 42.3421555], [-71.1072513, 42.3421208], [-71.1072903, 42.3420962], [-71.1073663, 42.3420728], [-71.1074004, 42.3420594], [-71.1074749, 42.3420602], [-71.1075619, 42.3420589], [-71.1076267, 42.3420709], [-71.107682, 42.3420739], [-71.1077376, 42.3420758], [-71.1077776, 42.3420804], [-71.1078271, 42.3420744], [-71.1078919, 42.3420543], [-71.107945, 42.3420151], [-71.107983, 42.3419742], [-71.1080192, 42.3419484], [-71.1080658, 42.3419227], [-71.1081419, 42.3418903], [-71.1082159, 42.3418827], [-71.1082531, 42.341871], [-71.1082955, 42.3418577], [-71.1083232, 42.3418533], [-71.1083549, 42.3418213], [-71.1083967, 42.3417764], [-71.1084348, 42.3417433], [-71.1084659, 42.3417131], [-71.1084971, 42.3416867], [-71.1085546, 42.3416633], [-71.1086292, 42.3416382], [-71.1087503, 42.341597], [-71.1088723, 42.3415732], [-71.1089699, 42.3415539], [-71.1090596, 42.3415249], [-71.1091483, 42.3414971], [-71.1092166, 42.3414635], [-71.109293, 42.3414334], [-71.1093563, 42.3414122], [-71.1094273, 42.3413905], [-71.1094756, 42.3413705], [-71.1095607, 42.341346], [-71.1095998, 42.3413169], [-71.1096548, 42.3412737], [-71.1097179, 42.34123], [-71.1098035, 42.3411589], [-71.1098679, 42.3410989], [-71.1099196, 42.3410557], [-71.1099695, 42.341021], [-71.1100365, 42.3409751], [-71.1100742, 42.3409477], [-71.1101117, 42.3409174], [-71.1101805, 42.3408505], [-71.110233, 42.3408113], [-71.1102572, 42.3407659], [-71.110323, 42.3406978], [-71.1103742, 42.3406227], [-71.1105072, 42.3403894], [-71.1105414, 42.3403447], [-71.1105595, 42.3403097], [-71.1105852, 42.3402387], [-71.1106119, 42.340166], [-71.1106293, 42.340091], [-71.1106358, 42.3400448], [-71.1106348, 42.3400031]]]}, "properties": {"name": "Boston Water"}}, {"type": "Feature", "geometry": {"type": "Polygon", "coordinates": [[[-71.1026999, 42.342733], [-71.1028062, 42.3428029], [-71.1028102, 42.3428643], [-71.1027767, 42.3429], [-71.1027472, 42.3429258], [-71.102668, 42.3429298], [-71.102538, 42.3428564], [-71.1024307, 42.3427751], [-71.1023502, 42.3426403], [-71.1023056, 42.3425797], [-71.1022559, 42.3425209], [-71.1021577, 42.342471], [-71.1020659, 42.3424004], [-71.101997, 42.3423512], [-71.1019484, 42.3423002], [-71.1018921, 42.3421938], [-71.1018536, 42.3420856], [-71.1017638, 42.3418634], [-71.1017246, 42.3418169], [-71.1016849, 42.3417922], [-71.101649, 42.3417826], [-71.1016055, 42.3417856], [-71.1015925, 42.3418007], [-71.1015843, 42.3418198], [-71.1015913, 42.3418427], [-71.1016227, 42.3418635], [-71.1016515, 42.341888], [-71.1016628, 42.3419112], [-71.1016588, 42.341924], [-71.1016461, 42.3419326], [-71.1016204, 42.3419497], [-71.1016016, 42.3419513], [-71.1015846, 42.3419414], [-71.1015378, 42.3418926], [-71.1014694, 42.3418019], [-71.1014333, 42.3417758], [-71.1014074, 42.3417422], [-71.1014179, 42.3417127], [-71.1014208, 42.3416738], [-71.1013176, 42.3416243], [-71.101243, 42.3415593], [-71.1011608, 42.3414981], [-71.1011195, 42.3414502], [-71.1010961, 42.3413949], [-71.101044, 42.3413517], [-71.1009392, 42.3412743], [-71.1008216, 42.3412063], [-71.100753, 42.3411534], [-71.1006394, 42.3410971], [-71.1005851, 42.3410548], [-71.1005587, 42.3410068], [-71.1005289, 42.340924], [-71.1004721, 42.340912], [-71.1004179, 42.3408906], [-71.1003638, 42.3408562], [-71.1003225, 42.3408144], [-71.1001427, 42.3407361], [-71.1000542, 42.3407321], [-71.100069, 42.3406737], [-71.1000878, 42.3406518], [-71.1001012, 42.340638], [-71.1001736, 42.3406162], [-71.1003694, 42.3406509], [-71.1005487, 42.3407272], [-71.1007154, 42.3408035], [-71.1008719, 42.3408347], [-71.1009939, 42.3408729], [-71.1010468, 42.3409265], [-71.1010896, 42.3409819], [-71.1011177, 42.341084], [-71.1011526, 42.3411703], [-71.1012304, 42.3412516], [-71.1013281, 42.341328], [-71.1013927, 42.3413894], [-71.1014445, 42.3414404], [-71.1015089, 42.3414913], [-71.101615, 42.3415633], [-71.1017299, 42.3416222], [-71.1018962, 42.3416799], [-71.1019501, 42.3417628], [-71.1019837, 42.3418495], [-71.1020395, 42.3419469], [-71.1020875, 42.3419971], [-71.1021141, 42.3420342], [-71.1021036, 42.3420872], [-71.1021057, 42.3421403], [-71.1021454, 42.3421891], [-71.102208, 42.3422266], [-71.1023103, 42.3422717], [-71.1024083, 42.3422923], [-71.1025648, 42.3424609], [-71.1026707, 42.342566], [-71.1026772, 42.3426054], [-71.1026609, 42.3426448], [-71.1026663, 42.3426805], [-71.1026999, 42.342733]]]}, "properties": {"name": "Boston Water"}}, {"type": "Feature", "geometry": {"type": "Polygon", "coordinates": [[[-71.0943033, 42.343411], [-71.0943153, 42.3434696], [-71.0943435, 42.3435266], [-71.0943718, 42.3435877], [-71.0943813, 42.3436423], [-71.0943811, 42.3437051], [-71.094398, 42.3437657], [-71.094406, 42.3438182], [-71.0943937, 42.34387], [-71.0943635, 42.3439212], [-71.0943285, 42.3439728], [-71.0942748, 42.3440075], [-71.0942062, 42.3440283], [-71.0941289, 42.3440461], [-71.0940548, 42.3440541], [-71.0939634, 42.3440481], [-71.0939022, 42.3440379], [-71.0938858, 42.3440352], [-71.0938066, 42.3440332], [-71.0937385, 42.3440383], [-71.093674, 42.3440214], [-71.0936038, 42.3440123], [-71.0935327, 42.3440154], [-71.0934585, 42.3440122], [-71.0933818, 42.3440099], [-71.0933197, 42.3440024], [-71.0932354, 42.3440103], [-71.0931492, 42.3440114], [-71.0930514, 42.3439985], [-71.092971, 42.3439858], [-71.092889, 42.3439618], [-71.09281, 42.3439242], [-71.0927363, 42.3438934], [-71.0926719, 42.3438805], [-71.0926023, 42.3438785], [-71.0925312, 42.3438804], [-71.0924466, 42.3438835], [-71.0922773, 42.3439129], [-71.0921983, 42.343933], [-71.0921308, 42.3439667], [-71.0920934, 42.3439986], [-71.0920617, 42.3440353], [-71.0920341, 42.3440685], [-71.0920003, 42.3441123], [-71.0919783, 42.344157], [-71.0919588, 42.3442085], [-71.09195, 42.3442626], [-71.0919552, 42.3443031], [-71.0919619, 42.3443548], [-71.0919763, 42.3444252], [-71.0919822, 42.3444818], [-71.0919724, 42.3445399], [-71.0919496, 42.3445892], [-71.0919121, 42.344638], [-71.0918768, 42.3446774], [-71.0918743, 42.344724], [-71.0919005, 42.3448014], [-71.0919114, 42.344833], [-71.0919273, 42.3448816], [-71.0919432, 42.3449208], [-71.0919303, 42.34495], [-71.0918846, 42.3449699], [-71.0918483, 42.345001], [-71.0918228, 42.3450466], [-71.0918149, 42.3451007], [-71.0918201, 42.3451537], [-71.0918297, 42.3451962], [-71.0918422, 42.3452358], [-71.0918772, 42.3452679], [-71.0919313, 42.3452919], [-71.0919726, 42.3453239], [-71.0919987, 42.3453628], [-71.0920229, 42.3454071], [-71.0920557, 42.3454432], [-71.0921118, 42.3454774], [-71.0921528, 42.3455025], [-71.0921909, 42.3455362], [-71.0922199, 42.3456007], [-71.0922293, 42.345667], [-71.0921747, 42.3458227], [-71.0921809, 42.3458925], [-71.0922072, 42.3459627], [-71.0922268, 42.3460316], [-71.092225, 42.3461137], [-71.0922224, 42.3461771], [-71.0922244, 42.3462426], [-71.0922306, 42.3463373], [-71.0922399, 42.3464378], [-71.0922304, 42.3465447], [-71.0922162, 42.3465795], [-71.0922012, 42.3466399], [-71.0919956, 42.3466054], [-71.0919826, 42.346591], [-71.091973, 42.3465804], [-71.091962, 42.3465569], [-71.0919584, 42.3465508], [-71.0919461, 42.3465296], [-71.0919268, 42.3464888], [-71.0919002, 42.3464219], [-71.0918891, 42.3463516], [-71.0918979, 42.3462809], [-71.0919086, 42.3462259], [-71.0918939, 42.3461699], [-71.0918689, 42.3461259], [-71.0918341, 42.3460811], [-71.091796, 42.3460354], [-71.0917683, 42.345995], [-71.0917331, 42.3459501], [-71.0917213, 42.3459087], [-71.0917205, 42.3458627], [-71.0917101, 42.3458183], [-71.0917073, 42.3457538], [-71.0917104, 42.3456859], [-71.0917006, 42.345618], [-71.0916765, 42.3455556], [-71.09165, 42.3454853], [-71.0916124, 42.3454356], [-71.091587, 42.3453821], [-71.0915586, 42.3453137], [-71.0915281, 42.3452533], [-71.091509, 42.3451899], [-71.0915035, 42.3451372], [-71.0915105, 42.3450725], [-71.0914943, 42.3450095], [-71.0914714, 42.344954], [-71.0914499, 42.3449093], [-71.0914407, 42.3448489], [-71.0914486, 42.3448105], [-71.0914525, 42.3447913], [-71.0914686, 42.3447299], [-71.0914974, 42.3446764], [-71.0915392, 42.3446253], [-71.0916025, 42.3445612], [-71.0916488, 42.3445082], [-71.0916987, 42.3444502], [-71.0917288, 42.3444055], [-71.0917287, 42.3443705], [-71.0917416, 42.3443181], [-71.091753, 42.3442809], [-71.0917596, 42.3442385], [-71.0917687, 42.3441901], [-71.0917869, 42.3441414], [-71.0918069, 42.3440867], [-71.0918389, 42.3440391], [-71.0918656, 42.3439987], [-71.0919147, 42.3439466], [-71.0919626, 42.3438956], [-71.092007, 42.3438609], [-71.0920602, 42.3438259], [-71.0920685, 42.3438198], [-71.0921044, 42.3437932], [-71.0921541, 42.3437606], [-71.0921643, 42.3437548], [-71.0921965, 42.3437362], [-71.0922458, 42.3437041], [-71.0922683, 42.3436733], [-71.0922841, 42.3436327], [-71.0923027, 42.3435909], [-71.092314, 42.3435514], [-71.0923503, 42.3435306], [-71.0923968, 42.3435187], [-71.0924493, 42.3435099], [-71.0925148, 42.3434949], [-71.0925737, 42.3434899], [-71.0926152, 42.343505], [-71.0926475, 42.3435408], [-71.0926588, 42.3435805], [-71.0926693, 42.3436174], [-71.0926928, 42.3436604], [-71.0927266, 42.343705], [-71.0927763, 42.3437375], [-71.0928243, 42.3437536], [-71.0928708, 42.3437752], [-71.092914, 42.3438053], [-71.0929562, 42.3438342], [-71.0929972, 42.3438341], [-71.0931205, 42.3438542], [-71.0931554, 42.3438639], [-71.0932074, 42.3438702], [-71.0932907, 42.3438705], [-71.0933677, 42.3438636], [-71.0934317, 42.3438661], [-71.0934801, 42.3438771], [-71.0935447, 42.3438764], [-71.0936228, 42.3438707], [-71.0937043, 42.3438669], [-71.0937746, 42.3438867], [-71.093844, 42.343898], [-71.0939095, 42.3439122], [-71.0939767, 42.3439152], [-71.0940364, 42.3439072], [-71.0940829, 42.3438811], [-71.0941112, 42.3438407], [-71.0941356, 42.3437972], [-71.094135, 42.343756], [-71.0941275, 42.3436941], [-71.0941291, 42.3436534], [-71.0941324, 42.3436043], [-71.0941259, 42.3435685], [-71.0941158, 42.343528], [-71.0940952, 42.3434906], [-71.0940884, 42.3434782], [-71.0940603, 42.3434513], [-71.0940218, 42.3434204], [-71.0939918, 42.3433949], [-71.0939599, 42.3433657], [-71.0939555, 42.3433388], [-71.0939539, 42.3433066], [-71.0939377, 42.343284], [-71.0942162, 42.3432364], [-71.0942396, 42.343261], [-71.094255, 42.3432888], [-71.0942604, 42.3433263], [-71.0942791, 42.343365], [-71.0943033, 42.343411]]]}, "properties": {"name": "Boston Water"}}, {"type": "Feature", "geometry": {"type": "Polygon", "coordinates": [[[-71.0920103, 42.3474353], [-71.0920214, 42.3479984], [-71.0920096, 42.3480155], [-71.092002, 42.3480341], [-71.0920026, 42.3480563], [-71.092005, 42.3480974], [-71.0920109, 42.3481108], [-71.092018, 42.3481213], [-71.0920259, 42.3481358], [-71.0920316, 42.3481515], [-71.092035, 42.3481708], [-71.0920363, 42.3481863], [-71.0920366, 42.348204], [-71.0920338, 42.3482283], [-71.0920323, 42.348241], [-71.0920314, 42.3482487], [-71.0920307, 42.3482546], [-71.0920287, 42.3482675], [-71.0920267, 42.3482803], [-71.092021, 42.3483122], [-71.0920146, 42.34834], [-71.0920087, 42.3483546], [-71.0920012, 42.3483731], [-71.0919451, 42.3484807], [-71.091929, 42.3485094], [-71.0919203, 42.3485331], [-71.0919135, 42.3485651], [-71.0919111, 42.3485945], [-71.0919099, 42.3486244], [-71.0919162, 42.3487323], [-71.0919174, 42.3487582], [-71.0919212, 42.3488399], [-71.0919259, 42.3489392], [-71.0919266, 42.3489546], [-71.0919371, 42.3489543], [-71.0919373, 42.3491018], [-71.0919259, 42.349123], [-71.091928, 42.3491995], [-71.0919288, 42.3492377], [-71.0919294, 42.3492668], [-71.09193, 42.3492918], [-71.091923, 42.349322], [-71.0919193, 42.3493498], [-71.091922, 42.3493781], [-71.0919404, 42.3494302], [-71.0919587, 42.3495013], [-71.0919967, 42.3495802], [-71.0920527, 42.3496479], [-71.0921111, 42.349705], [-71.0921482, 42.3497469], [-71.0922069, 42.3497971], [-71.0922868, 42.3498437], [-71.0923667, 42.3498903], [-71.0924092, 42.3499209], [-71.0924263, 42.3499369], [-71.0924418, 42.3499508], [-71.092545, 42.3501345], [-71.0925863, 42.3502142], [-71.0926237, 42.3502852], [-71.0926376, 42.3503452], [-71.0926402, 42.3503995], [-71.0926306, 42.3504479], [-71.0926028, 42.3505165], [-71.0925861, 42.350541], [-71.0925804, 42.3505707], [-71.0925759, 42.3506157], [-71.0925755, 42.350655], [-71.0925871, 42.3507146], [-71.0926349, 42.350853], [-71.0925353, 42.3508792], [-71.0924338, 42.3509072], [-71.0924289, 42.3509001], [-71.0924187, 42.3508853], [-71.0923977, 42.3508678], [-71.0923753, 42.350857], [-71.0923465, 42.3508466], [-71.0924114, 42.3505784], [-71.0924391, 42.350481], [-71.0924497, 42.350414], [-71.0924481, 42.3503639], [-71.0924407, 42.3503194], [-71.0924249, 42.350275], [-71.0923863, 42.3502071], [-71.0923755, 42.3501914], [-71.0922603, 42.3499934], [-71.0922127, 42.3499486], [-71.092166, 42.3499192], [-71.0921036, 42.3498826], [-71.0920444, 42.3498263], [-71.0919638, 42.3497583], [-71.0918904, 42.3496751], [-71.0918345, 42.3495863], [-71.091789, 42.3495132], [-71.0917665, 42.3494509], [-71.0917494, 42.3493862], [-71.091735, 42.3492941], [-71.0917339, 42.3492424], [-71.0917342, 42.3491045], [-71.0917293, 42.3489586], [-71.0917358, 42.3489585], [-71.0917352, 42.3489422], [-71.0917318, 42.3488414], [-71.091729, 42.3487611], [-71.0917282, 42.3487369], [-71.091723, 42.3486393], [-71.0917262, 42.3486015], [-71.0917289, 42.3485723], [-71.0917342, 42.348542], [-71.091741, 42.3485154], [-71.0917765, 42.3484078], [-71.0917856, 42.3483781], [-71.0917951, 42.3483527], [-71.0918065, 42.3483279], [-71.0918402, 42.3482633], [-71.0918508, 42.3482339], [-71.0918557, 42.3482078], [-71.0918582, 42.3481791], [-71.0918592, 42.3481567], [-71.0918579, 42.3481317], [-71.0918542, 42.3481088], [-71.0918481, 42.3480896], [-71.0918331, 42.3480668], [-71.0918173, 42.348052], [-71.0918011, 42.348037], [-71.0917942, 42.3480217], [-71.0917924, 42.3480003], [-71.0917943, 42.3474438], [-71.091794, 42.3472206], [-71.0917944, 42.3471082], [-71.0918095, 42.3470435], [-71.0918398, 42.3469838], [-71.0918574, 42.3469382], [-71.0918657, 42.3469235], [-71.0918775, 42.3469028], [-71.0918943, 42.3469003], [-71.0919112, 42.3469023], [-71.0920803, 42.3469934], [-71.0920687, 42.3470369], [-71.0920525, 42.3471048], [-71.0920382, 42.3471964], [-71.0920103, 42.3474353]]]}, "properties": {"name": "Boston Water"}}, {"type": "Feature", "geometry": {"type": "Polygon", "coordinates": [[[-71.0700627, 42.3550178], [-71.0700724, 42.3549953], [-71.0700745, 42.3549861], [-71.0700742, 42.3549774], [-71.0700726, 42.3549674], [-71.070068, 42.3549574], [-71.0700639, 42.3549494], [-71.0700597, 42.3549415], [-71.0700495, 42.3549264], [-71.0700403, 42.3549065], [-71.0700384, 42.3548986], [-71.0700381, 42.3548879], [-71.0700405, 42.3548772], [-71.0700439, 42.3548662], [-71.0700511, 42.3548529], [-71.0700601, 42.3548423], [-71.0700749, 42.3548251], [-71.0700874, 42.3548078], [-71.0700931, 42.3547988], [-71.0700965, 42.3547898], [-71.070096, 42.3547784], [-71.070092, 42.3547673], [-71.0700875, 42.3547582], [-71.0700792, 42.3547491], [-71.0700688, 42.3547414], [-71.0700593, 42.3547372], [-71.0700491, 42.3547319], [-71.0700369, 42.3547289], [-71.0700224, 42.3547259], [-71.0700004, 42.3547221], [-71.0699857, 42.3547191], [-71.0699691, 42.3547145], [-71.0699447, 42.3547054], [-71.0699194, 42.3546955], [-71.0698933, 42.3546822], [-71.069862, 42.354663], [-71.0698415, 42.3546477], [-71.0698305, 42.3546389], [-71.0698234, 42.3546302], [-71.0698169, 42.3546183], [-71.0698114, 42.3546052], [-71.0698081, 42.3545925], [-71.0698045, 42.3545801], [-71.0698003, 42.3545664], [-71.0697978, 42.3545543], [-71.0697951, 42.3545409], [-71.0697936, 42.3545293], [-71.0697944, 42.3545207], [-71.0697955, 42.3545082], [-71.0697997, 42.3544952], [-71.0698081, 42.3544766], [-71.0698349, 42.3544363], [-71.0698693, 42.3543964], [-71.0698851, 42.3543622], [-71.0698876, 42.3543483], [-71.0698865, 42.3543343], [-71.0698757, 42.3543075], [-71.0698673, 42.3542922], [-71.0698479, 42.354259], [-71.0698292, 42.3542261], [-71.0698103, 42.3541987], [-71.0697768, 42.3541564], [-71.0697457, 42.3541281], [-71.069719, 42.3541089], [-71.0696898, 42.3540907], [-71.0696323, 42.3540671], [-71.0696061, 42.3540443], [-71.0695936, 42.3540334], [-71.069581, 42.3540225], [-71.0695919, 42.3540159], [-71.0695933, 42.3540068], [-71.0695948, 42.3539896], [-71.0695957, 42.3539798], [-71.0695944, 42.3539729], [-71.0695907, 42.353965], [-71.0695844, 42.3539576], [-71.0695785, 42.3539522], [-71.0695702, 42.3539464], [-71.0695578, 42.3539422], [-71.069544, 42.3539395], [-71.0695279, 42.353939], [-71.0695148, 42.3539406], [-71.0694952, 42.3539449], [-71.0694761, 42.3539445], [-71.0694393, 42.3539433], [-71.0693956, 42.3539335], [-71.0693402, 42.3539196], [-71.0692843, 42.3539033], [-71.0692446, 42.353889], [-71.0692152, 42.3538778], [-71.0691917, 42.3538636], [-71.0691656, 42.3538416], [-71.0691495, 42.353824], [-71.0691403, 42.3538093], [-71.0691269, 42.3537903], [-71.0691177, 42.3537707], [-71.0691107, 42.353747], [-71.0691068, 42.3537289], [-71.069102, 42.3537149], [-71.0690972, 42.353702], [-71.0690906, 42.3536938], [-71.0690794, 42.3536856], [-71.0690326, 42.3536679], [-71.0690148, 42.3536617], [-71.0689955, 42.3536527], [-71.0689842, 42.3536435], [-71.0689713, 42.3536303], [-71.0689623, 42.3536165], [-71.0689548, 42.3536015], [-71.0689496, 42.3535897], [-71.068946, 42.3535762], [-71.0689416, 42.3535536], [-71.068941, 42.3535395], [-71.0689414, 42.3535264], [-71.0689442, 42.3535088], [-71.0689553, 42.3534834], [-71.0689638, 42.3534679], [-71.0689747, 42.3534547], [-71.0689855, 42.353441], [-71.0689918, 42.3534365], [-71.0689982, 42.3534275], [-71.0689992, 42.3534158], [-71.068999, 42.3534023], [-71.0689972, 42.3533762], [-71.0689943, 42.3533622], [-71.0689863, 42.3533413], [-71.0689816, 42.3533231], [-71.0689799, 42.3533067], [-71.0689776, 42.3532947], [-71.0689769, 42.3532839], [-71.0689792, 42.3532702], [-71.0689952, 42.3532348], [-71.069004, 42.3532165], [-71.0690198, 42.3531954], [-71.0690437, 42.3531695], [-71.0690804, 42.3531445], [-71.0691121, 42.3531326], [-71.0691424, 42.3531197], [-71.0691951, 42.3531038], [-71.069289, 42.3530944], [-71.0693453, 42.3530879], [-71.0693746, 42.3530857], [-71.069416, 42.3530736], [-71.0694387, 42.3530606], [-71.0694613, 42.3530426], [-71.0694819, 42.3530164], [-71.069491, 42.3529902], [-71.0694886, 42.3529664], [-71.069452, 42.3529066], [-71.0694183, 42.352841], [-71.0694077, 42.3528138], [-71.0694057, 42.3527911], [-71.069409, 42.3527633], [-71.0694126, 42.3527519], [-71.0694177, 42.3527416], [-71.0694252, 42.3527314], [-71.0694305, 42.3527245], [-71.0694405, 42.3527154], [-71.0694526, 42.3527066], [-71.0694686, 42.3526989], [-71.069484, 42.3526935], [-71.0694979, 42.35269], [-71.0695147, 42.3526883], [-71.06954, 42.3526862], [-71.0695702, 42.3526869], [-71.0695896, 42.3526881], [-71.0696139, 42.3526906], [-71.0696453, 42.352696], [-71.0696721, 42.3526994], [-71.0697015, 42.3527124], [-71.0697237, 42.3527311], [-71.0697393, 42.3527473], [-71.069765, 42.3527748], [-71.0697856, 42.3528023], [-71.0698148, 42.3528271], [-71.0698258, 42.3528363], [-71.0698402, 42.3528453], [-71.0698586, 42.3528536], [-71.0698796, 42.3528581], [-71.0698974, 42.3528576], [-71.0699113, 42.3528556], [-71.0699315, 42.3528512], [-71.0699494, 42.3528454], [-71.0699604, 42.3528397], [-71.0699726, 42.3528326], [-71.0699853, 42.3528258], [-71.0699992, 42.3528201], [-71.07002, 42.3528146], [-71.0700355, 42.3528118], [-71.0700511, 42.3528102], [-71.070071, 42.3528102], [-71.0700916, 42.3528113], [-71.0701149, 42.3528143], [-71.0701362, 42.3528191], [-71.070157, 42.3528257], [-71.0701755, 42.3528328], [-71.0701949, 42.3528445], [-71.0702089, 42.3528547], [-71.0702191, 42.3528623], [-71.0702316, 42.3528729], [-71.0702422, 42.3528856], [-71.0702504, 42.3528968], [-71.0702594, 42.3529151], [-71.0702628, 42.3529311], [-71.0702638, 42.3529428], [-71.0702645, 42.3529606], [-71.070263, 42.3529749], [-71.0702584, 42.352991], [-71.0702512, 42.3530065], [-71.0702429, 42.3530212], [-71.0702358, 42.3530335], [-71.0702288, 42.3530441], [-71.0702131, 42.3530565], [-71.0701939, 42.3530672], [-71.0701746, 42.3530757], [-71.0701568, 42.3530817], [-71.0701386, 42.3530868], [-71.0701184, 42.3530911], [-71.0701063, 42.353094], [-71.0700957, 42.3530977], [-71.0700843, 42.3531051], [-71.070074, 42.3531133], [-71.0700673, 42.3531225], [-71.0700657, 42.3531312], [-71.0700656, 42.3531441], [-71.0700681, 42.3531547], [-71.0700774, 42.3531766], [-71.0700818, 42.3531903], [-71.0700831, 42.3531978], [-71.0700829, 42.3532052], [-71.0700818, 42.3532192], [-71.0700777, 42.3532298], [-71.0700673, 42.353245], [-71.0700576, 42.3532561], [-71.0700477, 42.3532664], [-71.0700389, 42.3532736], [-71.0700313, 42.3532785], [-71.0700194, 42.3532869], [-71.0700068, 42.3532938], [-71.0699963, 42.3532988], [-71.0699843, 42.3533035], [-71.0699694, 42.3533085], [-71.0699438, 42.3533157], [-71.0699291, 42.3533225], [-71.0699214, 42.353329], [-71.0699153, 42.3533405], [-71.0699086, 42.3533564], [-71.069908, 42.3533737], [-71.0699173, 42.3534249], [-71.0699159, 42.3534398], [-71.0699126, 42.353451], [-71.0699063, 42.3534577], [-71.0698715, 42.3534838], [-71.0698318, 42.3535067], [-71.0698097, 42.3535192], [-71.0697975, 42.3535348], [-71.0697943, 42.3535533], [-71.0697945, 42.3535628], [-71.0697971, 42.3535712], [-71.0698049, 42.3535825], [-71.0698127, 42.3535904], [-71.0698256, 42.3535997], [-71.0698428, 42.3536093], [-71.0699047, 42.3536321], [-71.0699395, 42.3536486], [-71.0699686, 42.3536695], [-71.0699946, 42.3536894], [-71.0700118, 42.35371], [-71.0700268, 42.3537278], [-71.0700504, 42.3537432], [-71.07008, 42.3537559], [-71.0701009, 42.3537626], [-71.0701191, 42.3537673], [-71.0701309, 42.3537749], [-71.0701392, 42.353784], [-71.0701409, 42.3537959], [-71.0701394, 42.3538082], [-71.0701316, 42.3538195], [-71.0701043, 42.3538708], [-71.0700597, 42.3539507], [-71.0700525, 42.3539652], [-71.0700434, 42.3539834], [-71.070037, 42.3539979], [-71.070035, 42.3540119], [-71.0700344, 42.3540237], [-71.0700377, 42.3540367], [-71.0700457, 42.3540586], [-71.0700537, 42.3540809], [-71.0700623, 42.3541025], [-71.0700697, 42.3541204], [-71.0700745, 42.3541307], [-71.0700903, 42.3541621], [-71.0701, 42.3541804], [-71.07011, 42.3541948], [-71.0701307, 42.354222], [-71.0701502, 42.3542437], [-71.0701834, 42.3542726], [-71.0702031, 42.3542896], [-71.0702224, 42.3543074], [-71.0702324, 42.3543214], [-71.0702405, 42.3543389], [-71.0702473, 42.3543577], [-71.0702557, 42.3543767], [-71.0702654, 42.3543918], [-71.0702766, 42.3544029], [-71.0702954, 42.3544144], [-71.0703159, 42.3544231], [-71.0703456, 42.3544327], [-71.0703703, 42.3544426], [-71.0703956, 42.3544497], [-71.070425, 42.3544552], [-71.0704668, 42.3544631], [-71.0705029, 42.3544676], [-71.0705247, 42.3544716], [-71.070551, 42.3544777], [-71.0705689, 42.3544843], [-71.07058, 42.3544893], [-71.0705914, 42.3544963], [-71.0706052, 42.3545048], [-71.0706139, 42.354512], [-71.0706214, 42.3545204], [-71.0706291, 42.354537], [-71.0706313, 42.3545511], [-71.0706295, 42.3545693], [-71.0706204, 42.3545899], [-71.0706082, 42.3546062], [-71.0706049, 42.3546197], [-71.0706077, 42.3546338], [-71.0706145, 42.3546435], [-71.0706239, 42.3546515], [-71.0706411, 42.3546592], [-71.0706598, 42.354663], [-71.0706767, 42.354664], [-71.0707062, 42.354666], [-71.0707382, 42.3546702], [-71.0707624, 42.3546744], [-71.0707818, 42.3546777], [-71.0707937, 42.3546821], [-71.0708075, 42.3546898], [-71.0708186, 42.354696], [-71.0708292, 42.3547034], [-71.070839, 42.3547151], [-71.0708446, 42.3547282], [-71.0708511, 42.354745], [-71.0708537, 42.3547603], [-71.0708538, 42.3547721], [-71.0708526, 42.3547825], [-71.0708483, 42.3547973], [-71.0708424, 42.3548128], [-71.0708361, 42.3548264], [-71.0708213, 42.3548434], [-71.070798, 42.3548606], [-71.0707801, 42.354875], [-71.0707709, 42.3548857], [-71.0707622, 42.3548982], [-71.0707455, 42.3549306], [-71.0707382, 42.3549424], [-71.0707317, 42.3549531], [-71.0707189, 42.354969], [-71.0706988, 42.3549873], [-71.0706693, 42.3550066], [-71.0706471, 42.3550193], [-71.0706162, 42.3550341], [-71.0705904, 42.3550439], [-71.0705628, 42.355052], [-71.0705329, 42.3550589], [-71.0705047, 42.3550641], [-71.0704732, 42.3550668], [-71.0704415, 42.3550688], [-71.0704167, 42.3550698], [-71.0704067, 42.3550726], [-71.0703982, 42.3550765], [-71.0703895, 42.3550828], [-71.0703838, 42.3550886], [-71.0703784, 42.3550959], [-71.0703642, 42.3550911], [-71.0703461, 42.3550855], [-71.0703197, 42.3550767], [-71.0703036, 42.3550733], [-71.0702898, 42.3550705], [-71.0702793, 42.355069], [-71.0702677, 42.3550684], [-71.0702521, 42.3550694], [-71.0702412, 42.3550707], [-71.0702303, 42.3550731], [-71.0702163, 42.3550769], [-71.0702005, 42.3550818], [-71.0701831, 42.3550884], [-71.0701699, 42.3550942], [-71.0701621, 42.3551002], [-71.0701512, 42.3551084], [-71.0701422, 42.3551128], [-71.0701309, 42.3551149], [-71.0701222, 42.355116], [-71.0701111, 42.355116], [-71.0700957, 42.3551143], [-71.0700802, 42.3551097], [-71.0700659, 42.3551037], [-71.0700566, 42.3550956], [-71.0700487, 42.3550878], [-71.0700408, 42.3550778], [-71.070038, 42.3550703], [-71.070039, 42.3550627], [-71.0700423, 42.3550532], [-71.0700471, 42.3550459], [-71.0700627, 42.3550178]]]}, "properties": {"name": "Boston Water"}}, {"type": "Feature", "geometry": {"type": "Polygon", "coordinates": [[[-71.0757414, 42.35672], [-71.0757204, 42.3567373], [-71.0757012, 42.3567522], [-71.075429, 42.3569796], [-71.075397, 42.3570238], [-71.0753623, 42.3570621], [-71.0751971, 42.3571582], [-71.0749663, 42.3572184], [-71.0747178, 42.3572462], [-71.074598, 42.357236], [-71.0745398, 42.3571912], [-71.0745367, 42.3571464], [-71.0745355, 42.3571293], [-71.0745763, 42.3570849], [-71.0749062, 42.3569935], [-71.0750742, 42.3569028], [-71.0751009, 42.3568622], [-71.0751147, 42.3568248], [-71.0751188, 42.3567712], [-71.0750745, 42.3565447], [-71.0750879, 42.3564557], [-71.0751305, 42.3563738], [-71.0751593, 42.3563469], [-71.0752072, 42.3563144], [-71.0753548, 42.3562232], [-71.0755318, 42.3561253], [-71.0756691, 42.3560469], [-71.0758305, 42.3559852], [-71.0760468, 42.3559181], [-71.0772556, 42.3555875], [-71.0775377, 42.3554826], [-71.0775835, 42.3554711], [-71.0776461, 42.3554581], [-71.0777773, 42.3554431], [-71.0778753, 42.3554488], [-71.0781318, 42.355511], [-71.0782344, 42.3555276], [-71.0782875, 42.3555338], [-71.0783447, 42.3555273], [-71.0784332, 42.3555073], [-71.0806191, 42.3549121], [-71.08072, 42.3548681], [-71.0807331, 42.3548593], [-71.0807462, 42.3548482], [-71.0807555, 42.3548375], [-71.0807633, 42.3548258], [-71.0807841, 42.3547831], [-71.0808062, 42.3547445], [-71.0808273, 42.3546954], [-71.0808583, 42.3546267], [-71.0808756, 42.3545943], [-71.0808833, 42.3545794], [-71.0808946, 42.3545645], [-71.080912, 42.3545513], [-71.0809418, 42.3545369], [-71.0809866, 42.3545145], [-71.0810297, 42.3545001], [-71.0810694, 42.3544803], [-71.0810969, 42.3544696], [-71.081122, 42.3544548], [-71.0811741, 42.3544335], [-71.0812304, 42.3544201], [-71.0813675, 42.3543884], [-71.081431, 42.3543947], [-71.081559, 42.354474], [-71.081695, 42.3545195], [-71.0818129, 42.35453], [-71.0819675, 42.3545081], [-71.0842401, 42.3538902], [-71.08432, 42.3538641], [-71.0843678, 42.3538381], [-71.0844231, 42.3538023], [-71.0844783, 42.3537467], [-71.0845327, 42.3536718], [-71.0845409, 42.3536452], [-71.0845295, 42.3535558], [-71.0845306, 42.3535447], [-71.0845347, 42.3535313], [-71.0845442, 42.3535206], [-71.0845589, 42.353513], [-71.0845872, 42.3535054], [-71.0846691, 42.3534834], [-71.0847183, 42.3534704], [-71.0847804, 42.3534537], [-71.0848203, 42.353443], [-71.0851403, 42.3533951], [-71.085174, 42.3533981], [-71.0851942, 42.353407], [-71.0852283, 42.3534266], [-71.0852407, 42.353438], [-71.0852555, 42.3534713], [-71.0852517, 42.3534917], [-71.0852194, 42.3535327], [-71.0850787, 42.353668], [-71.0849113, 42.3538755], [-71.0847735, 42.3540103], [-71.0846208, 42.3540939], [-71.0843702, 42.3541769], [-71.081376, 42.3549819], [-71.0808871, 42.3551167], [-71.0804028, 42.355246], [-71.0788685, 42.355656], [-71.0784364, 42.3557721], [-71.0781882, 42.3558467], [-71.0780552, 42.3559416], [-71.0776493, 42.3560596], [-71.0774459, 42.3560582], [-71.0772736, 42.3560883], [-71.076388, 42.3563264], [-71.0761282, 42.3564368], [-71.0759104, 42.3565738], [-71.0757961, 42.3566727], [-71.0757414, 42.35672]]]}, "properties": {"name": "Boston Water"}}, {"type": "Feature", "geometry": {"type": "Polygon", "coordinates": [[[-71.0742644, 42.3596463], [-71.0741562, 42.3597528], [-71.0740301, 42.3598602], [-71.0740113, 42.3598751], [-71.0739985, 42.359884], [-71.0739876, 42.3598888], [-71.0739777, 42.3598902], [-71.0739669, 42.3598905], [-71.0739538, 42.3598897], [-71.0739398, 42.3598857], [-71.0739315, 42.3598816], [-71.0739233, 42.359876], [-71.0739156, 42.3598654], [-71.073914, 42.3598544], [-71.0739157, 42.3598467], [-71.0739207, 42.3598389], [-71.0739448, 42.3598202], [-71.0740058, 42.3597702], [-71.0741097, 42.3596818], [-71.0742291, 42.3595603], [-71.0742314, 42.3595578], [-71.0743759, 42.3593984], [-71.0744985, 42.3592424], [-71.0745501, 42.3591596], [-71.0746159, 42.3590621], [-71.0746705, 42.3589668], [-71.0746885, 42.3589212], [-71.0746994, 42.3588863], [-71.0747061, 42.3588775], [-71.0747074, 42.3588758], [-71.0747189, 42.3588684], [-71.0747318, 42.3588617], [-71.0747442, 42.3588589], [-71.0747588, 42.3588598], [-71.0747705, 42.3588632], [-71.0747816, 42.3588708], [-71.0747891, 42.3588813], [-71.0747931, 42.3588955], [-71.0747598, 42.3589846], [-71.0746993, 42.3590967], [-71.0746206, 42.3592239], [-71.07454, 42.3593305], [-71.0744754, 42.3594162], [-71.0742644, 42.3596463]]]}, "properties": {"name": "Boston Water"}}, {"type": "Feature", "geometry": {"type": "Polygon", "coordinates": [[[-71.0851026, 42.4023618], [-71.085123, 42.4023263], [-71.0851725, 42.4022921], [-71.085193, 42.4022472], [-71.0852082, 42.402205], [-71.0852287, 42.4021517], [-71.0852502, 42.4021101], [-71.0852661, 42.4020955], [-71.0852846, 42.4020832], [-71.0853152, 42.4020738], [-71.0853497, 42.4020491], [-71.0853884, 42.4019885], [-71.0853963, 42.4019165], [-71.0853889, 42.4018602], [-71.0854054, 42.4018054], [-71.0854015, 42.4017685], [-71.0853961, 42.4017345], [-71.0854055, 42.401703], [-71.0854448, 42.4016876], [-71.0854893, 42.4016809], [-71.0855328, 42.4016763], [-71.0855943, 42.4016731], [-71.0856538, 42.4016703], [-71.0856978, 42.4016571], [-71.0857263, 42.4016409], [-71.0857646, 42.4016387], [-71.0857895, 42.4016332], [-71.0858, 42.4016889], [-71.0858121, 42.4017475], [-71.0858424, 42.4018196], [-71.0858681, 42.4019019], [-71.0858851, 42.4020015], [-71.0858902, 42.4020781], [-71.0858902, 42.4021726], [-71.0858867, 42.4022457], [-71.0858773, 42.402311], [-71.0858459, 42.4023626], [-71.0858056, 42.4024013], [-71.0857669, 42.4024434], [-71.0857559, 42.4024788], [-71.0857556, 42.4025289], [-71.0857371, 42.4025597], [-71.0857018, 42.4025675], [-71.0855892, 42.4025513], [-71.085467, 42.4025453], [-71.0853593, 42.4025601], [-71.0852575, 42.4025665], [-71.0851648, 42.4025982], [-71.0850691, 42.4026457], [-71.0850107, 42.4026629], [-71.084967, 42.4026695], [-71.0849287, 42.402666], [-71.0848996, 42.4026361], [-71.0848872, 42.4025983], [-71.0848918, 42.4025505], [-71.0849185, 42.4025107], [-71.0849495, 42.4024944], [-71.0849895, 42.4024766], [-71.0850539, 42.4024525], [-71.0850827, 42.4024082], [-71.0851026, 42.4023618]]]}, "properties": {"name": "Boston Water"}}, {"type": "Feature", "geometry": {"type": "Polygon", "coordinates": [[[-71.0724949, 42.4113796], [-71.0724947, 42.411513], [-71.072523, 42.4116234], [-71.0725439, 42.4117157], [-71.0725444, 42.4118007], [-71.0725286, 42.4118698], [-71.0725331, 42.4120094], [-71.0725474, 42.4121192], [-71.0725607, 42.4121665], [-71.0725623, 42.4121845], [-71.0725283, 42.4121652], [-71.0724844, 42.4120908], [-71.0724359, 42.4120124], [-71.0723875, 42.411907], [-71.0723486, 42.4117915], [-71.0723296, 42.4117054], [-71.0722846, 42.4115713], [-71.0722758, 42.4115015], [-71.0722725, 42.4113951], [-71.0722776, 42.4113107], [-71.0722802, 42.4112112], [-71.0723165, 42.4111713], [-71.0723503, 42.4111433], [-71.072414, 42.4111036], [-71.0724573, 42.4111004], [-71.072491, 42.4111073], [-71.0725078, 42.4111186], [-71.0725213, 42.4111428], [-71.0725147, 42.4112013], [-71.0725001, 42.4112767], [-71.0724949, 42.4113796]]]}, "properties": {"name": "Boston Water"}}, {"type": "Feature", "geometry": {"type": "Polygon", "coordinates": [[[-71.1004022, 42.4422631], [-71.1003513, 42.442237], [-71.1002914, 42.4422278], [-71.1002264, 42.4422023], [-71.1001757, 42.4421599], [-71.100165, 42.4421132], [-71.1001622, 42.4420546], [-71.100182, 42.442008], [-71.1002179, 42.4419518], [-71.1002519, 42.4419188], [-71.1002829, 42.4418846], [-71.1003091, 42.4418903], [-71.10036, 42.4418882], [-71.1004306, 42.4418935], [-71.1004739, 42.4418959], [-71.100559, 42.4418872], [-71.1006407, 42.4418909], [-71.1007118, 42.4418979], [-71.1007378, 42.4419401], [-71.1007226, 42.4420026], [-71.1006929, 42.442075], [-71.1006573, 42.44217], [-71.1006123, 42.4422576], [-71.1005503, 42.442308], [-71.1004934, 42.4423219], [-71.1004377, 42.4423043], [-71.1004022, 42.4422631]]]}, "properties": {"name": "Boston Water"}}, {"type": "Feature", "geometry": {"type": "Polygon", "coordinates": [[[-71.0961039, 42.4519485], [-71.0961598, 42.4519183], [-71.0961998, 42.4519094], [-71.0962645, 42.4519108], [-71.0963094, 42.4519239], [-71.0963581, 42.451963], [-71.0963884, 42.452026], [-71.0963984, 42.4520942], [-71.096415, 42.4521342], [-71.0964439, 42.4521641], [-71.0964745, 42.4521962], [-71.0965231, 42.4522504], [-71.096598, 42.4523294], [-71.0966942, 42.4524176], [-71.0967257, 42.4524661], [-71.0967361, 42.4525229], [-71.0967204, 42.4525572], [-71.0966752, 42.4525852], [-71.0966411, 42.4526059], [-71.096619, 42.4526373], [-71.0966078, 42.4526773], [-71.0965777, 42.4527396], [-71.0965308, 42.4528026], [-71.096486, 42.4528248], [-71.096438, 42.452828], [-71.0963825, 42.4528115], [-71.0963519, 42.4527669], [-71.096339, 42.4526971], [-71.0963215, 42.452625], [-71.0962652, 42.4525382], [-71.0962177, 42.4525048], [-71.0961549, 42.4524759], [-71.0960637, 42.4524801], [-71.0959663, 42.4524989], [-71.0958844, 42.4524992], [-71.0958088, 42.4524955], [-71.0956667, 42.4525079], [-71.0955958, 42.4525122], [-71.0955696, 42.4525065], [-71.0955544, 42.4524823], [-71.095575, 42.4524368], [-71.0956588, 42.4523976], [-71.0957424, 42.4523698], [-71.0957842, 42.4523401], [-71.0957879, 42.4522968], [-71.0957561, 42.4522624], [-71.0957257, 42.4522133], [-71.0957169, 42.4521643], [-71.0957344, 42.4521256], [-71.0957672, 42.4520857], [-71.095786, 42.452061], [-71.0958035, 42.452029], [-71.095807, 42.4519835], [-71.0958306, 42.4519391], [-71.0958385, 42.4519223], [-71.0958572, 42.4519139], [-71.0959092, 42.4519383], [-71.0959968, 42.451965], [-71.0960558, 42.4519624], [-71.0961039, 42.4519485]]]}, "properties": {"name": "Boston Water"}}, {"type": "Feature", "geometry": {"type": "Polygon", "coordinates": [[[-71.0929917, 42.4592517], [-71.093141, 42.4592972], [-71.0932701, 42.4593365], [-71.0933379, 42.459353], [-71.0934407, 42.4593917], [-71.0934991, 42.4594352], [-71.093554, 42.4594787], [-71.0936616, 42.45951], [-71.0937514, 42.4595687], [-71.0938253, 42.4596169], [-71.0939205, 42.4596276], [-71.0940218, 42.4596208], [-71.0941325, 42.4596356], [-71.0942312, 42.4596645], [-71.0943094, 42.4596946], [-71.0944075, 42.4597591], [-71.0945359, 42.4598715], [-71.0946287, 42.4599782], [-71.0947384, 42.4601092], [-71.0948052, 42.4602124], [-71.0948262, 42.4602523], [-71.0948305, 42.4602906], [-71.0948207, 42.4603328], [-71.0947928, 42.4603536], [-71.0947384, 42.460368], [-71.0946679, 42.460393], [-71.0945946, 42.4604114], [-71.0945286, 42.4603855], [-71.0944599, 42.460368], [-71.0944637, 42.4603367], [-71.0944566, 42.4602935], [-71.0944318, 42.4602688], [-71.0944134, 42.4602065], [-71.094361, 42.460146], [-71.0942551, 42.4601099], [-71.094137, 42.4600823], [-71.0939586, 42.460078], [-71.0938225, 42.4600724], [-71.0936969, 42.4600737], [-71.0935093, 42.4600636], [-71.093414, 42.4599996], [-71.0933417, 42.459909], [-71.0933102, 42.4598239], [-71.0932953, 42.4597185], [-71.0932494, 42.4596605], [-71.093171, 42.4596326], [-71.0931034, 42.4596131], [-71.0930468, 42.4595773], [-71.0930124, 42.4595205], [-71.0929422, 42.4593916], [-71.0928827, 42.459334], [-71.0928398, 42.4592939], [-71.0927618, 42.4592469], [-71.0927187, 42.4592216], [-71.0926758, 42.4591959], [-71.0926262, 42.4591767], [-71.0926027, 42.4591494], [-71.0926174, 42.4591293], [-71.0926608, 42.4591313], [-71.0927404, 42.4591591], [-71.0928656, 42.4592073], [-71.0929917, 42.4592517]]]}, "properties": {"name": "Boston Water"}}, {"type": "Feature", "geometry": {"type": "Polygon", "coordinates": [[[-71.032266, 42.2327097], [-71.0322453, 42.2327405], [-71.0322067, 42.232746], [-71.0321046, 42.2327079], [-71.0320046, 42.2327075], [-71.031944, 42.2327342], [-71.0319261, 42.2327752], [-71.0319413, 42.232844], [-71.0320127, 42.2330176], [-71.0320649, 42.2332147], [-71.0320476, 42.2332945], [-71.031978, 42.2334389], [-71.0319754, 42.2334906], [-71.0319926, 42.2335352], [-71.032037, 42.2335505], [-71.032142, 42.2335335], [-71.0322185, 42.2334854], [-71.0323696, 42.2333403], [-71.0324434, 42.2333446], [-71.0325321, 42.2333663], [-71.0325624, 42.233385], [-71.0325543, 42.2335335], [-71.0326009, 42.2335821], [-71.0327157, 42.233667], [-71.0328059, 42.2337596], [-71.0327881, 42.2338603], [-71.0327385, 42.2339428], [-71.0326478, 42.2339987], [-71.0325857, 42.2340232], [-71.0325201, 42.2340702], [-71.0323947, 42.2342278], [-71.0323482, 42.2342462], [-71.0322633, 42.2342565], [-71.0322068, 42.2342422], [-71.0320895, 42.2341275], [-71.0319326, 42.2340593], [-71.0316751, 42.2340842], [-71.0315512, 42.2341253], [-71.0314322, 42.2341451], [-71.0311904, 42.2342234], [-71.0311103, 42.2342259], [-71.0310665, 42.2341942], [-71.0310405, 42.2341187], [-71.0310548, 42.2340316], [-71.0311419, 42.233804], [-71.0314187, 42.233745], [-71.0314484, 42.2337181], [-71.0314503, 42.2336415], [-71.0314382, 42.2335655], [-71.0314071, 42.2335136], [-71.0313738, 42.2334949], [-71.0312834, 42.2334766], [-71.0312067, 42.2334059], [-71.0309931, 42.2333882], [-71.0311436, 42.2332042], [-71.0312334, 42.2329238], [-71.0312514, 42.2328169], [-71.0314332, 42.2328042], [-71.0315553, 42.2327794], [-71.031634, 42.2327003], [-71.0316406, 42.2326582], [-71.0318097, 42.2326206], [-71.0320238, 42.2325523], [-71.0321237, 42.2325527], [-71.0322165, 42.2325936], [-71.0322601, 42.2326399], [-71.032266, 42.2327097]]]}, "properties": {"name": "Boston Water"}}, {"type": "Feature", "geometry": {"type": "Polygon", "coordinates": [[[-71.0314208, 42.2364465], [-71.0311911, 42.2363375], [-71.0311337, 42.2362945], [-71.0310223, 42.236119], [-71.0305528, 42.2357412], [-71.0305153, 42.2356404], [-71.0305408, 42.2354733], [-71.0306443, 42.2351992], [-71.0307063, 42.2351088], [-71.0307693, 42.2349825], [-71.030814, 42.2348459], [-71.030833, 42.2346952], [-71.0308954, 42.2345163], [-71.0310205, 42.2343782], [-71.0310536, 42.2343455], [-71.031135, 42.2343372], [-71.0311899, 42.2343171], [-71.0312796, 42.2343018], [-71.0313947, 42.2342773], [-71.0315653, 42.234245], [-71.0316175, 42.2342426], [-71.0316434, 42.2342579], [-71.0316473, 42.23429], [-71.0316276, 42.2343355], [-71.0314834, 42.2345167], [-71.0314697, 42.2345701], [-71.0315237, 42.234702], [-71.0316338, 42.23486], [-71.0316858, 42.2348726], [-71.0317428, 42.2348649], [-71.0318761, 42.2348852], [-71.0319446, 42.2349203], [-71.0319974, 42.2349633], [-71.032039, 42.2350231], [-71.0320548, 42.2350716], [-71.0320615, 42.2351802], [-71.0320336, 42.235318], [-71.0320993, 42.2354015], [-71.032164, 42.2355289], [-71.0321671, 42.2355931], [-71.0320453, 42.2358616], [-71.0319776, 42.2361877], [-71.0320061, 42.2363538], [-71.0319929, 42.2365833], [-71.0319704, 42.2366209], [-71.031837, 42.2366924], [-71.0317304, 42.236713], [-71.0316609, 42.2367024], [-71.0315924, 42.2366762], [-71.0315053, 42.2365149], [-71.0314708, 42.2364804], [-71.0314208, 42.2364465]]]}, "properties": {"name": "Boston Water"}}, {"type": "Feature", "geometry": {"type": "Polygon", "coordinates": [[[-71.0665691, 42.3694064], [-71.0666138, 42.3694459], [-71.0666767, 42.3695155], [-71.0667491, 42.3695637], [-71.0667297, 42.3695792], [-71.0667047, 42.3695982], [-71.0664054, 42.3694586], [-71.0663711, 42.3694099], [-71.0663507, 42.3693816], [-71.0663917, 42.3693772], [-71.0663912, 42.3693728], [-71.0663904, 42.3693669], [-71.066388, 42.369347], [-71.0663864, 42.3693311], [-71.0663856, 42.3693238], [-71.0663849, 42.3693166], [-71.0662409, 42.3693235], [-71.0659315, 42.3693316], [-71.0657079, 42.3691609], [-71.065511, 42.369004], [-71.0651662, 42.3690598], [-71.0652706, 42.3691328], [-71.0653366, 42.369179], [-71.0654329, 42.3692464], [-71.0655406, 42.3693398], [-71.065222, 42.3693472], [-71.0651786, 42.3693522], [-71.0651176, 42.3693785], [-71.0650709, 42.3693999], [-71.065011, 42.3694297], [-71.0647341, 42.3695059], [-71.0646713, 42.3694937], [-71.0643989, 42.3694562], [-71.0643032, 42.3694396], [-71.0642356, 42.3694258], [-71.0641768, 42.3694059], [-71.0641119, 42.3693859], [-71.0640586, 42.3693784], [-71.0639987, 42.3693698], [-71.0639423, 42.3693701], [-71.0638302, 42.369372], [-71.0637148, 42.3693771], [-71.0636024, 42.3693908], [-71.0635237, 42.3693905], [-71.0634195, 42.3693941], [-71.062392, 42.3694136], [-71.0619219, 42.3693555], [-71.0618209, 42.3693748], [-71.0617593, 42.3691621], [-71.0616452, 42.3687683], [-71.0618506, 42.3687348], [-71.0620686, 42.3686992], [-71.062053, 42.3686431], [-71.0620444, 42.3686087], [-71.0620141, 42.3685025], [-71.0621883, 42.3684724], [-71.0621791, 42.3684353], [-71.0620731, 42.3683956], [-71.0619193, 42.3684187], [-71.0617524, 42.3684464], [-71.0617432, 42.3684145], [-71.0617364, 42.368387], [-71.0617945, 42.3683633], [-71.0618482, 42.368338], [-71.0618918, 42.3683093], [-71.0618911, 42.3683022], [-71.0618385, 42.3682859], [-71.0617038, 42.3682774], [-71.0616964, 42.3682489], [-71.0616885, 42.3682197], [-71.0617298, 42.3682114], [-71.0617554, 42.3681998], [-71.0617809, 42.3681883], [-71.0618026, 42.3681712], [-71.0618026, 42.3681635], [-71.0617711, 42.368155], [-71.06171, 42.3681532], [-71.0616702, 42.3681561], [-71.0616626, 42.3681277], [-71.0616626, 42.3681078], [-71.0616719, 42.3680866], [-71.061693, 42.368067], [-71.0617663, 42.3680342], [-71.0618323, 42.3680072], [-71.0619243, 42.3679791], [-71.0619988, 42.3679671], [-71.0620734, 42.3679651], [-71.062151, 42.3679684], [-71.0623001, 42.367991], [-71.0624402, 42.3680174], [-71.0625522, 42.3680532], [-71.0626214, 42.3680845], [-71.0627136, 42.3681101], [-71.062899, 42.3681344], [-71.0631587, 42.3682108], [-71.0634789, 42.3682877], [-71.0636604, 42.3683619], [-71.0637726, 42.3683944], [-71.0638818, 42.3684392], [-71.0640693, 42.368512], [-71.0641711, 42.3685462], [-71.0645577, 42.3686849], [-71.0647375, 42.3687854], [-71.0649316, 42.3689175], [-71.0651348, 42.3688842], [-71.0653168, 42.3688543], [-71.0652815, 42.3688354], [-71.0652124, 42.3687843], [-71.0650974, 42.368698], [-71.0650369, 42.368647], [-71.0649714, 42.368585], [-71.0649684, 42.3685822], [-71.064834, 42.3684565], [-71.0647274, 42.3683267], [-71.0647425, 42.3683164], [-71.064979, 42.3683088], [-71.0650803, 42.3683063], [-71.0650492, 42.36836], [-71.0652868, 42.3684428], [-71.0653848, 42.3682949], [-71.0656709, 42.3682852], [-71.0657036, 42.3682461], [-71.0657554, 42.368182], [-71.0658501, 42.3681694], [-71.0659423, 42.368145], [-71.0660561, 42.3681271], [-71.0661906, 42.3681104], [-71.066314, 42.3680831], [-71.0664988, 42.3680328], [-71.0666872, 42.3679554], [-71.0668503, 42.3678801], [-71.0669628, 42.3678332], [-71.0670862, 42.3677654], [-71.0671688, 42.3677217], [-71.067247, 42.3676862], [-71.0673484, 42.3676525], [-71.0674834, 42.3676063], [-71.0679741, 42.3674349], [-71.0680559, 42.3673991], [-71.0681235, 42.3673586], [-71.0681778, 42.3673195], [-71.0682179, 42.3672646], [-71.0682518, 42.3672042], [-71.0682789, 42.3671328], [-71.0682931, 42.3670709], [-71.0683112, 42.3670424], [-71.06833, 42.367013], [-71.0684057, 42.3669551], [-71.0686543, 42.3670691], [-71.0689301, 42.3672157], [-71.0691093, 42.3670323], [-71.0694848, 42.366639], [-71.0698497, 42.3662441], [-71.0699714, 42.3661122], [-71.0700394, 42.3661504], [-71.070106, 42.3661878], [-71.0692593, 42.3671002], [-71.0690791, 42.3672885], [-71.0693503, 42.3674252], [-71.070144, 42.3678381], [-71.0702169, 42.3678756], [-71.0705929, 42.3680706], [-71.0706645, 42.3681077], [-71.0710468, 42.368306], [-71.0711171, 42.3683424], [-71.0715086, 42.3685455], [-71.0715795, 42.3685822], [-71.0716162, 42.3685858], [-71.0717875, 42.3686709], [-71.0719558, 42.3687572], [-71.0719936, 42.3687777], [-71.0718931, 42.3688805], [-71.071895, 42.3688928], [-71.0719004, 42.3689167], [-71.0717226, 42.3691378], [-71.0717052, 42.3691518], [-71.0716831, 42.3691626], [-71.0715036, 42.3692361], [-71.0714808, 42.3692404], [-71.0714551, 42.369237], [-71.0714318, 42.3692283], [-71.0714052, 42.3692121], [-71.071337, 42.3691604], [-71.0712171, 42.3692162], [-71.0697189, 42.3684526], [-71.069648, 42.3685273], [-71.0695642, 42.3686155], [-71.0696045, 42.3686332], [-71.0695568, 42.3686825], [-71.0694949, 42.3687466], [-71.0694224, 42.3687181], [-71.0694042, 42.3687109], [-71.0693822, 42.3687143], [-71.0693623, 42.368726], [-71.0693037, 42.3687624], [-71.069255, 42.3687967], [-71.0692197, 42.3688129], [-71.0691694, 42.3688313], [-71.0691132, 42.3688454], [-71.0690492, 42.3688569], [-71.0689794, 42.3688614], [-71.0689174, 42.3688626], [-71.0688628, 42.3688587], [-71.0688164, 42.3688523], [-71.0687704, 42.3688408], [-71.0687314, 42.3688359], [-71.068693, 42.3688415], [-71.0686656, 42.3688556], [-71.0686358, 42.3688742], [-71.0686173, 42.3688949], [-71.0685844, 42.3689638], [-71.0685528, 42.3690213], [-71.0685082, 42.3690989], [-71.0684513, 42.3691696], [-71.0683794, 42.369237], [-71.0683145, 42.3692876], [-71.0682463, 42.3693326], [-71.0681723, 42.3693699], [-71.0680895, 42.3694008], [-71.0680021, 42.3694269], [-71.0679043, 42.3694492], [-71.0677906, 42.3694633], [-71.0676715, 42.3694723], [-71.0675585, 42.3694735], [-71.0674451, 42.3694694], [-71.0673366, 42.3694531], [-71.0672273, 42.3694344], [-71.067112, 42.3694092], [-71.0670081, 42.3693789], [-71.0669054, 42.3693467], [-71.0668013, 42.3693052], [-71.0667855, 42.3692733], [-71.0666977, 42.3692878], [-71.0666214, 42.369297], [-71.0665137, 42.369306], [-71.0665151, 42.3693209], [-71.0665175, 42.3693576], [-71.0665182, 42.3693677], [-71.0665744, 42.369363], [-71.0665691, 42.3694064]]]}, "properties": {"name": "Boston Water"}}, {"type": "Feature", "geometry": {"type": "Polygon", "coordinates": [[[-70.9973764, 42.4282113], [-70.9974094, 42.4281687], [-70.9974621, 42.4281278], [-70.9975242, 42.4280814], [-70.9975787, 42.4280484], [-70.9976216, 42.4280244], [-70.9976838, 42.4279904], [-70.9977581, 42.4279598], [-70.9978105, 42.4279397], [-70.9978305, 42.4279246], [-70.997913, 42.4279137], [-70.9979791, 42.4278971], [-70.9980381, 42.4278799], [-70.9980748, 42.4278677], [-70.9981063, 42.4278515], [-70.998146, 42.427845], [-70.9981972, 42.4278474], [-70.9982435, 42.4278533], [-70.9982849, 42.4278619], [-70.9983082, 42.4278676], [-70.9983294, 42.4278953], [-70.998349, 42.4279319], [-70.9983672, 42.4279889], [-70.9983562, 42.4280327], [-70.9983465, 42.4280794], [-70.9983291, 42.4281237], [-70.9983058, 42.4281658], [-70.9982808, 42.4282], [-70.9982497, 42.4282252], [-70.9981972, 42.4282329], [-70.998146, 42.428227], [-70.9980709, 42.4282199], [-70.9980183, 42.4282208], [-70.9979515, 42.4282352], [-70.9978854, 42.4282613], [-70.9978233, 42.428292], [-70.9977506, 42.4283316], [-70.9976992, 42.4283702], [-70.9976228, 42.4284273], [-70.9975717, 42.4284817], [-70.9975453, 42.4285288], [-70.9975125, 42.428572], [-70.9974688, 42.428623], [-70.9974113, 42.4286892], [-70.9973552, 42.4287429], [-70.997307, 42.4287849], [-70.9972234, 42.4288211], [-70.9971446, 42.4288472], [-70.9970749, 42.4288762], [-70.99699, 42.4288966], [-70.9969158, 42.4289098], [-70.9968461, 42.4289174], [-70.9967767, 42.4289255], [-70.9967103, 42.4289432], [-70.9966655, 42.4289475], [-70.9966362, 42.4289497], [-70.9966131, 42.4289451], [-70.9966071, 42.4289141], [-70.9966247, 42.4288731], [-70.9966881, 42.4288267], [-70.9967407, 42.4287993], [-70.9967873, 42.4287686], [-70.9968231, 42.4287541], [-70.9968462, 42.4287368], [-70.9968927, 42.4287223], [-70.9969425, 42.4286607], [-70.9969967, 42.4286041], [-70.9970482, 42.4285548], [-70.997087, 42.4285184], [-70.997126, 42.428491], [-70.9971478, 42.4284708], [-70.9971682, 42.4284264], [-70.997199, 42.4284058], [-70.9972394, 42.4283649], [-70.9972767, 42.4283251], [-70.997311, 42.4282841], [-70.9973407, 42.4282511], [-70.9973764, 42.4282113]]]}, "properties": {"name": "Boston Water"}}, {"type": "Feature", "geometry": {"type": "Polygon", "coordinates": [[[-70.9977149, 42.4308427], [-70.9977581, 42.430826], [-70.9978016, 42.4308009], [-70.997848, 42.430769], [-70.9978657, 42.4307438], [-70.9979037, 42.4307619], [-70.9979363, 42.4307711], [-70.99797, 42.4307808], [-70.9980009, 42.4307877], [-70.998044, 42.4307946], [-70.9980872, 42.4307971], [-70.9981486, 42.4307945], [-70.9982061, 42.4307936], [-70.998257, 42.4307939], [-70.998306, 42.4307952], [-70.9983572, 42.4307988], [-70.9984417, 42.4308093], [-70.9985156, 42.4308209], [-70.9985663, 42.4308278], [-70.9986188, 42.4308393], [-70.9986649, 42.4308463], [-70.9987328, 42.4308522], [-70.9987882, 42.4308569], [-70.9988298, 42.4308594], [-70.9988778, 42.4308641], [-70.9989122, 42.4308575], [-70.9989702, 42.4308656], [-70.9990441, 42.4308851], [-70.9990951, 42.430901], [-70.9991519, 42.4309137], [-70.9992524, 42.4309394], [-70.999283, 42.4309874], [-70.9993135, 42.4310128], [-70.9993534, 42.4310366], [-70.999375, 42.4310457], [-70.9993979, 42.431056], [-70.9994317, 42.4310736], [-70.9994673, 42.4310906], [-70.9995042, 42.4311031], [-70.9995411, 42.431114], [-70.9996029, 42.4311323], [-70.9996582, 42.4311528], [-70.9997105, 42.4311654], [-70.9997615, 42.4311763], [-70.9998337, 42.4311946], [-70.9999045, 42.4312219], [-70.999989, 42.4312442], [-71.0000508, 42.4312569], [-71.0001061, 42.4312751], [-71.0001709, 42.4312957], [-71.0002093, 42.431311], [-71.0002648, 42.4313326], [-71.0003185, 42.4313571], [-71.000374, 42.4313776], [-71.0004236, 42.4313997], [-71.0004468, 42.4314156], [-71.0004876, 42.4314445], [-71.0005262, 42.431466], [-71.0006991, 42.4314492], [-71.000853, 42.4314342], [-71.00087, 42.4314275], [-71.0009049, 42.4314553], [-71.0009336, 42.4314695], [-71.0009779, 42.4314871], [-71.0010229, 42.4314901], [-71.0010556, 42.4314891], [-71.00108, 42.4314768], [-71.0011068, 42.4314522], [-71.001123, 42.4314202], [-71.0011548, 42.4313821], [-71.001202, 42.4313435], [-71.0012448, 42.4313133], [-71.0013164, 42.4312849], [-71.001391, 42.4312582], [-71.0014483, 42.4312444], [-71.0014852, 42.4312608], [-71.0014919, 42.4312845], [-71.0015171, 42.4313319], [-71.0015369, 42.4313984], [-71.001547, 42.4314372], [-71.0015417, 42.4314648], [-71.0015362, 42.4314895], [-71.0015186, 42.4315102], [-71.0014957, 42.4315248], [-71.0014533, 42.431546], [-71.0014312, 42.4315583], [-71.0013847, 42.4315778], [-71.0013444, 42.43159], [-71.0013102, 42.4316123], [-71.0012711, 42.4316392], [-71.0012643, 42.4316577], [-71.0012494, 42.4316858], [-71.0012353, 42.43172], [-71.0012277, 42.4317622], [-71.0012194, 42.4317869], [-71.0012252, 42.431819], [-71.0012344, 42.4318573], [-71.0012582, 42.4318929], [-71.0012782, 42.4319149], [-71.0013039, 42.4319268], [-71.0013594, 42.4319411], [-71.0014003, 42.4319666], [-71.0014276, 42.4319898], [-71.0014518, 42.4320096], [-71.0014664, 42.4320339], [-71.0015122, 42.4320538], [-71.00157, 42.4320867], [-71.0016588, 42.4321264], [-71.0017323, 42.4321706], [-71.0017714, 42.4321972], [-71.0018306, 42.432247], [-71.0018626, 42.4322849], [-71.0018927, 42.4323171], [-71.0019434, 42.4323448], [-71.0020118, 42.4323913], [-71.0020763, 42.4324248], [-71.0021279, 42.4324458], [-71.0021574, 42.4324645], [-71.0021867, 42.4324776], [-71.002219, 42.4324867], [-71.0022555, 42.4324807], [-71.0022804, 42.4324757], [-71.0023179, 42.4324669], [-71.0023766, 42.4324621], [-71.0024243, 42.4324566], [-71.0024784, 42.4324513], [-71.0025214, 42.4324503], [-71.0025633, 42.4324544], [-71.0025972, 42.4324647], [-71.0026753, 42.4324881], [-71.002732, 42.4325176], [-71.0027607, 42.4325357], [-71.0027883, 42.4325533], [-71.0028176, 42.4325743], [-71.0028436, 42.4325766], [-71.0028538, 42.4325592], [-71.00289, 42.4325633], [-71.0029365, 42.4325624], [-71.0030039, 42.4325677], [-71.003087, 42.432581], [-71.0031627, 42.4325887], [-71.0032196, 42.4325979], [-71.003301, 42.4326079], [-71.0033178, 42.4326197], [-71.0033402, 42.4326356], [-71.0033708, 42.4326571], [-71.0035067, 42.4326881], [-71.0035852, 42.4327081], [-71.003662, 42.4327197], [-71.0037409, 42.432729], [-71.0038212, 42.4327367], [-71.0038827, 42.432737], [-71.0039535, 42.432744], [-71.0040061, 42.4327454], [-71.0040795, 42.4327547], [-71.0041228, 42.4327538], [-71.0041846, 42.4327422], [-71.0042092, 42.4327507], [-71.0042849, 42.4327663], [-71.0043498, 42.432771], [-71.0044256, 42.4327669], [-71.004532, 42.4327606], [-71.0046462, 42.4327436], [-71.0047398, 42.4327226], [-71.0048113, 42.43271], [-71.0048839, 42.4327047], [-71.0049487, 42.4327039], [-71.0050258, 42.4326929], [-71.0051043, 42.4326831], [-71.0051971, 42.4326745], [-71.0052606, 42.4326641], [-71.0053254, 42.4326565], [-71.0053776, 42.4326624], [-71.0054453, 42.4326638], [-71.0055932, 42.4326987], [-71.0057564, 42.4327535], [-71.0060424, 42.4328807], [-71.0062344, 42.432975], [-71.00642, 42.4330917], [-71.0065073, 42.4331455], [-71.0066059, 42.4332101], [-71.0066556, 42.4332598], [-71.0067069, 42.4333112], [-71.006731, 42.4333355], [-71.006777, 42.4333813], [-71.0068289, 42.4334648], [-71.0068655, 42.4335178], [-71.006893, 42.4335568], [-71.0069187, 42.4335884], [-71.0069527, 42.4336206], [-71.0069895, 42.4336382], [-71.0070294, 42.4336463], [-71.0071191, 42.4336596], [-71.007245, 42.4336849], [-71.0072856, 42.4336907], [-71.0073438, 42.4337005], [-71.0073946, 42.4337108], [-71.0074501, 42.4337235], [-71.0074977, 42.4337355], [-71.007539, 42.4337458], [-71.0075823, 42.4337538], [-71.0076332, 42.4337462], [-71.0076519, 42.4337339], [-71.0076799, 42.4337008], [-71.0077124, 42.4336919], [-71.0077493, 42.4337135], [-71.0077876, 42.4337665], [-71.0078442, 42.4338124], [-71.0079025, 42.4338458], [-71.0079643, 42.4338584], [-71.0080213, 42.4338705], [-71.0080841, 42.4338775], [-71.0081523, 42.4338846], [-71.008187, 42.4338887], [-71.0082692, 42.4339104], [-71.0083615, 42.4339327], [-71.0084383, 42.4339477], [-71.0085339, 42.4339678], [-71.0086171, 42.4339906], [-71.0087093, 42.4340209], [-71.0087599, 42.4340312], [-71.0088219, 42.4340467], [-71.0088848, 42.4340604], [-71.008945, 42.4340691], [-71.0089865, 42.4340738], [-71.0090283, 42.4340672], [-71.0090626, 42.4340601], [-71.0091026, 42.4340366], [-71.0091197, 42.4339714], [-71.0091342, 42.4339051], [-71.0091332, 42.4338218], [-71.0091001, 42.4337463], [-71.0090455, 42.4336442], [-71.0090137, 42.4335619], [-71.0089817, 42.4334987], [-71.0089562, 42.433453], [-71.0089085, 42.4333808], [-71.0088936, 42.4333543], [-71.0088812, 42.4333334], [-71.0088659, 42.4333154], [-71.0088541, 42.4332742], [-71.0088476, 42.4332376], [-71.0088577, 42.433209], [-71.0088515, 42.4331898], [-71.0088794, 42.4331691], [-71.0088919, 42.4331472], [-71.0089045, 42.4331231], [-71.008917, 42.4330961], [-71.0089342, 42.4330653], [-71.0089595, 42.4330356], [-71.0089856, 42.4329991], [-71.0090198, 42.4329615], [-71.0090716, 42.432901], [-71.0091257, 42.4328556], [-71.0091533, 42.4328153], [-71.0091733, 42.4327855], [-71.009193, 42.4327715], [-71.0092246, 42.4327576], [-71.0092576, 42.4327454], [-71.0092884, 42.4327365], [-71.0093455, 42.432717], [-71.0093677, 42.4327003], [-71.0093705, 42.4326817], [-71.0094, 42.4326649], [-71.0094125, 42.4326492], [-71.0094184, 42.4326228], [-71.0094036, 42.4325986], [-71.009373, 42.4325748], [-71.0093268, 42.4325527], [-71.0092361, 42.4325028], [-71.0091591, 42.4324833], [-71.0090653, 42.432461], [-71.0089698, 42.4324341], [-71.0088774, 42.4324056], [-71.0087451, 42.4323696], [-71.0086296, 42.4323505], [-71.0085113, 42.4323292], [-71.0083744, 42.4322841], [-71.0083282, 42.4322648], [-71.0082991, 42.4322394], [-71.0082885, 42.4322084], [-71.00827, 42.432152], [-71.0082601, 42.4321075], [-71.0082619, 42.4320698], [-71.0082727, 42.4320496], [-71.0083023, 42.4320211], [-71.0083318, 42.431997], [-71.0084, 42.4319686], [-71.0084462, 42.4319598], [-71.008511, 42.4319556], [-71.0086177, 42.4319583], [-71.0087112, 42.4319665], [-71.0087974, 42.4319742], [-71.0088842, 42.4319859], [-71.0089548, 42.4319974], [-71.0090424, 42.4320186], [-71.0091283, 42.4320499], [-71.0091992, 42.4320879], [-71.009253, 42.432136], [-71.0092818, 42.4321867], [-71.0093092, 42.4322302], [-71.0093476, 42.4322759], [-71.0094119, 42.4323381], [-71.00945, 42.4323681], [-71.009541, 42.432414], [-71.0095792, 42.4324316], [-71.0096349, 42.4324246], [-71.0096689, 42.4324044], [-71.0097108, 42.4323804], [-71.009751, 42.4323395], [-71.0097976, 42.432302], [-71.0098521, 42.4322578], [-71.0099202, 42.4322148], [-71.0099743, 42.4321964], [-71.0100035, 42.4321741], [-71.010021, 42.4321511], [-71.0100336, 42.4321213], [-71.0100586, 42.4320724], [-71.0100745, 42.4320072], [-71.0100752, 42.4319127], [-71.0100758, 42.4318429], [-71.010075, 42.431749], [-71.0100874, 42.4317125], [-71.0101153, 42.4316873], [-71.0101513, 42.4316542], [-71.0102037, 42.4316297], [-71.0103028, 42.4316104], [-71.010392, 42.431595], [-71.0104881, 42.4315943], [-71.0105837, 42.4316037], [-71.0106449, 42.4316147], [-71.0107389, 42.4316443], [-71.010839, 42.4316678], [-71.0109346, 42.4316795], [-71.0110239, 42.4316928], [-71.0111472, 42.431708], [-71.0112856, 42.4317108], [-71.0114447, 42.4317177], [-71.0115797, 42.4317739], [-71.0116508, 42.4318086], [-71.0117089, 42.4318353], [-71.0117752, 42.4318552], [-71.0118506, 42.4318567], [-71.0119604, 42.4318504], [-71.0120423, 42.43184], [-71.0121238, 42.4318291], [-71.0122165, 42.4318104], [-71.0123124, 42.4317855], [-71.0124328, 42.4317837], [-71.0125778, 42.4317889], [-71.012685, 42.4318248], [-71.0127421, 42.4318548], [-71.0128068, 42.4318917], [-71.0128713, 42.4319173], [-71.0129528, 42.4319154], [-71.0130393, 42.4318983], [-71.0131135, 42.4318828], [-71.0132004, 42.4318635], [-71.0133452, 42.4318574], [-71.0135213, 42.4318412], [-71.0136492, 42.4318283], [-71.0137807, 42.4318001], [-71.0139382, 42.4317789], [-71.0140876, 42.4317626], [-71.014213, 42.4317356], [-71.0143445, 42.4316973], [-71.0144588, 42.4316499], [-71.014663, 42.4315929], [-71.0148017, 42.431576], [-71.0149006, 42.4315798], [-71.0149759, 42.431593], [-71.0150637, 42.43163], [-71.0151745, 42.4316682], [-71.0152484, 42.4316972], [-71.0153132, 42.4317076], [-71.0153696, 42.4317089], [-71.0154607, 42.4317194], [-71.0155545, 42.4317361], [-71.0156408, 42.4317585], [-71.0157312, 42.4317988], [-71.0158048, 42.4318548], [-71.0158756, 42.4319091], [-71.0159278, 42.4319617], [-71.0159948, 42.4320694], [-71.0160237, 42.4321157], [-71.016059, 42.4321361], [-71.0161266, 42.4321729], [-71.0162667, 42.4322185], [-71.0164282, 42.4322558], [-71.0165497, 42.4323131], [-71.0166697, 42.4323677], [-71.0167477, 42.4324158], [-71.0168243, 42.4324893], [-71.0169386, 42.4326349], [-71.0170011, 42.43275], [-71.017053, 42.4328481], [-71.0170907, 42.4329867], [-71.017114, 42.4331128], [-71.0171286, 42.4332485], [-71.0171302, 42.4334032], [-71.0171079, 42.4335173], [-71.0170497, 42.4336825], [-71.017025, 42.4338563], [-71.016951, 42.4340388], [-71.016884, 42.4341404], [-71.0167743, 42.4341788], [-71.0166677, 42.4342183], [-71.0165686, 42.4342556], [-71.0163755, 42.4343301], [-71.0162039, 42.4344026], [-71.0160982, 42.4344387], [-71.0160009, 42.4344704], [-71.0159493, 42.4344882], [-71.0158656, 42.4344315], [-71.0157839, 42.4344132], [-71.0156639, 42.434393], [-71.0155929, 42.4343859], [-71.0154707, 42.4343753], [-71.0153985, 42.4343772], [-71.0153168, 42.4343859], [-71.0152379, 42.4343968], [-71.0151407, 42.4344127], [-71.0150423, 42.4344157], [-71.0149263, 42.4344186], [-71.0148122, 42.4344158], [-71.0146888, 42.4344058], [-71.0145257, 42.4344017], [-71.0143895, 42.4344079], [-71.0142445, 42.4344084], [-71.0141294, 42.4344068], [-71.0140303, 42.4343962], [-71.0139674, 42.4343853], [-71.0138778, 42.4343781], [-71.013818, 42.434379], [-71.0137359, 42.4343843], [-71.0136463, 42.4343839], [-71.0135692, 42.4343746], [-71.013494, 42.4343619], [-71.0133984, 42.4343384], [-71.0132911, 42.4342991], [-71.01314, 42.4342321], [-71.0129944, 42.4341285], [-71.012897, 42.4340055], [-71.0128404, 42.4339096], [-71.0128133, 42.4338273], [-71.0128357, 42.4337267], [-71.0128274, 42.4335983], [-71.0128293, 42.4335308], [-71.0128141, 42.4335004], [-71.0127826, 42.4334761], [-71.012739, 42.4334607], [-71.0126959, 42.4334436], [-71.0126513, 42.4334389], [-71.0126033, 42.4334522], [-71.0125555, 42.4334751], [-71.0125152, 42.4335019], [-71.0124486, 42.4335478], [-71.0123707, 42.4335998], [-71.012298, 42.4336428], [-71.0122329, 42.433692], [-71.012154, 42.4337283], [-71.012089, 42.4337539], [-71.0120025, 42.4337777], [-71.0119407, 42.4337853], [-71.0118696, 42.4337907], [-71.0118003, 42.4337892], [-71.0117494, 42.433789], [-71.0116679, 42.4337943], [-71.0115825, 42.4338148], [-71.011524, 42.4338348], [-71.0114794, 42.4338588], [-71.0114466, 42.4338811], [-71.0113907, 42.4339186], [-71.0113592, 42.4339579], [-71.0113394, 42.4339882], [-71.0113172, 42.4340168], [-71.0113122, 42.4340499], [-71.0113228, 42.4341012], [-71.0113317, 42.4341541], [-71.0113424, 42.4341733], [-71.0113603, 42.4341897], [-71.0114128, 42.4341978], [-71.0114795, 42.4341969], [-71.0115626, 42.4341995], [-71.0115906, 42.4342205], [-71.0115932, 42.4342447], [-71.0115991, 42.4342729], [-71.0116112, 42.4343016], [-71.0115971, 42.4343347], [-71.0115783, 42.4343622], [-71.0115411, 42.4343801], [-71.011503, 42.434394], [-71.0114409, 42.4343898], [-71.0113867, 42.4343817], [-71.0113286, 42.4343859], [-71.0112928, 42.4343965], [-71.0112587, 42.4344132], [-71.0112355, 42.4344305], [-71.0112155, 42.4344473], [-71.0111737, 42.4344714], [-71.0111052, 42.4345166], [-71.0110592, 42.4345463], [-71.0109736, 42.4345926], [-71.0109253, 42.4346436], [-71.0108923, 42.4346919], [-71.0109171, 42.4347212], [-71.0109431, 42.4347264], [-71.0109678, 42.4347214], [-71.0110082, 42.434707], [-71.0110621, 42.4346808], [-71.0111411, 42.4346563], [-71.0112336, 42.4346382], [-71.0112864, 42.4346373], [-71.0113436, 42.4346527], [-71.0114172, 42.4346598], [-71.011462, 42.4346622], [-71.0115512, 42.4346671], [-71.011698, 42.4346688], [-71.0118056, 42.4346547], [-71.0119309, 42.4346552], [-71.0120328, 42.434668], [-71.012114, 42.4346982], [-71.0122062, 42.4347351], [-71.0122708, 42.4347804], [-71.0123508, 42.4348252], [-71.0124427, 42.4348745], [-71.0125164, 42.4349199], [-71.012584, 42.4349736], [-71.012677, 42.4350325], [-71.0127537, 42.4350818], [-71.0128508, 42.4351278], [-71.0129475, 42.4351625], [-71.0130804, 42.4351963], [-71.013236, 42.4352076], [-71.0133511, 42.4352526], [-71.0134763, 42.4352694], [-71.0136084, 42.435279], [-71.0137335, 42.435284], [-71.0138364, 42.4352856], [-71.0139633, 42.4352839], [-71.0141393, 42.4352688], [-71.0142607, 42.4352558], [-71.01438, 42.435231], [-71.0145271, 42.4351951], [-71.0146671, 42.4351602], [-71.0148063, 42.4351332], [-71.0149904, 42.4350907], [-71.0150939, 42.4350652], [-71.0152175, 42.4350224], [-71.0153149, 42.434984], [-71.0154003, 42.4349405], [-71.015484, 42.4348885], [-71.0155368, 42.4348454], [-71.0155662, 42.4348185], [-71.0156158, 42.4347928], [-71.0157272, 42.4347545], [-71.0159574, 42.4346688], [-71.0161031, 42.434616], [-71.0162904, 42.4345571], [-71.0165128, 42.4344748], [-71.016728, 42.4344025], [-71.0168141, 42.4343871], [-71.01687, 42.4343609], [-71.0169556, 42.4343157], [-71.0170233, 42.4342918], [-71.01713, 42.4342579], [-71.017248, 42.434214], [-71.0174132, 42.4341635], [-71.0175905, 42.4340989], [-71.0177564, 42.4340388], [-71.017908, 42.433977], [-71.0179815, 42.4339543], [-71.0179851, 42.4339796], [-71.0179969, 42.4339954], [-71.0180188, 42.4340107], [-71.0180633, 42.4340345], [-71.018091, 42.4340633], [-71.0181258, 42.4341057], [-71.0181212, 42.4341298], [-71.0180934, 42.4341483], [-71.0180532, 42.4341639], [-71.0180098, 42.4341795], [-71.0179483, 42.4342034], [-71.0178814, 42.4342273], [-71.0177684, 42.4342623], [-71.017676, 42.4342934], [-71.0175053, 42.4343388], [-71.0173188, 42.4343994], [-71.0172119, 42.4344434], [-71.0170403, 42.4345068], [-71.0169241, 42.4345553], [-71.0167927, 42.4346042], [-71.0167726, 42.4346233], [-71.0167474, 42.4346474], [-71.0167043, 42.4346719], [-71.0166452, 42.4346948], [-71.0165681, 42.4347198], [-71.0164568, 42.4347441], [-71.0163501, 42.4347779], [-71.0160732, 42.4348685], [-71.0158242, 42.4349575], [-71.0157096, 42.4350166], [-71.0155931, 42.4350786], [-71.0155019, 42.4351525], [-71.0154569, 42.4352086], [-71.0153934, 42.4352629], [-71.0153143, 42.4352845], [-71.0152371, 42.4352909], [-71.0151895, 42.4352851], [-71.015134, 42.4352607], [-71.0150911, 42.4352413], [-71.0150381, 42.4352422], [-71.014997, 42.4352522], [-71.0149378, 42.4352756], [-71.0148762, 42.4353029], [-71.0147862, 42.435329], [-71.014711, 42.4353478], [-71.0146072, 42.4353682], [-71.0144792, 42.4353912], [-71.0144126, 42.4354039], [-71.0143429, 42.4354059], [-71.0142723, 42.4354056], [-71.0141903, 42.4354221], [-71.0140761, 42.4354351], [-71.0139862, 42.4354623], [-71.0138072, 42.4354604], [-71.0136054, 42.4354551], [-71.0134034, 42.4354677], [-71.0133247, 42.4354798], [-71.0133031, 42.4354696], [-71.0132911, 42.4354538], [-71.013277, 42.4354284], [-71.0132529, 42.4354075], [-71.0132067, 42.4353926], [-71.0131263, 42.4353681], [-71.013043, 42.4353599], [-71.0129633, 42.4353561], [-71.012914, 42.4353514], [-71.0128832, 42.4353271], [-71.0128588, 42.4352949], [-71.0128299, 42.4352757], [-71.0127928, 42.4352789], [-71.0127519, 42.4353114], [-71.0127412, 42.4353479], [-71.0127111, 42.4354097], [-71.0126708, 42.4354916], [-71.0125942, 42.4355909], [-71.012504, 42.4357458], [-71.0124518, 42.4358576], [-71.0124547, 42.4358795], [-71.0124843, 42.4358875], [-71.0125094, 42.4358843], [-71.012535, 42.435881], [-71.0126493, 42.435868], [-71.0128068, 42.4358535], [-71.0129978, 42.4358627], [-71.01318, 42.4358758], [-71.0133431, 42.4359007], [-71.0135202, 42.4359358], [-71.013636, 42.4359453], [-71.0138239, 42.435959], [-71.01397, 42.4359664], [-71.0140922, 42.4359613], [-71.0141787, 42.4359397], [-71.0142731, 42.4358945], [-71.014324, 42.4358722], [-71.0143801, 42.4358562], [-71.014545, 42.4358456], [-71.0147851, 42.4358601], [-71.0149197, 42.4358725], [-71.0150136, 42.4358864], [-71.0150874, 42.4359165], [-71.0151642, 42.4359591], [-71.0152345, 42.436028], [-71.0152861, 42.4361588], [-71.0153553, 42.4363661], [-71.0154172, 42.4365414], [-71.0154251, 42.4367001], [-71.0154288, 42.4367879], [-71.0154257, 42.4368497], [-71.0154131, 42.4368795], [-71.0153884, 42.4368794], [-71.0153684, 42.4368653], [-71.0153484, 42.4367982], [-71.0153191, 42.4366777], [-71.0152849, 42.436489], [-71.0152243, 42.4363115], [-71.0151472, 42.436143], [-71.015117, 42.4360759], [-71.0150321, 42.436017], [-71.0149268, 42.4359614], [-71.0148031, 42.435944], [-71.0146426, 42.4359445], [-71.014462, 42.4359741], [-71.0142365, 42.436012], [-71.0140204, 42.4360533], [-71.0138415, 42.4360655], [-71.0137413, 42.4360543], [-71.0135519, 42.4360333], [-71.0134252, 42.4360119], [-71.0132622, 42.435978], [-71.0131605, 42.4359607], [-71.0130108, 42.4359438], [-71.0129081, 42.4359411], [-71.0128338, 42.4359532], [-71.0127701, 42.435985], [-71.0127037, 42.436028], [-71.0126474, 42.4361065], [-71.0126406, 42.436156], [-71.0126374, 42.4361982], [-71.0126078, 42.4362414], [-71.0125568, 42.4362812], [-71.0125367, 42.4362985], [-71.0124819, 42.4363703], [-71.0124443, 42.4364455], [-71.0124266, 42.4365265], [-71.0124339, 42.436603], [-71.0124347, 42.4366762], [-71.0124373, 42.436737], [-71.0124311, 42.4367746], [-71.0124226, 42.4367926], [-71.0123829, 42.4367936], [-71.0123573, 42.43674], [-71.0123303, 42.4366504], [-71.0122818, 42.4364764], [-71.0122473, 42.4363716], [-71.0122093, 42.4362842], [-71.0121838, 42.4362166], [-71.0121597, 42.4361332], [-71.012134, 42.4360436], [-71.0121086, 42.4359647], [-71.0120922, 42.435896], [-71.0120835, 42.4358273], [-71.0120865, 42.4357075], [-71.0121425, 42.4355592], [-71.012207, 42.4354267], [-71.0122249, 42.4352945], [-71.0122469, 42.435244], [-71.0122546, 42.4352063], [-71.0121749, 42.4351778], [-71.0120703, 42.4351442], [-71.0119902, 42.4351185], [-71.0119239, 42.4351008], [-71.0118996, 42.4350996], [-71.0118702, 42.4350949], [-71.0118179, 42.4350992], [-71.0117589, 42.4351175], [-71.0116709, 42.435134], [-71.0115797, 42.4351348], [-71.0115107, 42.4351176], [-71.011463, 42.4350977], [-71.0114014, 42.4350794], [-71.0113444, 42.4350573], [-71.0112768, 42.4350418], [-71.0112, 42.4350268], [-71.0111398, 42.4350013], [-71.0110893, 42.4349723], [-71.0110551, 42.4349519], [-71.0110217, 42.4349287], [-71.010996, 42.434914], [-71.010962, 42.4349071], [-71.010913, 42.4349283], [-71.0107752, 42.4349035], [-71.0106967, 42.4348851], [-71.0106561, 42.434876], [-71.0106197, 42.4348753], [-71.0105569, 42.4348615], [-71.0104983, 42.4348534], [-71.0104556, 42.4348537], [-71.0104201, 42.4348204], [-71.0104023, 42.4347961], [-71.0103686, 42.4347825], [-71.010338, 42.4347615], [-71.0102953, 42.4347349], [-71.0102111, 42.434694], [-71.0100572, 42.4346517], [-71.0099621, 42.4346271], [-71.0098654, 42.4346042], [-71.0097734, 42.4345909], [-71.0097163, 42.434585], [-71.0096793, 42.4345837], [-71.0095717, 42.4345686], [-71.0095221, 42.4345515], [-71.0094671, 42.4345384], [-71.0094086, 42.4345229], [-71.0093673, 42.4345109], [-71.0092981, 42.4344994], [-71.0092577, 42.4344874], [-71.0092133, 42.4344872], [-71.0091796, 42.4344983], [-71.0091478, 42.4345252], [-71.0090436, 42.4345906], [-71.0089552, 42.4346358], [-71.0088886, 42.4346513], [-71.0088216, 42.4346678], [-71.0087247, 42.4346793], [-71.0086598, 42.4346711], [-71.0086106, 42.4346715], [-71.008555, 42.4346633], [-71.0084967, 42.434667], [-71.008447, 42.4346601], [-71.0083981, 42.4346435], [-71.0083336, 42.4346191], [-71.0082893, 42.4345969], [-71.0082418, 42.4345725], [-71.0081959, 42.4345493], [-71.0081454, 42.4345204], [-71.0080998, 42.4344937], [-71.0079837, 42.4344139], [-71.007911, 42.4343387], [-71.0078606, 42.4342997], [-71.0078333, 42.4342608], [-71.0078073, 42.4342331], [-71.0077927, 42.4342156], [-71.0077801, 42.4341975], [-71.0077337, 42.434199], [-71.0077001, 42.4342034], [-71.0076566, 42.4341987], [-71.0076261, 42.4341923], [-71.007592, 42.4341855], [-71.0075598, 42.4341752], [-71.007477, 42.4341686], [-71.0073368, 42.4341343], [-71.0072433, 42.4341243], [-71.0071999, 42.4341078], [-71.0071663, 42.4341054], [-71.0071029, 42.4341035], [-71.0070615, 42.4341022], [-71.0070214, 42.434102], [-71.0069688, 42.4341046], [-71.0069305, 42.4340999], [-71.0069054, 42.4341066], [-71.0068853, 42.4341188], [-71.0068727, 42.4341362], [-71.0068104, 42.4341832], [-71.0067226, 42.4342583], [-71.0066713, 42.4343149], [-71.0066367, 42.4343502], [-71.0066179, 42.4343692], [-71.006579, 42.4343932], [-71.00656, 42.4344112], [-71.006538, 42.4344358], [-71.0065193, 42.4344487], [-71.0064841, 42.4344587], [-71.0064529, 42.4344687], [-71.0064173, 42.4344719], [-71.0063831, 42.4344768], [-71.006357, 42.4344953], [-71.0063162, 42.4345153], [-71.0062808, 42.4345242], [-71.006245, 42.4345342], [-71.0062092, 42.4345408], [-71.0061887, 42.4345671], [-71.0061885, 42.4345896], [-71.0061988, 42.4346184], [-71.0062214, 42.4346314], [-71.0062512, 42.4346349], [-71.0063048, 42.4346295], [-71.0064751, 42.4346128], [-71.0065384, 42.4346063], [-71.0065708, 42.434611], [-71.006646, 42.4346327], [-71.0065949, 42.4346375], [-71.0065671, 42.4346526], [-71.0065334, 42.4346671], [-71.0064987, 42.4346804], [-71.006484, 42.4346894], [-71.0064508, 42.4347275], [-71.0063699, 42.4347305], [-71.0063188, 42.4347348], [-71.0062698, 42.4347346], [-71.0062282, 42.434735], [-71.0061772, 42.4347314], [-71.0061435, 42.4347205], [-71.0061035, 42.4347057], [-71.0060653, 42.4346893], [-71.0060379, 42.4346672], [-71.0060152, 42.4346373], [-71.0060097, 42.4346063], [-71.0060005, 42.4345894], [-71.0059962, 42.4345629], [-71.0060011, 42.4345427], [-71.0060261, 42.4345276], [-71.0060624, 42.4344996], [-71.0060838, 42.4344828], [-71.0061123, 42.4344588], [-71.0061445, 42.4344443], [-71.0061928, 42.4344366], [-71.006242, 42.4344368], [-71.0062825, 42.4344291], [-71.0063133, 42.4344253], [-71.0063567, 42.4344024], [-71.0064255, 42.4343796], [-71.0064658, 42.4343404], [-71.0065595, 42.4342626], [-71.0065951, 42.4342296], [-71.0066314, 42.4341937], [-71.0066766, 42.4341495], [-71.0067006, 42.4341164], [-71.0067129, 42.4340967], [-71.0067258, 42.4340788], [-71.0067355, 42.4340456], [-71.0066168, 42.4339489], [-71.0065206, 42.4338736], [-71.0064594, 42.4338334], [-71.0063707, 42.4337858], [-71.0063174, 42.4337484], [-71.0062454, 42.4337104], [-71.0061919, 42.4336787], [-71.0061551, 42.4336476], [-71.0061159, 42.4336075], [-71.006076, 42.4335786], [-71.0060319, 42.4335368], [-71.0059989, 42.4334865], [-71.0059598, 42.433438], [-71.0059138, 42.4333911], [-71.005879, 42.4333493], [-71.0058551, 42.4333205], [-71.0058367, 42.4332957], [-71.0058201, 42.433277], [-71.0057943, 42.4332561], [-71.0057697, 42.4332402], [-71.0057315, 42.4332237], [-71.0057039, 42.4332141], [-71.0056701, 42.4332072], [-71.0056067, 42.433208], [-71.0055404, 42.4332128], [-71.0054759, 42.4332238], [-71.0053777, 42.4332549], [-71.0051075, 42.433297], [-71.005005, 42.433318], [-71.0048926, 42.4333344], [-71.0048211, 42.4333521], [-71.0047302, 42.4333652], [-71.004642, 42.4333732], [-71.004597, 42.4333775], [-71.0045312, 42.4333699], [-71.0044036, 42.4333385], [-71.0043343, 42.4333162], [-71.0042596, 42.4332731], [-71.0041996, 42.4332453], [-71.0041259, 42.4332309], [-71.0040431, 42.4332024], [-71.0039575, 42.4331801], [-71.0038819, 42.4331556], [-71.0038117, 42.43313], [-71.0037025, 42.433107], [-71.0036269, 42.4330791], [-71.0035315, 42.4330624], [-71.003421, 42.4330349], [-71.0033549, 42.43302], [-71.0032948, 42.4330056], [-71.0032165, 42.432994], [-71.003023, 42.4329578], [-71.0028965, 42.4329448], [-71.0027426, 42.4329267], [-71.0026626, 42.4329134], [-71.0026042, 42.432907], [-71.0025394, 42.4328904], [-71.0024781, 42.4328778], [-71.0024104, 42.4328623], [-71.002349, 42.4328536], [-71.0023061, 42.4328489], [-71.0022613, 42.4328493], [-71.0022256, 42.4328502], [-71.002168, 42.432859], [-71.0020448, 42.4327572], [-71.0020469, 42.4327302], [-71.0020147, 42.4327193], [-71.001984, 42.4327113], [-71.0019535, 42.4327039], [-71.0019101, 42.4326969], [-71.0018624, 42.4326894], [-71.001838, 42.4326781], [-71.0017966, 42.4326627], [-71.0017739, 42.4326463], [-71.0017285, 42.4326528], [-71.0016748, 42.432616], [-71.0016397, 42.4325995], [-71.0015984, 42.4325791], [-71.0015531, 42.4325412], [-71.0015107, 42.4325005], [-71.0014671, 42.4324677], [-71.0014004, 42.4324111], [-71.0013551, 42.4323738], [-71.0013159, 42.4323348], [-71.0012751, 42.4322998], [-71.0012282, 42.4322635], [-71.0011827, 42.4322245], [-71.0011282, 42.4321781], [-71.0010828, 42.4321509], [-71.0010245, 42.4321321], [-71.0009928, 42.4321089], [-71.0009422, 42.4320896], [-71.0009072, 42.4320804], [-71.0008501, 42.4320723], [-71.0008086, 42.432062], [-71.0007624, 42.4320612], [-71.0007301, 42.432065], [-71.0007067, 42.432075], [-71.0006647, 42.4320816], [-71.00064, 42.4320787], [-71.0005912, 42.4320796], [-71.0005342, 42.4320765], [-71.0004862, 42.4320758], [-71.0004618, 42.4320835], [-71.0004146, 42.4320816], [-71.0003732, 42.4320787], [-71.0003379, 42.4320819], [-71.0003025, 42.4320845], [-71.0002436, 42.4320955], [-71.0001692, 42.4321093], [-71.0000855, 42.4321309], [-70.9999631, 42.4321658], [-70.9998697, 42.4321862], [-70.9998313, 42.4321916], [-70.9997752, 42.4322021], [-70.9997255, 42.4322188], [-70.999685, 42.4322265], [-70.9996541, 42.4322421], [-70.9995494, 42.4322788], [-70.9994714, 42.4322717], [-70.9994357, 42.4322755], [-70.999382, 42.4322702], [-70.9993403, 42.4322593], [-70.9992808, 42.4322393], [-70.9992287, 42.4322329], [-70.9992007, 42.432235], [-70.9991667, 42.4322422], [-70.9991326, 42.4322499], [-70.9990969, 42.4322526], [-70.9990538, 42.4322513], [-70.9989955, 42.4322482], [-70.9989415, 42.4322429], [-70.9988691, 42.4322398], [-70.9988051, 42.4322215], [-70.9987168, 42.4322161], [-70.9986894, 42.432203], [-70.9986495, 42.4322023], [-70.9986023, 42.4321711], [-70.9985378, 42.4321584], [-70.9984751, 42.4321407], [-70.9984187, 42.4321169], [-70.998371, 42.4320981], [-70.9983193, 42.4320793], [-70.9982322, 42.4320564], [-70.9981382, 42.4320267], [-70.998074, 42.4320107], [-70.998008, 42.4319986], [-70.997953, 42.4319899], [-70.9978882, 42.4319902], [-70.997842, 42.4319782], [-70.997762, 42.4319654], [-70.9976869, 42.4319477], [-70.9976395, 42.4319379], [-70.9976091, 42.4319237], [-70.9975657, 42.4319128], [-70.9975062, 42.4318962], [-70.9974391, 42.4318712], [-70.9973673, 42.4318304], [-70.9973021, 42.4317907], [-70.9972843, 42.4317664], [-70.9972848, 42.4317434], [-70.9972762, 42.431709], [-70.9972693, 42.4316645], [-70.9972522, 42.4316228], [-70.997245, 42.431598], [-70.9972424, 42.4315693], [-70.9972283, 42.4315237], [-70.9972553, 42.4314883], [-70.9972794, 42.4314541], [-70.9973047, 42.4314238], [-70.9973523, 42.4313728], [-70.9973835, 42.4313449], [-70.9974154, 42.4313028], [-70.9974505, 42.4312613], [-70.9974666, 42.4312349], [-70.9974687, 42.4312136], [-70.9974704, 42.431195], [-70.9974465, 42.4311606], [-70.9974041, 42.4311396], [-70.9973638, 42.4311264], [-70.9973366, 42.4311134], [-70.9973109, 42.431097], [-70.9975173, 42.430825], [-70.9975753, 42.4308404], [-70.9976092, 42.4308518], [-70.9976565, 42.4308481], [-70.9976805, 42.4308459], [-70.9977149, 42.4308427]]]}, "properties": {"name": "Boston Water"}}, {"type": "Feature", "geometry": {"type": "Polygon", "coordinates": [[[-71.0626988, 42.4389], [-71.0626645, 42.4388996], [-71.0626043, 42.438897], [-71.0624995, 42.438873], [-71.0624021, 42.4388484], [-71.0623006, 42.4388118], [-71.0622065, 42.4387988], [-71.062173, 42.4388035], [-71.0621669, 42.4388152], [-71.0621528, 42.4388583], [-71.0621275, 42.4388786], [-71.0620975, 42.4388868], [-71.0620451, 42.4388841], [-71.062035, 42.4388734], [-71.0620251, 42.4388675], [-71.0619999, 42.4388582], [-71.0619823, 42.4388257], [-71.0619711, 42.4387657], [-71.0619584, 42.4387465], [-71.0619508, 42.4386544], [-71.0619519, 42.4385748], [-71.0619966, 42.4384452], [-71.0620387, 42.4383824], [-71.0620998, 42.4383016], [-71.0621636, 42.4382209], [-71.0622433, 42.438157], [-71.0623308, 42.4381263], [-71.0623954, 42.438105], [-71.0624553, 42.4380987], [-71.0625185, 42.4381063], [-71.0625812, 42.4381268], [-71.062615, 42.4381563], [-71.062652, 42.4382122], [-71.0627242, 42.4383363], [-71.0627557, 42.4384047], [-71.0627881, 42.4384682], [-71.0628403, 42.4385574], [-71.0629195, 42.4386569], [-71.062996, 42.4387558], [-71.0630365, 42.4388188], [-71.0630519, 42.4388637], [-71.063065, 42.4389149], [-71.0630606, 42.4390234], [-71.0630447, 42.4390575], [-71.0630163, 42.4390714], [-71.0629839, 42.4390899], [-71.0629557, 42.4391078], [-71.062932, 42.4391286], [-71.0628987, 42.4391225], [-71.0628848, 42.4390869], [-71.0628726, 42.4390635], [-71.0628491, 42.4390543], [-71.0628253, 42.4390552], [-71.0628009, 42.4390664], [-71.0627884, 42.4390586], [-71.0627816, 42.4390352], [-71.0627845, 42.4390007], [-71.0627836, 42.43896], [-71.0627825, 42.4389353], [-71.0627886, 42.4389076], [-71.0627875, 42.4388811], [-71.0627785, 42.4388746], [-71.0627594, 42.4388716], [-71.0627432, 42.4388796], [-71.0627257, 42.4388966], [-71.0626988, 42.4389]]]}, "properties": {"name": "Boston Water"}}, {"type": "Feature", "geometry": {"type": "Polygon", "coordinates": [[[-70.9848727, 42.4591427], [-70.9847968, 42.4591122], [-70.9847452, 42.4590874], [-70.9847068, 42.4590598], [-70.9846864, 42.4590248], [-70.9846854, 42.4589982], [-70.9846892, 42.4589689], [-70.9847004, 42.4589283], [-70.9847277, 42.4589007], [-70.9847493, 42.4588673], [-70.9847862, 42.4588355], [-70.9848239, 42.4588033], [-70.9848587, 42.4587711], [-70.9848881, 42.4587483], [-70.9849218, 42.458728], [-70.9849527, 42.4587146], [-70.9849758, 42.4587006], [-70.98499, 42.4586849], [-70.9850009, 42.4586704], [-70.9850163, 42.458644], [-70.9850339, 42.4586131], [-70.9850602, 42.4585744], [-70.9850745, 42.4585458], [-70.9850846, 42.4585287], [-70.9850964, 42.4585113], [-70.9851156, 42.4584965], [-70.9851515, 42.4584706], [-70.985185, 42.4584392], [-70.9852375, 42.458418], [-70.9852724, 42.4584048], [-70.9852852, 42.4583913], [-70.9853241, 42.4583678], [-70.9853554, 42.4583521], [-70.98539, 42.4583396], [-70.985441, 42.4583207], [-70.985488, 42.4583011], [-70.9855166, 42.4582819], [-70.9855376, 42.4582743], [-70.9855655, 42.4582621], [-70.9855959, 42.4582502], [-70.985626, 42.4582272], [-70.9856558, 42.4582004], [-70.98567, 42.4581791], [-70.9856939, 42.4581508], [-70.9857098, 42.4581301], [-70.9857427, 42.4581065], [-70.9857737, 42.458094], [-70.9858105, 42.4580779], [-70.9858547, 42.4580642], [-70.985886, 42.4580384], [-70.9859114, 42.4580195], [-70.9859486, 42.4580011], [-70.9859787, 42.4579866], [-70.9860136, 42.4579743], [-70.9860471, 42.4579676], [-70.9860794, 42.4579381], [-70.9861088, 42.4579146], [-70.9861411, 42.4578768], [-70.9861825, 42.4578383], [-70.986197, 42.4578267], [-70.9862065, 42.4578207], [-70.9862147, 42.4578088], [-70.9862204, 42.4578057], [-70.9862251, 42.4578064], [-70.986228, 42.4578126], [-70.9862255, 42.457824], [-70.9862249, 42.4578308], [-70.9862282, 42.4578322], [-70.9862332, 42.4578313], [-70.9862494, 42.4578255], [-70.9862852, 42.4578085], [-70.9863152, 42.4577751], [-70.9863677, 42.4577255], [-70.9863938, 42.457706], [-70.9864364, 42.4576791], [-70.9864569, 42.4576619], [-70.9864633, 42.4576415], [-70.9864798, 42.4576187], [-70.9864938, 42.4576066], [-70.9865133, 42.4575939], [-70.9865247, 42.4575818], [-70.9865262, 42.4575687], [-70.9865318, 42.4575521], [-70.9865529, 42.457535], [-70.9865842, 42.457509], [-70.9866116, 42.4574852], [-70.9866432, 42.4574528], [-70.9866712, 42.4574208], [-70.9866975, 42.4573922], [-70.9867133, 42.457367], [-70.9867191, 42.457349], [-70.9867351, 42.4573215], [-70.9867457, 42.4572991], [-70.9867604, 42.4572575], [-70.9867731, 42.4572313], [-70.9867872, 42.4572086], [-70.9867973, 42.4571789], [-70.9868187, 42.4571527], [-70.9868275, 42.4571363], [-70.9868382, 42.4571235], [-70.9868524, 42.457097], [-70.9868496, 42.457066], [-70.9868498, 42.4570407], [-70.9868546, 42.4570126], [-70.9868549, 42.4569737], [-70.9868348, 42.4569456], [-70.9868286, 42.4569168], [-70.9868208, 42.4568605], [-70.9868099, 42.4568456], [-70.9868049, 42.4568258], [-70.9867895, 42.456777], [-70.9867776, 42.4567324], [-70.9867629, 42.4566903], [-70.9867553, 42.4566558], [-70.9867528, 42.4566154], [-70.9867347, 42.4565709], [-70.9867256, 42.4565467], [-70.9867084, 42.4565294], [-70.9866899, 42.4565061], [-70.9866664, 42.4564718], [-70.9866607, 42.4564393], [-70.9866524, 42.4564115], [-70.9866387, 42.456377], [-70.9866302, 42.456352], [-70.9866216, 42.4563446], [-70.986619, 42.4563333], [-70.9866178, 42.4563196], [-70.9866285, 42.4563126], [-70.9866369, 42.4562953], [-70.9866477, 42.4562733], [-70.9866697, 42.4562731], [-70.9867093, 42.4562771], [-70.9867717, 42.4562806], [-70.9868357, 42.4562798], [-70.9868751, 42.4562794], [-70.9868589, 42.4562761], [-70.9868167, 42.4562717], [-70.9867551, 42.4562633], [-70.9866951, 42.4562525], [-70.9866458, 42.4562282], [-70.9866349, 42.4562124], [-70.9866211, 42.4561949], [-70.9866146, 42.4561782], [-70.9866056, 42.4561404], [-70.9866011, 42.4561128], [-70.9866017, 42.4560947], [-70.9866133, 42.4560856], [-70.9866202, 42.4560804], [-70.9866311, 42.4560744], [-70.9866344, 42.4560688], [-70.986628, 42.4560513], [-70.9866112, 42.4560398], [-70.9865996, 42.4560309], [-70.9865955, 42.4560165], [-70.9866076, 42.4560074], [-70.9866178, 42.4559983], [-70.986624, 42.4559836], [-70.9866221, 42.4559691], [-70.9866165, 42.4559557], [-70.9866079, 42.4559394], [-70.986607, 42.4559202], [-70.9865996, 42.4559091], [-70.9865966, 42.4558984], [-70.9865938, 42.4558742], [-70.9865922, 42.4558506], [-70.9865863, 42.4558225], [-70.9865839, 42.4558092], [-70.9865903, 42.4558019], [-70.9866131, 42.4557984], [-70.9866671, 42.4558], [-70.9867129, 42.4558038], [-70.9867501, 42.455808], [-70.986826, 42.455811], [-70.9869218, 42.4558161], [-70.9869825, 42.4558203], [-70.9870375, 42.4558222], [-70.9870114, 42.4558178], [-70.986922, 42.4558084], [-70.9868575, 42.4558028], [-70.9868051, 42.4557959], [-70.9867584, 42.4557891], [-70.9867207, 42.4557879], [-70.9866712, 42.4557781], [-70.9866413, 42.4557704], [-70.9866158, 42.4557629], [-70.9866053, 42.4557512], [-70.9865933, 42.4557312], [-70.9865934, 42.4557171], [-70.9866048, 42.4557004], [-70.9866157, 42.4556836], [-70.9866034, 42.45567], [-70.9865956, 42.4556481], [-70.9865914, 42.4556295], [-70.9865833, 42.4555895], [-70.986583, 42.4555735], [-70.986586, 42.4555593], [-70.9866228, 42.4555539], [-70.9866619, 42.4555547], [-70.9867046, 42.4555568], [-70.9867466, 42.4555588], [-70.986802, 42.4555596], [-70.9868412, 42.4555637], [-70.9868829, 42.4555677], [-70.9868687, 42.4555642], [-70.9868165, 42.4555572], [-70.9867745, 42.4555519], [-70.9867335, 42.4555476], [-70.9866961, 42.4555446], [-70.9866529, 42.4555399], [-70.9866259, 42.4555304], [-70.9865956, 42.4555191], [-70.9865777, 42.4555093], [-70.9865696, 42.4554933], [-70.9865558, 42.4554762], [-70.9865479, 42.4554597], [-70.9865305, 42.45544], [-70.9865199, 42.4554159], [-70.9865193, 42.4553815], [-70.9865286, 42.455341], [-70.986549, 42.4553017], [-70.9865598, 42.4552713], [-70.9865633, 42.4552438], [-70.9865713, 42.4552287], [-70.9865845, 42.4552226], [-70.9866008, 42.4552188], [-70.986627, 42.455216], [-70.9866628, 42.4552188], [-70.9867011, 42.4552217], [-70.9867386, 42.455222], [-70.9867966, 42.4552264], [-70.9868466, 42.4552311], [-70.9868201, 42.4552245], [-70.9867641, 42.4552153], [-70.9867219, 42.4552116], [-70.986685, 42.4552027], [-70.9866311, 42.4551829], [-70.9866173, 42.4551691], [-70.9866136, 42.4551532], [-70.9866166, 42.4551359], [-70.9866291, 42.4550996], [-70.9866353, 42.4550822], [-70.9866445, 42.4550682], [-70.9866672, 42.4550632], [-70.9866977, 42.4550565], [-70.9867604, 42.4550629], [-70.9867809, 42.4550622], [-70.9867416, 42.4550577], [-70.9866826, 42.4550473], [-70.9866476, 42.4550457], [-70.9866592, 42.4550221], [-70.9866731, 42.4549957], [-70.9866816, 42.4549816], [-70.986696, 42.4549608], [-70.986715, 42.4549428], [-70.9867414, 42.4549168], [-70.9867755, 42.4548935], [-70.98681, 42.4548719], [-70.9868405, 42.4548583], [-70.986868, 42.4548472], [-70.9869039, 42.4548368], [-70.9869291, 42.4548339], [-70.9869559, 42.4548343], [-70.9870005, 42.4548321], [-70.9870337, 42.4548358], [-70.9870665, 42.454839], [-70.9870933, 42.4548467], [-70.9871168, 42.4548596], [-70.9871443, 42.4548719], [-70.9871554, 42.4548833], [-70.9871855, 42.4548994], [-70.9872211, 42.4549251], [-70.9872462, 42.4549484], [-70.9872539, 42.4549687], [-70.9872583, 42.4549887], [-70.9872734, 42.455011], [-70.9872834, 42.4550332], [-70.9872955, 42.4550471], [-70.9873032, 42.455075], [-70.9873129, 42.4551057], [-70.987329, 42.4551406], [-70.9873388, 42.455169], [-70.9873428, 42.4551901], [-70.9873381, 42.4552287], [-70.9873391, 42.4552628], [-70.9873321, 42.4552873], [-70.9873424, 42.4553026], [-70.9873572, 42.4553239], [-70.9873622, 42.4553442], [-70.9873666, 42.4553709], [-70.9873663, 42.455389], [-70.9873642, 42.4554035], [-70.9873545, 42.4554184], [-70.9873367, 42.4554199], [-70.9873207, 42.4554243], [-70.9873207, 42.455433], [-70.9873183, 42.4554468], [-70.987328, 42.4554629], [-70.9873277, 42.4554773], [-70.987324, 42.4554938], [-70.9873025, 42.455506], [-70.9872808, 42.4555062], [-70.9872442, 42.4555055], [-70.9872013, 42.4554995], [-70.9871681, 42.4554966], [-70.9871235, 42.455498], [-70.9871091, 42.4555], [-70.9871483, 42.4555025], [-70.9871735, 42.4555027], [-70.9872087, 42.4555097], [-70.9872516, 42.4555171], [-70.9872905, 42.4555245], [-70.9873106, 42.4555371], [-70.9873294, 42.4555559], [-70.9873411, 42.4555794], [-70.9873427, 42.4556069], [-70.9873307, 42.4556301], [-70.9873367, 42.4556598], [-70.9873307, 42.4556828], [-70.987324, 42.4557113], [-70.9873156, 42.4557385], [-70.9873066, 42.4557652], [-70.9873056, 42.4558144], [-70.9873103, 42.4558476], [-70.9873012, 42.4558745], [-70.9872992, 42.4559017], [-70.9872851, 42.4559111], [-70.9872754, 42.4559282], [-70.9872741, 42.4559413], [-70.9872831, 42.4559497], [-70.9872851, 42.455975], [-70.9872794, 42.4560091], [-70.987267, 42.4560385], [-70.9872754, 42.4560502], [-70.9872777, 42.4560776], [-70.9872764, 42.456114], [-70.9872734, 42.4561491], [-70.9872714, 42.4561753], [-70.987259, 42.4561966], [-70.9872415, 42.4562191], [-70.9872228, 42.4562263], [-70.9872144, 42.4562369], [-70.9872432, 42.4562389], [-70.9872539, 42.4562597], [-70.9872352, 42.4562829], [-70.987215, 42.4563084], [-70.9872063, 42.4563126], [-70.9872217, 42.4563233], [-70.9872291, 42.4563386], [-70.9872305, 42.4563562], [-70.9872264, 42.4563797], [-70.9871943, 42.456396], [-70.9871872, 42.4564064], [-70.9871926, 42.4564187], [-70.987211, 42.4564274], [-70.9872217, 42.4564365], [-70.9872308, 42.4564482], [-70.9872378, 42.4564714], [-70.9872392, 42.4564858], [-70.9872315, 42.4564942], [-70.9872154, 42.4564929], [-70.9871946, 42.4564929], [-70.9871845, 42.456507], [-70.9871966, 42.4565152], [-70.9872382, 42.4565352], [-70.9872425, 42.4565546], [-70.9872365, 42.4565612], [-70.9872194, 42.4565813], [-70.9872067, 42.4565958], [-70.9871963, 42.4566124], [-70.987208, 42.4566278], [-70.98721, 42.4566414], [-70.9872032, 42.4566625], [-70.9871993, 42.4566753], [-70.9871855, 42.4566777], [-70.9871708, 42.4566753], [-70.987155, 42.456678], [-70.987145, 42.4566861], [-70.987146, 42.4566945], [-70.9871527, 42.456701], [-70.9871782, 42.4567047], [-70.9871871, 42.4567159], [-70.9871832, 42.4567464], [-70.9871766, 42.4567784], [-70.9871672, 42.456813], [-70.987167, 42.4568462], [-70.9871584, 42.4568774], [-70.9871408, 42.4569147], [-70.9871348, 42.4569432], [-70.9871172, 42.45697], [-70.9871042, 42.4569963], [-70.9870926, 42.4570152], [-70.987071, 42.4570453], [-70.9870551, 42.4570818], [-70.9870449, 42.4571025], [-70.9870281, 42.4571346], [-70.9870113, 42.4571608], [-70.9870107, 42.4571894], [-70.9870028, 42.4572127], [-70.9869722, 42.4572423], [-70.986954, 42.4572686], [-70.9869474, 42.4572933], [-70.9869367, 42.4573081], [-70.986914, 42.4573176], [-70.986909, 42.4573337], [-70.9869182, 42.4573534], [-70.9869287, 42.45736], [-70.9869215, 42.457373], [-70.9869086, 42.4573768], [-70.986886, 42.4573785], [-70.9868616, 42.4573968], [-70.9868163, 42.4574322], [-70.9867682, 42.4574702], [-70.9867378, 42.4575212], [-70.9867072, 42.4575388], [-70.986683, 42.4575595], [-70.9866588, 42.4575751], [-70.9866492, 42.4575962], [-70.9866094, 42.4576232], [-70.9865714, 42.4576751], [-70.9865328, 42.4577168], [-70.9864911, 42.4577608], [-70.9864525, 42.4577978], [-70.9864228, 42.4578231], [-70.9864047, 42.457843], [-70.9863858, 42.4578671], [-70.9863609, 42.4578968], [-70.9863364, 42.4579226], [-70.9863289, 42.4579398], [-70.986317, 42.4579589], [-70.9862964, 42.4579954], [-70.9862904, 42.4580128], [-70.9862809, 42.4580308], [-70.9862626, 42.4580478], [-70.9862388, 42.4580796], [-70.9862071, 42.4581081], [-70.9861492, 42.4581686], [-70.9860971, 42.4582072], [-70.9860545, 42.4582429], [-70.9860107, 42.4582816], [-70.985968, 42.4583321], [-70.9859204, 42.4583919], [-70.9858793, 42.4584571], [-70.9858476, 42.4585163], [-70.9858057, 42.4585795], [-70.9857754, 42.4586499], [-70.9857503, 42.4586962], [-70.9857197, 42.4587504], [-70.9856977, 42.458786], [-70.985669, 42.4588245], [-70.9856326, 42.458855], [-70.9856058, 42.4588732], [-70.985577, 42.4588909], [-70.9855465, 42.4589056], [-70.9855101, 42.4589161], [-70.9854829, 42.4589242], [-70.9854384, 42.4589353], [-70.9854021, 42.4589592], [-70.9853783, 42.4589657], [-70.9853404, 42.4589722], [-70.9853179, 42.4589851], [-70.985294, 42.4590045], [-70.9852611, 42.4590159], [-70.9852234, 42.4590401], [-70.9851823, 42.4590799], [-70.9851574, 42.4591133], [-70.9851365, 42.4591238], [-70.9851166, 42.4591325], [-70.9850998, 42.4591392], [-70.9850662, 42.4591486], [-70.9850335, 42.4591616], [-70.9849946, 42.459163], [-70.9849372, 42.4591556], [-70.9848727, 42.4591427]]]}, "properties": {"name": "Boston Water"}}]}